fecha,ticker,cierre,cierre_sin_ajuste
2023-05-01,AAPL,166.870407,169.589996
2023-05-02,AAPL,165.837265,168.539993
2023-05-03,AAPL,164.764740,167.449997
2023-05-04,AAPL,163.131363,165.789993
2023-05-05,AAPL,170.786591,173.570007
2023-05-08,AAPL,170.717712,173.500000
2023-05-09,AAPL,169.015442,171.770004
2023-05-10,AAPL,170.776764,173.559998
2023-05-11,AAPL,170.963715,173.750000
2023-05-12,AAPL,170.037506,172.570007
2023-05-15,AAPL,169.544846,172.070007
2023-05-16,AAPL,169.544846,172.070007
2023-05-17,AAPL,170.155777,172.690002
2023-05-18,AAPL,172.481125,175.050003
2023-05-19,AAPL,172.589508,175.160004
2023-05-22,AAPL,171.643585,174.199997
2023-05-23,AAPL,169.042313,171.559998
2023-05-24,AAPL,169.318192,171.839996
2023-05-25,AAPL,170.451355,172.990005
2023-05-26,AAPL,172.855530,175.429993
2023-05-30,AAPL,174.698090,177.300003
2023-05-31,AAPL,174.648849,177.250000
2023-06-01,AAPL,177.447144,180.089996
2023-06-02,AAPL,178.294540,180.949997
2023-06-05,AAPL,176.944626,179.580002
2023-06-06,AAPL,176.580078,179.210007
2023-06-07,AAPL,175.210464,177.820007
2023-06-08,AAPL,177.920090,180.570007
2023-06-09,AAPL,178.304398,180.960007
2023-06-12,AAPL,181.092850,183.789993
2023-06-13,AAPL,180.619904,183.309998
2023-06-14,AAPL,181.250504,183.949997
2023-06-15,AAPL,183.280304,186.009995
2023-06-16,AAPL,182.206253,184.919998
2023-06-20,AAPL,182.294922,185.009995
2023-06-21,AAPL,181.260376,183.960007
2023-06-22,AAPL,184.255737,187.000000
2023-06-23,AAPL,183.940430,186.679993
2023-06-26,AAPL,182.551163,185.270004
2023-06-27,AAPL,185.300171,188.059998
2023-06-28,AAPL,186.472717,189.250000
2023-06-29,AAPL,186.807724,189.589996
2023-06-30,AAPL,191.123459,193.970001
2023-07-03,AAPL,189.635620,192.460007
2023-07-05,AAPL,188.522186,191.330002
2023-07-06,AAPL,188.995163,191.809998
2023-07-07,AAPL,187.881744,190.679993
2023-07-10,AAPL,185.842102,188.610001
2023-07-11,AAPL,185.319870,188.080002
2023-07-12,AAPL,186.985123,189.770004
2023-07-13,AAPL,187.743790,190.539993
2023-07-14,AAPL,187.891571,190.690002
2023-07-17,AAPL,191.143188,193.990005
2023-07-18,AAPL,190.886993,193.729996
2023-07-19,AAPL,192.236893,195.100006
2023-07-20,AAPL,190.295776,193.130005
2023-07-21,AAPL,189.123245,191.940002
2023-07-24,AAPL,189.921356,192.750000
2023-07-25,AAPL,190.778610,193.619995
2023-07-26,AAPL,191.645676,194.500000
2023-07-27,AAPL,190.384460,193.220001
2023-07-28,AAPL,192.956177,195.830002
2023-07-31,AAPL,193.567032,196.449997
2023-08-01,AAPL,192.739395,195.610001
2023-08-02,AAPL,189.753860,192.580002
2023-08-03,AAPL,188.364548,191.169998
2023-08-04,AAPL,179.319290,181.990005
2023-08-07,AAPL,176.225372,178.850006
2023-08-08,AAPL,177.161423,179.800003
2023-08-09,AAPL,175.575027,178.190002
2023-08-10,AAPL,175.358276,177.970001
2023-08-11,AAPL,175.417450,177.789993
2023-08-14,AAPL,177.065186,179.460007
2023-08-15,AAPL,175.081985,177.449997
2023-08-16,AAPL,174.213730,176.570007
2023-08-17,AAPL,171.678024,174.000000
2023-08-18,AAPL,172.161499,174.490005
2023-08-21,AAPL,173.493484,175.839996
2023-08-22,AAPL,174.864929,177.229996
2023-08-23,AAPL,178.703033,181.119995
2023-08-24,AAPL,174.026276,176.380005
2023-08-25,AAPL,176.226532,178.610001
2023-08-28,AAPL,177.785477,180.190002
2023-08-29,AAPL,181.662994,184.119995
2023-08-30,AAPL,185.145874,187.649994
2023-08-31,AAPL,185.362946,187.869995
2023-09-01,AAPL,186.931686,189.460007
2023-09-05,AAPL,187.168533,189.699997
2023-09-06,AAPL,180.469147,182.910004
2023-09-07,AAPL,175.190536,177.559998
2023-09-08,AAPL,175.802231,178.179993
2023-09-11,AAPL,176.966507,179.360001
2023-09-12,AAPL,173.947342,176.300003
2023-09-13,AAPL,171.885254,174.210007
2023-09-14,AAPL,173.394836,175.740005
2023-09-15,AAPL,172.674545,175.009995
2023-09-18,AAPL,175.595047,177.970001
2023-09-19,AAPL,176.680405,179.070007
2023-09-20,AAPL,173.148178,175.490005
2023-09-21,AAPL,171.608963,173.929993
2023-09-22,AAPL,172.457489,174.789993
2023-09-25,AAPL,173.730301,176.080002
2023-09-26,AAPL,169.665268,171.960007
2023-09-27,AAPL,168.155685,170.429993
2023-09-28,AAPL,168.412201,170.690002
2023-09-29,AAPL,168.925262,171.210007
2023-10-02,AAPL,171.431366,173.750000
2023-10-03,AAPL,170.099380,172.399994
2023-10-04,AAPL,171.342590,173.660004
2023-10-05,AAPL,172.575912,174.910004
2023-10-06,AAPL,175.121460,177.490005
2023-10-09,AAPL,176.601456,178.990005
2023-10-10,AAPL,176.009445,178.389999
2023-10-11,AAPL,177.400650,179.800003
2023-10-12,AAPL,178.298492,180.710007
2023-10-13,AAPL,176.463333,178.850006
2023-10-16,AAPL,176.335037,178.720001
2023-10-17,AAPL,174.785980,177.149994
2023-10-18,AAPL,173.493484,175.839996
2023-10-19,AAPL,173.118561,175.460007
2023-10-20,AAPL,170.572983,172.880005
2023-10-23,AAPL,170.691360,173.000000
2023-10-24,AAPL,171.125504,173.440002
2023-10-25,AAPL,168.816742,171.100006
2023-10-26,AAPL,164.662918,166.889999
2023-10-27,AAPL,165.975189,168.220001
2023-10-30,AAPL,168.017532,170.289993
2023-10-31,AAPL,168.491150,170.770004
2023-11-01,AAPL,171.648438,173.970001
2023-11-02,AAPL,175.200394,177.570007
2023-11-03,AAPL,174.292694,176.649994
2023-11-06,AAPL,176.838257,179.229996
2023-11-07,AAPL,179.393692,181.820007
2023-11-08,AAPL,180.449402,182.889999
2023-11-09,AAPL,179.975830,182.410004
2023-11-10,AAPL,184.154846,186.399994
2023-11-13,AAPL,182.574142,184.800003
2023-11-14,AAPL,185.182327,187.440002
2023-11-15,AAPL,185.745468,188.009995
2023-11-16,AAPL,187.425003,189.710007
2023-11-17,AAPL,187.405258,189.690002
2023-11-20,AAPL,189.144012,191.449997
2023-11-21,AAPL,188.343781,190.639999
2023-11-22,AAPL,189.005722,191.309998
2023-11-24,AAPL,187.681885,189.970001
2023-11-27,AAPL,187.504028,189.789993
2023-11-28,AAPL,188.106674,190.399994
2023-11-29,AAPL,187.089096,189.369995
2023-11-30,AAPL,187.662064,189.949997
2023-12-01,AAPL,188.936569,191.240005
2023-12-04,AAPL,187.148361,189.429993
2023-12-05,AAPL,191.090317,193.419998
2023-12-06,AAPL,190.003571,192.320007
2023-12-07,AAPL,191.930038,194.270004
2023-12-08,AAPL,193.352722,195.710007
2023-12-11,AAPL,190.853180,193.179993
2023-12-12,AAPL,192.364777,194.710007
2023-12-13,AAPL,195.575607,197.960007
2023-12-14,AAPL,195.723831,198.110001
2023-12-15,AAPL,195.190338,197.570007
2023-12-18,AAPL,193.530533,195.889999
2023-12-19,AAPL,194.567902,196.940002
2023-12-20,AAPL,192.483307,194.830002
2023-12-21,AAPL,192.335098,194.679993
2023-12-22,AAPL,191.268127,193.600006
2023-12-26,AAPL,190.724762,193.050003
2023-12-27,AAPL,190.823563,193.149994
2023-12-28,AAPL,191.248398,193.580002
2023-12-29,AAPL,190.211014,192.529999
2024-01-02,AAPL,183.404022,185.639999
2024-01-03,AAPL,182.030746,184.250000
2024-01-04,AAPL,179.718948,181.910004
2024-01-05,AAPL,178.997711,181.179993
2024-01-08,AAPL,183.324966,185.559998
2024-01-09,AAPL,182.910019,185.139999
2024-01-10,AAPL,183.947403,186.190002
2024-01-11,AAPL,183.354630,185.589996
2024-01-12,AAPL,183.680634,185.919998
2024-01-16,AAPL,181.418228,183.630005
2024-01-17,AAPL,180.479645,182.679993
2024-01-18,AAPL,186.358002,188.630005
2024-01-19,AAPL,189.252716,191.559998
2024-01-22,AAPL,191.554626,193.889999
2024-01-23,AAPL,192.829086,195.179993
2024-01-24,AAPL,192.157303,194.500000
2024-01-25,AAPL,191.831268,194.169998
2024-01-26,AAPL,190.102341,192.419998
2024-01-29,AAPL,189.420654,191.729996
2024-01-30,AAPL,185.775085,188.039993
2024-01-31,AAPL,182.178940,184.399994
2024-02-01,AAPL,184.609314,186.860001
2024-02-02,AAPL,183.611496,185.850006
2024-02-05,AAPL,185.419418,187.679993
2024-02-06,AAPL,187.019928,189.300003
2024-02-07,AAPL,187.128586,189.410004
2024-02-08,AAPL,186.051727,188.320007
2024-02-09,AAPL,186.813446,188.850006
2024-02-12,AAPL,185.131775,187.149994
2024-02-13,AAPL,183.044495,185.039993
2024-02-14,AAPL,182.164093,184.149994
2024-02-15,AAPL,181.877228,183.860001
2024-02-16,AAPL,180.343964,182.309998
2024-02-20,AAPL,179.602020,181.559998
2024-02-21,AAPL,180.353836,182.320007
2024-02-22,AAPL,182.381760,184.369995
2024-02-23,AAPL,180.551697,182.520004
2024-02-26,AAPL,179.206360,181.160004
2024-02-27,AAPL,180.660507,182.630005
2024-02-28,AAPL,179.463547,181.419998
2024-02-29,AAPL,178.800766,180.750000
2024-03-01,AAPL,177.722549,179.660004
2024-03-04,AAPL,173.211716,175.100006
2024-03-05,AAPL,168.285385,170.119995
2024-03-06,AAPL,167.296173,169.119995
2024-03-07,AAPL,167.177505,169.000000
2024-03-08,AAPL,168.888824,170.729996
2024-03-11,AAPL,170.887054,172.750000
2024-03-12,AAPL,171.361862,173.229996
2024-03-13,AAPL,169.284531,171.130005
2024-03-14,AAPL,171.134338,173.000000
2024-03-15,AAPL,170.758423,172.619995
2024-03-18,AAPL,171.846603,173.720001
2024-03-19,AAPL,174.181122,176.080002
2024-03-20,AAPL,176.743195,178.669998
2024-03-21,AAPL,169.521942,171.369995
2024-03-22,AAPL,170.422119,172.279999
2024-03-25,AAPL,169.007538,170.850006
2024-03-26,AAPL,167.879837,169.710007
2024-03-27,AAPL,171.441025,173.309998
2024-03-28,AAPL,169.630737,171.479996
2024-04-01,AAPL,168.196396,170.029999
2024-04-02,AAPL,167.019196,168.839996
2024-04-03,AAPL,167.820465,169.649994
2024-04-04,AAPL,166.999420,168.820007
2024-04-05,AAPL,167.751221,169.580002
2024-04-08,AAPL,166.633453,168.449997
2024-04-09,AAPL,167.840286,169.669998
2024-04-10,AAPL,165.970627,167.779999
2024-04-11,AAPL,173.152328,175.039993
2024-04-12,AAPL,174.646103,176.550003
2024-04-15,AAPL,170.827682,172.690002
2024-04-16,AAPL,167.553391,169.380005
2024-04-17,AAPL,166.188278,168.000000
2024-04-18,AAPL,165.238617,167.039993
2024-04-19,AAPL,163.220612,165.000000
2024-04-22,AAPL,164.051529,165.839996
2024-04-23,AAPL,165.100128,166.899994
2024-04-24,AAPL,167.197296,169.020004
2024-04-25,AAPL,168.057892,169.889999
2024-04-26,AAPL,167.474243,169.300003
2024-04-29,AAPL,171.628937,173.500000
2024-04-30,AAPL,168.493134,170.330002
2024-05-01,AAPL,167.474243,169.300003
2024-05-02,AAPL,171.164017,173.029999
2024-05-03,AAPL,181.402435,183.380005
2024-05-06,AAPL,179.750412,181.710007
2024-05-07,AAPL,180.432968,182.399994
2024-05-08,AAPL,180.769318,182.740005
2024-05-09,AAPL,182.579590,184.570007
2024-05-10,AAPL,181.321594,183.050003
2024-05-13,AAPL,184.521088,186.279999
2024-05-14,AAPL,185.660202,187.429993
2024-05-15,AAPL,187.928604,189.720001
2024-05-16,AAPL,188.047455,189.839996
2024-05-17,AAPL,188.077179,189.869995
2024-05-20,AAPL,189.236115,191.039993
2024-05-21,AAPL,190.533768,192.350006
2024-05-22,AAPL,189.097443,190.899994
2024-05-23,AAPL,185.115433,186.880005
2024-05-24,AAPL,188.186142,189.979996
2024-05-28,AAPL,188.196030,189.990005
2024-05-29,AAPL,188.493225,190.289993
2024-05-30,AAPL,189.483765,191.289993
2024-05-31,AAPL,190.434708,192.250000
2023-05-01,AAXJ,62.362713,66.470001
2023-05-02,AAXJ,61.771629,65.839996
2023-05-03,AAXJ,61.696579,65.760002
2023-05-04,AAXJ,62.203217,66.300003
2023-05-05,AAXJ,62.925640,67.070000
2023-05-08,AAXJ,62.944389,67.089996
2023-05-09,AAXJ,62.362713,66.470001
2023-05-10,AAXJ,62.343952,66.449997
2023-05-11,AAXJ,62.071869,66.160004
2023-05-12,AAXJ,61.133663,65.160004
2023-05-15,AAXJ,62.597263,66.720001
2023-05-16,AAXJ,62.006187,66.089996
2023-05-17,AAXJ,62.203217,66.300003
2023-05-18,AAXJ,61.884220,65.959999
2023-05-19,AAXJ,62.024960,66.110001
2023-05-22,AAXJ,62.559734,66.680000
2023-05-23,AAXJ,61.537090,65.589996
2023-05-24,AAXJ,61.030464,65.050003
2023-05-25,AAXJ,60.899109,64.910004
2023-05-26,AAXJ,62.015575,66.099998
2023-05-30,AAXJ,61.246243,65.279999
2023-05-31,AAXJ,60.805279,64.809998
2023-06-01,AAXJ,61.762260,65.830002
2023-06-02,AAXJ,62.897488,67.040001
2023-06-05,AAXJ,62.728611,66.860001
2023-06-06,AAXJ,63.197712,67.360001
2023-06-07,AAXJ,62.845695,66.589996
2023-06-08,AAXJ,63.289261,67.059998
2023-06-09,AAXJ,63.449703,67.230003
2023-06-12,AAXJ,63.676208,67.470001
2023-06-13,AAXJ,64.440651,68.279999
2023-06-14,AAXJ,64.752106,68.610001
2023-06-15,AAXJ,65.242859,69.129997
2023-06-16,AAXJ,65.082428,68.959999
2023-06-20,AAXJ,63.553516,67.339996
2023-06-21,AAXJ,63.194881,66.959999
2023-06-22,AAXJ,63.119381,66.879997
2023-06-23,AAXJ,62.100117,65.800003
2023-06-26,AAXJ,62.298306,66.010002
2023-06-27,AAXJ,63.062763,66.820000
2023-06-28,AAXJ,62.713558,66.449997
2023-06-29,AAXJ,62.203930,65.910004
2023-06-30,AAXJ,62.704128,66.440002
2023-07-03,AAXJ,63.449703,67.230003
2023-07-05,AAXJ,62.949501,66.699997
2023-07-06,AAXJ,61.769783,65.449997
2023-07-07,AAXJ,62.336063,66.050003
2023-07-10,AAXJ,62.439869,66.160004
2023-07-11,AAXJ,63.091076,66.849998
2023-07-12,AAXJ,64.431221,68.269997
2023-07-13,AAXJ,65.337242,69.230003
2023-07-14,AAXJ,65.006927,68.879997
2023-07-17,AAXJ,65.006927,68.879997
2023-07-18,AAXJ,64.384033,68.220001
2023-07-19,AAXJ,64.280220,68.110001
2023-07-20,AAXJ,63.817783,67.620003
2023-07-21,AAXJ,63.657341,67.449997
2023-07-24,AAXJ,64.497284,68.339996
2023-07-25,AAXJ,65.072983,68.949997
2023-07-26,AAXJ,65.441055,69.339996
2023-07-27,AAXJ,64.799294,68.660004
2023-07-28,AAXJ,66.516968,70.480003
2023-07-31,AAXJ,66.564140,70.529999
2023-08-01,AAXJ,65.780823,69.699997
2023-08-02,AAXJ,64.082031,67.900002
2023-08-03,AAXJ,64.582230,68.430000
2023-08-04,AAXJ,64.336845,68.169998
2023-08-07,AAXJ,64.289658,68.120003
2023-08-08,AAXJ,63.411953,67.190002
2023-08-09,AAXJ,63.600708,67.389999
2023-08-10,AAXJ,63.695084,67.489998
2023-08-11,AAXJ,62.628624,66.360001
2023-08-14,AAXJ,62.307732,66.019997
2023-08-15,AAXJ,61.477222,65.139999
2023-08-16,AAXJ,60.873211,64.500000
2023-08-17,AAXJ,61.043087,64.680000
2023-08-18,AAXJ,60.467384,64.070000
2023-08-21,AAXJ,60.552334,64.160004
2023-08-22,AAXJ,60.401325,64.000000
2023-08-23,AAXJ,61.269588,64.919998
2023-08-24,AAXJ,61.061962,64.699997
2023-08-25,AAXJ,61.156345,64.800003
2023-08-28,AAXJ,61.788670,65.470001
2023-08-29,AAXJ,62.741886,66.480003
2023-08-30,AAXJ,62.477612,66.199997
2023-08-31,AAXJ,61.892475,65.580002
2023-09-01,AAXJ,62.694687,66.430000
2023-09-05,AAXJ,62.279427,65.989998
2023-09-06,AAXJ,62.024612,65.720001
2023-09-07,AAXJ,61.250717,64.900002
2023-09-08,AAXJ,61.269588,64.919998
2023-09-11,AAXJ,61.920803,65.610001
2023-09-12,AAXJ,61.750912,65.430000
2023-09-13,AAXJ,61.647099,65.320000
2023-09-14,AAXJ,62.081230,65.779999
2023-09-15,AAXJ,61.807541,65.489998
2023-09-18,AAXJ,61.750912,65.430000
2023-09-19,AAXJ,61.269588,64.919998
2023-09-20,AAXJ,60.986462,64.620003
2023-09-21,AAXJ,59.863377,63.430000
2023-09-22,AAXJ,60.797707,64.419998
2023-09-25,AAXJ,60.524014,64.129997
2023-09-26,AAXJ,59.580238,63.130001
2023-09-27,AAXJ,59.787872,63.349998
2023-09-28,AAXJ,59.844498,63.410000
2023-09-29,AAXJ,59.929440,63.500000
2023-10-02,AAXJ,59.702930,63.259998
2023-10-03,AAXJ,58.976227,62.490002
2023-10-04,AAXJ,58.834663,62.340000
2023-10-05,AAXJ,59.240482,62.770000
2023-10-06,AAXJ,60.165382,63.750000
2023-10-09,AAXJ,59.882248,63.450001
2023-10-10,AAXJ,60.637260,64.250000
2023-10-11,AAXJ,61.043087,64.680000
2023-10-12,AAXJ,60.429634,64.029999
2023-10-13,AAXJ,60.193695,63.779999
2023-10-16,AAXJ,60.476826,64.080002
2023-10-17,AAXJ,60.231445,63.820000
2023-10-18,AAXJ,59.325424,62.860001
2023-10-19,AAXJ,58.957352,62.470001
2023-10-20,AAXJ,58.230652,61.700001
2023-10-23,AAXJ,58.268402,61.740002
2023-10-24,AAXJ,59.127235,62.650002
2023-10-25,AAXJ,58.202339,61.669998
2023-10-26,AAXJ,57.777641,61.220001
2023-10-27,AAXJ,57.824833,61.270000
2023-10-30,AAXJ,58.570412,62.060001
2023-10-31,AAXJ,57.956959,61.410000
2023-11-01,AAXJ,58.353340,61.830002
2023-11-02,AAXJ,59.259361,62.790001
2023-11-03,AAXJ,60.627827,64.239998
2023-11-06,AAXJ,61.146900,64.790001
2023-11-07,AAXJ,60.939270,64.570000
2023-11-08,AAXJ,60.505135,64.110001
2023-11-09,AAXJ,59.957748,63.529999
2023-11-10,AAXJ,60.269196,63.860001
2023-11-13,AAXJ,60.401325,64.000000
2023-11-14,AAXJ,61.826427,65.510002
2023-11-15,AAXJ,62.411560,66.129997
2023-11-16,AAXJ,61.713161,65.389999
2023-11-17,AAXJ,61.816986,65.500000
2023-11-20,AAXJ,62.571995,66.300003
2023-11-21,AAXJ,62.166180,65.870003
2023-11-22,AAXJ,62.071793,65.769997
2023-11-24,AAXJ,62.043488,65.739998
2023-11-27,AAXJ,61.703728,65.379997
2023-11-28,AAXJ,62.137856,65.839996
2023-11-29,AAXJ,61.750912,65.430000
2023-11-30,AAXJ,61.732040,65.410004
2023-12-01,AAXJ,61.911358,65.599998
2023-12-04,AAXJ,61.118591,64.760002
2023-12-05,AAXJ,60.731644,64.349998
2023-12-06,AAXJ,60.712776,64.330002
2023-12-07,AAXJ,61.005333,64.639999
2023-12-08,AAXJ,60.769394,64.389999
2023-12-11,AAXJ,61.175220,64.820000
2023-12-12,AAXJ,61.231838,64.879997
2023-12-13,AAXJ,61.722607,65.400002
2023-12-14,AAXJ,62.562561,66.290001
2023-12-15,AAXJ,62.137856,65.839996
2023-12-18,AAXJ,62.071793,65.769997
2023-12-19,AAXJ,62.619183,66.349998
2023-12-20,AAXJ,61.379124,63.950001
2023-12-21,AAXJ,62.703648,65.330002
2023-12-22,AAXJ,62.310127,64.919998
2023-12-26,AAXJ,62.751640,65.379997
2023-12-27,AAXJ,63.087563,65.730003
2023-12-28,AAXJ,63.826603,66.500000
2023-12-29,AAXJ,63.893803,66.570000
2024-01-02,AAXJ,62.809223,65.440002
2024-01-03,AAXJ,62.598072,65.220001
2024-01-04,AAXJ,62.233341,64.839996
2024-01-05,AAXJ,62.214153,64.820000
2024-01-08,AAXJ,62.319729,64.930000
2024-01-09,AAXJ,61.427116,64.000000
2024-01-10,AAXJ,61.311939,63.880001
2024-01-11,AAXJ,61.715054,64.300003
2024-01-12,AAXJ,61.945408,64.540001
2024-01-16,AAXJ,60.332939,62.860001
2024-01-17,AAXJ,59.296360,61.779999
2024-01-18,AAXJ,59.901031,62.410000
2024-01-19,AAXJ,60.630478,63.169998
2024-01-22,AAXJ,59.977818,62.490002
2024-01-23,AAXJ,60.572895,63.110001
2024-01-24,AAXJ,61.455902,64.029999
2024-01-25,AAXJ,61.465504,64.040001
2024-01-26,AAXJ,61.465504,64.040001
2024-01-29,AAXJ,61.503899,64.080002
2024-01-30,AAXJ,60.918423,63.470001
2024-01-31,AAXJ,60.515305,63.049999
2024-02-01,AAXJ,61.081589,63.639999
2024-02-02,AAXJ,60.841633,63.389999
2024-02-05,AAXJ,60.947216,63.500000
2024-02-06,AAXJ,62.521282,65.139999
2024-02-07,AAXJ,62.521282,65.139999
2024-02-08,AAXJ,62.194958,64.800003
2024-02-09,AAXJ,62.511684,65.129997
2024-02-12,AAXJ,63.020378,65.660004
2024-02-13,AAXJ,61.724648,64.309998
2024-02-14,AAXJ,62.694042,65.320000
2024-02-15,AAXJ,62.972397,65.610001
2024-02-16,AAXJ,63.212337,65.860001
2024-02-20,AAXJ,63.269928,65.919998
2024-02-21,AAXJ,63.490688,66.150002
2024-02-22,AAXJ,64.248917,66.940002
2024-02-23,AAXJ,64.277710,66.970001
2024-02-26,AAXJ,63.912994,66.589996
2024-02-27,AAXJ,63.989784,66.669998
2024-02-28,AAXJ,63.125954,65.769997
2024-02-29,AAXJ,63.212337,65.860001
2024-03-01,AAXJ,64.066566,66.750000
2024-03-04,AAXJ,63.951385,66.629997
2024-03-05,AAXJ,63.365898,66.019997
2024-03-06,AAXJ,64.392883,67.089996
2024-03-07,AAXJ,64.805603,67.519997
2024-03-08,AAXJ,64.853600,67.570000
2024-03-11,AAXJ,65.093544,67.820000
2024-03-12,AAXJ,65.899773,68.660004
2024-03-13,AAXJ,65.602234,68.349998
2024-03-14,AAXJ,65.237518,67.970001
2024-03-15,AAXJ,64.776810,67.489998
2024-03-18,AAXJ,64.930382,67.650002
2024-03-19,AAXJ,64.508072,67.209999
2024-03-20,AAXJ,65.103142,67.830002
2024-03-21,AAXJ,65.199127,67.930000
2024-03-22,AAXJ,64.748016,67.459999
2024-03-25,AAXJ,64.843994,67.559998
2024-03-26,AAXJ,64.805603,67.519997
2024-03-27,AAXJ,64.824806,67.540001
2024-03-28,AAXJ,65.026367,67.750000
2024-04-01,AAXJ,65.362289,68.099998
2024-04-02,AAXJ,65.563843,68.309998
2024-04-03,AAXJ,65.496658,68.239998
2024-04-04,AAXJ,65.141533,67.870003
2024-04-05,AAXJ,65.237518,67.970001
2024-04-08,AAXJ,65.563843,68.309998
2024-04-09,AAXJ,66.062950,68.830002
2024-04-10,AAXJ,65.170326,67.900002
2024-04-11,AAXJ,65.688622,68.440002
2024-04-12,AAXJ,64.104950,66.790001
2024-04-15,AAXJ,63.701836,66.370003
2024-04-16,AAXJ,62.962791,65.599998
2024-04-17,AAXJ,62.924404,65.559998
2024-04-18,AAXJ,63.298721,65.949997
2024-04-19,AAXJ,62.857212,65.489998
2024-04-22,AAXJ,63.682640,66.349998
2024-04-23,AAXJ,64.277710,66.970001
2024-04-24,AAXJ,64.700027,67.410004
2024-04-25,AAXJ,64.959175,67.680000
2024-04-26,AAXJ,65.611832,68.360001
2024-04-29,AAXJ,66.206917,68.980003
2024-04-30,AAXJ,65.400681,68.139999
2024-05-01,AAXJ,65.400681,68.139999
2024-05-02,AAXJ,67.377861,70.199997
2024-05-03,AAXJ,67.915359,70.760002
2024-05-06,AAXJ,68.001732,70.849998
2024-05-07,AAXJ,67.502640,70.330002
2024-05-08,AAXJ,67.464249,70.290001
2024-05-09,AAXJ,67.809776,70.650002
2024-05-10,AAXJ,68.136108,70.989998
2024-05-13,AAXJ,68.721573,71.599998
2024-05-14,AAXJ,69.115105,72.010002
2024-05-15,AAXJ,69.911743,72.839996
2024-05-16,AAXJ,70.170876,73.110001
2024-05-17,AAXJ,70.497208,73.449997
2024-05-20,AAXJ,70.170876,73.110001
2024-05-21,AAXJ,69.604599,72.519997
2024-05-22,AAXJ,69.518211,72.430000
2024-05-23,AAXJ,69.105507,72.000000
2024-05-24,AAXJ,69.259079,72.160004
2024-05-28,AAXJ,69.268669,72.169998
2024-05-29,AAXJ,68.184097,71.040001
2024-05-30,AAXJ,68.020935,70.870003
2024-05-31,AAXJ,67.329887,70.150002
2023-05-01,ABNB,121.419998,121.419998
2023-05-02,ABNB,120.580002,120.580002
2023-05-03,ABNB,118.860001,118.860001
2023-05-04,ABNB,117.629997,117.629997
2023-05-05,ABNB,119.900002,119.900002
2023-05-08,ABNB,125.650002,125.650002
2023-05-09,ABNB,127.070000,127.070000
2023-05-10,ABNB,113.190002,113.190002
2023-05-11,ABNB,111.199997,111.199997
2023-05-12,ABNB,105.275002,105.275002
2023-05-15,ABNB,105.779999,105.779999
2023-05-16,ABNB,105.410004,105.410004
2023-05-17,ABNB,108.330002,108.330002
2023-05-18,ABNB,111.870003,111.870003
2023-05-19,ABNB,107.379997,107.379997
2023-05-22,ABNB,109.930000,109.930000
2023-05-23,ABNB,106.250000,106.250000
2023-05-24,ABNB,105.709999,105.709999
2023-05-25,ABNB,104.419998,104.419998
2023-05-26,ABNB,106.809998,106.809998
2023-05-30,ABNB,107.190002,107.190002
2023-05-31,ABNB,109.769997,109.769997
2023-06-01,ABNB,112.160004,112.160004
2023-06-02,ABNB,118.059998,118.059998
2023-06-05,ABNB,115.690002,115.690002
2023-06-06,ABNB,117.300003,117.300003
2023-06-07,ABNB,116.550003,116.550003
2023-06-08,ABNB,115.500000,115.500000
2023-06-09,ABNB,117.860001,117.860001
2023-06-12,ABNB,124.589996,124.589996
2023-06-13,ABNB,124.900002,124.900002
2023-06-14,ABNB,125.139999,125.139999
2023-06-15,ABNB,127.849998,127.849998
2023-06-16,ABNB,128.679993,128.679993
2023-06-20,ABNB,126.449997,126.449997
2023-06-21,ABNB,127.459999,127.459999
2023-06-22,ABNB,127.959999,127.959999
2023-06-23,ABNB,124.730003,124.730003
2023-06-26,ABNB,123.129997,123.129997
2023-06-27,ABNB,127.889999,127.889999
2023-06-28,ABNB,127.629997,127.629997
2023-06-29,ABNB,125.099998,125.099998
2023-06-30,ABNB,128.160004,128.160004
2023-07-03,ABNB,132.350006,132.350006
2023-07-05,ABNB,131.690002,131.690002
2023-07-06,ABNB,128.160004,128.160004
2023-07-07,ABNB,130.320007,130.320007
2023-07-10,ABNB,131.710007,131.710007
2023-07-11,ABNB,137.539993,137.539993
2023-07-12,ABNB,137.020004,137.020004
2023-07-13,ABNB,140.089996,140.089996
2023-07-14,ABNB,143.339996,143.339996
2023-07-17,ABNB,145.360001,145.360001
2023-07-18,ABNB,146.529999,146.529999
2023-07-19,ABNB,145.535004,145.535004
2023-07-20,ABNB,145.279999,145.279999
2023-07-21,ABNB,148.770004,148.770004
2023-07-24,ABNB,147.619995,147.619995
2023-07-25,ABNB,148.649994,148.649994
2023-07-26,ABNB,150.169998,150.169998
2023-07-27,ABNB,148.500000,148.500000
2023-07-28,ABNB,153.330002,153.330002
2023-07-31,ABNB,152.190002,152.190002
2023-08-01,ABNB,148.910004,148.910004
2023-08-02,ABNB,144.559998,144.559998
2023-08-03,ABNB,140.880005,140.880005
2023-08-04,ABNB,140.169998,140.169998
2023-08-07,ABNB,143.199997,143.199997
2023-08-08,ABNB,139.550003,139.550003
2023-08-09,ABNB,137.869995,137.869995
2023-08-10,ABNB,135.970001,135.970001
2023-08-11,ABNB,133.679993,133.679993
2023-08-14,ABNB,133.240005,133.240005
2023-08-15,ABNB,129.850006,129.850006
2023-08-16,ABNB,128.830002,128.830002
2023-08-17,ABNB,127.989998,127.989998
2023-08-18,ABNB,125.059998,125.059998
2023-08-21,ABNB,124.000000,124.000000
2023-08-22,ABNB,127.080002,127.080002
2023-08-23,ABNB,128.130005,128.130005
2023-08-24,ABNB,124.720001,124.720001
2023-08-25,ABNB,125.790001,125.790001
2023-08-28,ABNB,126.154999,126.154999
2023-08-29,ABNB,132.250000,132.250000
2023-08-30,ABNB,130.610001,130.610001
2023-08-31,ABNB,131.550003,131.550003
2023-09-01,ABNB,132.690002,132.690002
2023-09-05,ABNB,142.289993,142.289993
2023-09-06,ABNB,141.770004,141.770004
2023-09-07,ABNB,143.270004,143.270004
2023-09-08,ABNB,145.820007,145.820007
2023-09-11,ABNB,147.330002,147.330002
2023-09-12,ABNB,147.500000,147.500000
2023-09-13,ABNB,144.714996,144.714996
2023-09-14,ABNB,144.119995,144.119995
2023-09-15,ABNB,142.750000,142.750000
2023-09-18,ABNB,142.550003,142.550003
2023-09-19,ABNB,141.850006,141.850006
2023-09-20,ABNB,138.009995,138.009995
2023-09-21,ABNB,132.750000,132.750000
2023-09-22,ABNB,132.199997,132.199997
2023-09-25,ABNB,134.139999,134.139999
2023-09-26,ABNB,132.279999,132.279999
2023-09-27,ABNB,134.029999,134.029999
2023-09-28,ABNB,136.470001,136.470001
2023-09-29,ABNB,137.210007,137.210007
2023-10-02,ABNB,136.559998,136.559998
2023-10-03,ABNB,127.730003,127.730003
2023-10-04,ABNB,127.410004,127.410004
2023-10-05,ABNB,124.989998,124.989998
2023-10-06,ABNB,126.360001,126.360001
2023-10-09,ABNB,127.769997,127.769997
2023-10-10,ABNB,131.589996,131.589996
2023-10-11,ABNB,130.000000,130.000000
2023-10-12,ABNB,125.970001,125.970001
2023-10-13,ABNB,124.080002,124.080002
2023-10-16,ABNB,125.190002,125.190002
2023-10-17,ABNB,125.709999,125.709999
2023-10-18,ABNB,122.169998,122.169998
2023-10-19,ABNB,119.970001,119.970001
2023-10-20,ABNB,116.489998,116.489998
2023-10-23,ABNB,120.389999,120.389999
2023-10-24,ABNB,122.010002,122.010002
2023-10-25,ABNB,118.500000,118.500000
2023-10-26,ABNB,115.470001,115.470001
2023-10-27,ABNB,114.089996,114.089996
2023-10-30,ABNB,116.949997,116.949997
2023-10-31,ABNB,118.290001,118.290001
2023-11-01,ABNB,119.470001,119.470001
2023-11-02,ABNB,115.500000,115.500000
2023-11-03,ABNB,122.639999,122.639999
2023-11-06,ABNB,118.169998,118.169998
2023-11-07,ABNB,121.080002,121.080002
2023-11-08,ABNB,117.660004,117.660004
2023-11-09,ABNB,115.519997,115.519997
2023-11-10,ABNB,118.150002,118.150002
2023-11-13,ABNB,119.150002,119.150002
2023-11-14,ABNB,126.680000,126.680000
2023-11-15,ABNB,128.350006,128.350006
2023-11-16,ABNB,126.279999,126.279999
2023-11-17,ABNB,127.150002,127.150002
2023-11-20,ABNB,129.699997,129.699997
2023-11-21,ABNB,126.820000,126.820000
2023-11-22,ABNB,129.039993,129.039993
2023-11-24,ABNB,128.369995,128.369995
2023-11-27,ABNB,129.000000,129.000000
2023-11-28,ABNB,127.559998,127.559998
2023-11-29,ABNB,126.480003,126.480003
2023-11-30,ABNB,126.339996,126.339996
2023-12-01,ABNB,135.020004,135.020004
2023-12-04,ABNB,133.699997,133.699997
2023-12-05,ABNB,133.710007,133.710007
2023-12-06,ABNB,135.309998,135.309998
2023-12-07,ABNB,139.839996,139.839996
2023-12-08,ABNB,140.679993,140.679993
2023-12-11,ABNB,142.910004,142.910004
2023-12-12,ABNB,140.550003,140.550003
2023-12-13,ABNB,144.509995,144.509995
2023-12-14,ABNB,147.259995,147.259995
2023-12-15,ABNB,146.600006,146.600006
2023-12-18,ABNB,147.500000,147.500000
2023-12-19,ABNB,146.910004,146.910004
2023-12-20,ABNB,141.070007,141.070007
2023-12-21,ABNB,142.089996,142.089996
2023-12-22,ABNB,140.800003,140.800003
2023-12-26,ABNB,138.720001,138.720001
2023-12-27,ABNB,136.550003,136.550003
2023-12-28,ABNB,137.000000,137.000000
2023-12-29,ABNB,136.139999,136.139999
2024-01-02,ABNB,134.479996,134.479996
2024-01-03,ABNB,133.419998,133.419998
2024-01-04,ABNB,133.720001,133.720001
2024-01-05,ABNB,135.979996,135.979996
2024-01-08,ABNB,140.080002,140.080002
2024-01-09,ABNB,139.529999,139.529999
2024-01-10,ABNB,139.759995,139.759995
2024-01-11,ABNB,139.449997,139.449997
2024-01-12,ABNB,137.139999,137.139999
2024-01-16,ABNB,135.020004,135.020004
2024-01-17,ABNB,134.979996,134.979996
2024-01-18,ABNB,137.039993,137.039993
2024-01-19,ABNB,139.929993,139.929993
2024-01-22,ABNB,142.009995,142.009995
2024-01-23,ABNB,142.300003,142.300003
2024-01-24,ABNB,141.190002,141.190002
2024-01-25,ABNB,142.110001,142.110001
2024-01-26,ABNB,149.619995,149.619995
2024-01-29,ABNB,152.699997,152.699997
2024-01-30,ABNB,149.440002,149.440002
2024-01-31,ABNB,144.139999,144.139999
2024-02-01,ABNB,146.490005,146.490005
2024-02-02,ABNB,146.550003,146.550003
2024-02-05,ABNB,144.779999,144.779999
2024-02-06,ABNB,144.529999,144.529999
2024-02-07,ABNB,147.550003,147.550003
2024-02-08,ABNB,150.539993,150.539993
2024-02-09,ABNB,147.595001,147.595001
2024-02-12,ABNB,153.800003,153.800003
2024-02-13,ABNB,150.820007,150.820007
2024-02-14,ABNB,148.199997,148.199997
2024-02-15,ABNB,157.690002,157.690002
2024-02-16,ABNB,152.509995,152.509995
2024-02-20,ABNB,148.149994,148.149994
2024-02-21,ABNB,149.240005,149.240005
2024-02-22,ABNB,155.259995,155.259995
2024-02-23,ABNB,152.660004,152.660004
2024-02-26,ABNB,149.270004,149.270004
2024-02-27,ABNB,152.059998,152.059998
2024-02-28,ABNB,153.429993,153.429993
2024-02-29,ABNB,157.470001,157.470001
2024-03-01,ABNB,159.720001,159.720001
2024-03-04,ABNB,158.089996,158.089996
2024-03-05,ABNB,159.330002,159.330002
2024-03-06,ABNB,163.869995,163.869995
2024-03-07,ABNB,163.539993,163.539993
2024-03-08,ABNB,164.910004,164.910004
2024-03-11,ABNB,162.990005,162.990005
2024-03-12,ABNB,166.669998,166.669998
2024-03-13,ABNB,164.759995,164.759995
2024-03-14,ABNB,166.440002,166.440002
2024-03-15,ABNB,160.639999,160.639999
2024-03-18,ABNB,161.860001,161.860001
2024-03-19,ABNB,161.789993,161.789993
2024-03-20,ABNB,164.710007,164.710007
2024-03-21,ABNB,168.179993,168.179993
2024-03-22,ABNB,167.860001,167.860001
2024-03-25,ABNB,167.990005,167.990005
2024-03-26,ABNB,167.389999,167.389999
2024-03-27,ABNB,166.410004,166.410004
2024-03-28,ABNB,164.960007,164.960007
2024-04-01,ABNB,163.369995,163.369995
2024-04-02,ABNB,160.110001,160.110001
2024-04-03,ABNB,159.339996,159.339996
2024-04-04,ABNB,158.839996,158.839996
2024-04-05,ABNB,161.770004,161.770004
2024-04-08,ABNB,160.270004,160.270004
2024-04-09,ABNB,162.660004,162.660004
2024-04-10,ABNB,160.279999,160.279999
2024-04-11,ABNB,165.419998,165.419998
2024-04-12,ABNB,159.369995,159.369995
2024-04-15,ABNB,155.600006,155.600006
2024-04-16,ABNB,156.660004,156.660004
2024-04-17,ABNB,158.369995,158.369995
2024-04-18,ABNB,160.100006,160.100006
2024-04-19,ABNB,155.009995,155.009995
2024-04-22,ABNB,156.610001,156.610001
2024-04-23,ABNB,160.949997,160.949997
2024-04-24,ABNB,162.839996,162.839996
2024-04-25,ABNB,163.009995,163.009995
2024-04-26,ABNB,164.229996,164.229996
2024-04-29,ABNB,162.250000,162.250000
2024-04-30,ABNB,158.570007,158.570007
2024-05-01,ABNB,156.160004,156.160004
2024-05-02,ABNB,158.330002,158.330002
2024-05-03,ABNB,159.710007,159.710007
2024-05-06,ABNB,162.000000,162.000000
2024-05-07,ABNB,159.809998,159.809998
2024-05-08,ABNB,157.899994,157.899994
2024-05-09,ABNB,147.050003,147.050003
2024-05-10,ABNB,146.320007,146.320007
2024-05-13,ABNB,149.130005,149.130005
2024-05-14,ABNB,146.699997,146.699997
2024-05-15,ABNB,145.800003,145.800003
2024-05-16,ABNB,147.190002,147.190002
2024-05-17,ABNB,145.660004,145.660004
2024-05-20,ABNB,146.369995,146.369995
2024-05-21,ABNB,144.100006,144.100006
2024-05-22,ABNB,142.710007,142.710007
2024-05-23,ABNB,141.039993,141.039993
2024-05-24,ABNB,144.470001,144.470001
2024-05-28,ABNB,147.009995,147.009995
2024-05-29,ABNB,146.610001,146.610001
2024-05-30,ABNB,145.520004,145.520004
2024-05-31,ABNB,144.929993,144.929993
2023-05-01,ACWI,87.115326,92.470001
2023-05-02,ACWI,86.135551,91.430000
2023-05-03,ACWI,85.824654,91.099998
2023-05-04,ACWI,85.513756,90.769997
2023-05-05,ACWI,86.964600,92.309998
2023-05-08,ACWI,87.002266,92.349998
2023-05-09,ACWI,86.634857,91.959999
2023-05-10,ACWI,86.851540,92.190002
2023-05-11,ACWI,86.634857,91.959999
2023-05-12,ACWI,86.389908,91.699997
2023-05-15,ACWI,86.983421,92.330002
2023-05-16,ACWI,86.286270,91.589996
2023-05-17,ACWI,87.096481,92.449997
2023-05-18,ACWI,87.529846,92.910004
2023-05-19,ACWI,87.586380,92.970001
2023-05-22,ACWI,87.718262,93.110001
2023-05-23,ACWI,86.616028,91.940002
2023-05-24,ACWI,85.815239,91.089996
2023-05-25,ACWI,86.163803,91.459999
2023-05-26,ACWI,87.294319,92.660004
2023-05-30,ACWI,86.936325,92.279999
2023-05-31,ACWI,86.314552,91.620003
2023-06-01,ACWI,87.341431,92.709999
2023-06-02,ACWI,88.641510,94.089996
2023-06-05,ACWI,88.405998,93.839996
2023-06-06,ACWI,88.829926,94.290001
2023-06-07,ACWI,88.356934,92.839996
2023-06-08,ACWI,88.994576,93.510002
2023-06-09,ACWI,89.118301,93.639999
2023-06-12,ACWI,89.765457,94.320000
2023-06-13,ACWI,90.460220,95.050003
2023-06-14,ACWI,90.679100,95.279999
2023-06-15,ACWI,91.706955,96.360001
2023-06-16,ACWI,91.440475,96.080002
2023-06-20,ACWI,90.602966,95.199997
2023-06-21,ACWI,90.288910,94.870003
2023-06-22,ACWI,90.307930,94.889999
2023-06-23,ACWI,89.375267,93.910004
2023-06-26,ACWI,89.222984,93.750000
2023-06-27,ACWI,90.165184,94.739998
2023-06-28,ACWI,90.155670,94.730003
2023-06-29,ACWI,90.307930,94.889999
2023-06-30,ACWI,91.307236,95.940002
2023-07-03,ACWI,91.526131,96.169998
2023-07-05,ACWI,91.078827,95.699997
2023-07-06,ACWI,89.955803,94.519997
2023-07-07,ACWI,90.136635,94.709999
2023-07-10,ACWI,90.365036,94.949997
2023-07-11,ACWI,91.078827,95.699997
2023-07-12,ACWI,92.173286,96.849998
2023-07-13,ACWI,93.220177,97.949997
2023-07-14,ACWI,92.963211,97.680000
2023-07-17,ACWI,93.201141,97.930000
2023-07-18,ACWI,93.724594,98.480003
2023-07-19,ACWI,93.838791,98.599998
2023-07-20,ACWI,93.210655,97.940002
2023-07-21,ACWI,93.258247,97.989998
2023-07-24,ACWI,93.591339,98.339996
2023-07-25,ACWI,93.895905,98.660004
2023-07-26,ACWI,94.019615,98.790001
2023-07-27,ACWI,93.429550,98.169998
2023-07-28,ACWI,94.409813,99.199997
2023-07-31,ACWI,94.590645,99.389999
2023-08-01,ACWI,93.933960,98.699997
2023-08-02,ACWI,92.382675,97.070000
2023-08-03,ACWI,92.163780,96.839996
2023-08-04,ACWI,91.973434,96.639999
2023-08-07,ACWI,92.592056,97.290001
2023-08-08,ACWI,92.059097,96.730003
2023-08-09,ACWI,91.668884,96.320000
2023-08-10,ACWI,91.811638,96.470001
2023-08-11,ACWI,91.469032,96.110001
2023-08-14,ACWI,91.649857,96.300003
2023-08-15,ACWI,90.526840,95.120003
2023-08-16,ACWI,89.832085,94.389999
2023-08-17,ACWI,89.242020,93.769997
2023-08-18,ACWI,89.203957,93.730003
2023-08-21,ACWI,89.670296,94.220001
2023-08-22,ACWI,89.470444,94.010002
2023-08-23,ACWI,90.526840,95.120003
2023-08-24,ACWI,89.375267,93.910004
2023-08-25,ACWI,89.917740,94.480003
2023-08-28,ACWI,90.612488,95.209999
2023-08-29,ACWI,91.897293,96.559998
2023-08-30,ACWI,92.125710,96.800003
2023-08-31,ACWI,91.840195,96.500000
2023-09-01,ACWI,92.097160,96.769997
2023-09-05,ACWI,91.564201,96.209999
2023-09-06,ACWI,91.031242,95.650002
2023-09-07,ACWI,90.688629,95.290001
2023-09-08,ACWI,90.726692,95.330002
2023-09-11,ACWI,91.507103,96.150002
2023-09-12,ACWI,91.069321,95.690002
2023-09-13,ACWI,91.097862,95.720001
2023-09-14,ACWI,91.935364,96.599998
2023-09-15,ACWI,91.193031,95.820000
2023-09-18,ACWI,91.097862,95.720001
2023-09-19,ACWI,90.898003,95.510002
2023-09-20,ACWI,90.307930,94.889999
2023-09-21,ACWI,88.813759,93.320000
2023-09-22,ACWI,88.756653,93.260002
2023-09-25,ACWI,88.870842,93.379997
2023-09-26,ACWI,87.576523,92.019997
2023-09-27,ACWI,87.614601,92.059998
2023-09-28,ACWI,88.157066,92.629997
2023-09-29,ACWI,87.909630,92.370003
2023-10-02,ACWI,87.519424,91.959999
2023-10-03,ACWI,86.348816,90.730003
2023-10-04,ACWI,86.719986,91.120003
2023-10-05,ACWI,86.938873,91.349998
2023-10-06,ACWI,88.014313,92.480003
2023-10-09,ACWI,88.328377,92.809998
2023-10-10,ACWI,89.070717,93.589996
2023-10-11,ACWI,89.479950,94.019997
2023-10-12,ACWI,88.794724,93.300003
2023-10-13,ACWI,88.290306,92.769997
2023-10-16,ACWI,89.099266,93.620003
2023-10-17,ACWI,89.137337,93.660004
2023-10-18,ACWI,87.862045,92.320000
2023-10-19,ACWI,87.072128,91.489998
2023-10-20,ACWI,86.034752,90.400002
2023-10-23,ACWI,85.968132,90.330002
2023-10-24,ACWI,86.596268,90.989998
2023-10-25,ACWI,85.492279,89.830002
2023-10-26,ACWI,84.616707,88.910004
2023-10-27,ACWI,84.312149,88.589996
2023-10-30,ACWI,85.292427,89.620003
2023-10-31,ACWI,85.673096,90.019997
2023-11-01,ACWI,86.529648,90.919998
2023-11-02,ACWI,88.242722,92.720001
2023-11-03,ACWI,89.261063,93.790001
2023-11-06,ACWI,89.337204,93.870003
2023-11-07,ACWI,89.289604,93.820000
2023-11-08,ACWI,89.270584,93.800003
2023-11-09,ACWI,88.737610,93.239998
2023-11-10,ACWI,89.755951,94.309998
2023-11-13,ACWI,89.774979,94.330002
2023-11-14,ACWI,91.735512,96.389999
2023-11-15,ACWI,91.925835,96.589996
2023-11-16,ACWI,91.859222,96.519997
2023-11-17,ACWI,92.268471,96.949997
2023-11-20,ACWI,92.915627,97.629997
2023-11-21,ACWI,92.668175,97.370003
2023-11-22,ACWI,92.925148,97.639999
2023-11-24,ACWI,93.153557,97.879997
2023-11-27,ACWI,92.906128,97.620003
2023-11-28,ACWI,93.058388,97.779999
2023-11-29,ACWI,93.048874,97.769997
2023-11-30,ACWI,93.286789,98.019997
2023-12-01,ACWI,93.981552,98.750000
2023-12-04,ACWI,93.401009,98.139999
2023-12-05,ACWI,93.220177,97.949997
2023-12-06,ACWI,93.039360,97.760002
2023-12-07,ACWI,93.638939,98.389999
2023-12-08,ACWI,93.943481,98.709999
2023-12-11,ACWI,94.276573,99.059998
2023-12-12,ACWI,94.581123,99.379997
2023-12-13,ACWI,95.884979,100.750000
2023-12-14,ACWI,96.503586,101.400002
2023-12-15,ACWI,96.094353,100.970001
2023-12-18,ACWI,96.522621,101.419998
2023-12-19,ACWI,97.217361,102.150002
2023-12-20,ACWI,95.864616,99.779999
2023-12-21,ACWI,97.065575,101.029999
2023-12-22,ACWI,97.209686,101.180000
2023-12-26,ACWI,97.680458,101.669998
2023-12-27,ACWI,97.959076,101.959999
2023-12-28,ACWI,97.959076,101.959999
2023-12-29,ACWI,97.776520,101.769997
2024-01-02,ACWI,96.940666,100.900002
2024-01-03,ACWI,96.172066,100.099998
2024-01-04,ACWI,96.066376,99.989998
2024-01-05,ACWI,96.152855,100.080002
2024-01-08,ACWI,97.305763,101.279999
2024-01-09,ACWI,96.863808,100.820000
2024-01-10,ACWI,97.315369,101.290001
2024-01-11,ACWI,97.267319,101.239998
2024-01-12,ACWI,97.469086,101.449997
2024-01-16,ACWI,96.614006,100.559998
2024-01-17,ACWI,95.874229,99.790001
2024-01-18,ACWI,96.710091,100.660004
2024-01-19,ACWI,97.680458,101.669998
2024-01-22,ACWI,97.834183,101.830002
2024-01-23,ACWI,98.035934,102.040001
2024-01-24,ACWI,98.362587,102.379997
2024-01-25,ACWI,98.756516,102.790001
2024-01-26,ACWI,98.842979,102.879997
2024-01-29,ACWI,99.496292,103.559998
2024-01-30,ACWI,99.332954,103.389999
2024-01-31,ACWI,98.045547,102.050003
2024-02-01,ACWI,99.265717,103.320000
2024-02-02,ACWI,99.669228,103.739998
2024-02-05,ACWI,99.284920,103.339996
2024-02-06,ACWI,99.861382,103.940002
2024-02-07,ACWI,100.370583,104.470001
2024-02-08,ACWI,100.351372,104.449997
2024-02-09,ACWI,100.889397,105.010002
2024-02-12,ACWI,101.014290,105.139999
2024-02-13,ACWI,99.409821,103.470001
2024-02-14,ACWI,100.505089,104.610001
2024-02-15,ACWI,101.312126,105.449997
2024-02-16,ACWI,101.062332,105.190002
2024-02-20,ACWI,100.774109,104.889999
2024-02-21,ACWI,100.802925,104.919998
2024-02-22,ACWI,102.541901,106.730003
2024-02-23,ACWI,102.580330,106.769997
2024-02-26,ACWI,102.301720,106.480003
2024-02-27,ACWI,102.503471,106.690002
2024-02-28,ACWI,102.071129,106.239998
2024-02-29,ACWI,102.465042,106.650002
2024-03-01,ACWI,103.454620,107.680000
2024-03-04,ACWI,103.300903,107.519997
2024-03-05,ACWI,102.465042,106.650002
2024-03-06,ACWI,103.262474,107.480003
2024-03-07,ACWI,104.338509,108.599998
2024-03-08,ACWI,103.829315,108.070000
2024-03-11,ACWI,103.617958,107.849998
2024-03-12,ACWI,104.665184,108.940002
2024-03-13,ACWI,104.530685,108.800003
2024-03-14,ACWI,104.117554,108.370003
2024-03-15,ACWI,103.589127,107.820000
2024-03-18,ACWI,104.011864,108.260002
2024-03-19,ACWI,104.376953,108.639999
2024-03-20,ACWI,105.433784,109.739998
2024-03-21,ACWI,105.664368,109.980003
2024-03-22,ACWI,105.414581,109.720001
2024-03-25,ACWI,105.203209,109.500000
2024-03-26,ACWI,105.059090,109.349998
2024-03-27,ACWI,105.827705,110.150002
2024-03-28,ACWI,105.808487,110.129997
2024-04-01,ACWI,105.558685,109.870003
2024-04-02,ACWI,104.934196,109.220001
2024-04-03,ACWI,105.183990,109.480003
2024-04-04,ACWI,104.127144,108.379997
2024-04-05,ACWI,104.943810,109.230003
2024-04-08,ACWI,105.164780,109.459999
2024-04-09,ACWI,105.318504,109.620003
2024-04-10,ACWI,104.117554,108.370003
2024-04-11,ACWI,104.732437,109.010002
2024-04-12,ACWI,103.118355,107.330002
2024-04-15,ACWI,102.119164,106.290001
2024-04-16,ACWI,101.581139,105.730003
2024-04-17,ACWI,101.206444,105.339996
2024-04-18,ACWI,101.062332,105.190002
2024-04-19,ACWI,100.437843,104.540001
2024-04-22,ACWI,101.456245,105.599998
2024-04-23,ACWI,102.589935,106.779999
2024-04-24,ACWI,102.532295,106.720001
2024-04-25,ACWI,102.215240,106.389999
2024-04-26,ACWI,103.166397,107.379997
2024-04-29,ACWI,103.617958,107.849998
2024-04-30,ACWI,102.051918,106.220001
2024-05-01,ACWI,101.782906,105.940002
2024-05-02,ACWI,103.051102,107.260002
2024-05-03,ACWI,104.175194,108.430000
2024-05-06,ACWI,105.116737,109.410004
2024-05-07,ACWI,105.145561,109.440002
2024-05-08,ACWI,105.087906,109.379997
2024-05-09,ACWI,105.722015,110.040001
2024-05-10,ACWI,105.856529,110.180000
2024-05-13,ACWI,105.923775,110.250000
2024-05-14,ACWI,106.509834,110.860001
2024-05-15,ACWI,107.729996,112.129997
2024-05-16,ACWI,107.509033,111.900002
2024-05-17,ACWI,107.758827,112.160004
2024-05-20,ACWI,107.826088,112.230003
2024-05-21,ACWI,107.845284,112.250000
2024-05-22,ACWI,107.336098,111.720001
2024-05-23,ACWI,106.625137,110.980003
2024-05-24,ACWI,107.316872,111.699997
2024-05-28,ACWI,107.345703,111.730003
2024-05-29,ACWI,106.260040,110.599998
2024-05-30,ACWI,105.991028,110.320000
2024-05-31,ACWI,106.721207,111.080002
2023-05-01,AGG,87.095940,98.690002
2023-05-02,AGG,87.943161,99.650002
2023-05-03,AGG,88.331467,100.089996
2023-05-04,AGG,88.225548,99.970001
2023-05-05,AGG,87.943161,99.650002
2023-05-08,AGG,87.457764,99.099998
2023-05-09,AGG,87.378334,99.010002
2023-05-10,AGG,87.943161,99.650002
2023-05-11,AGG,88.207909,99.949997
2023-05-12,AGG,87.713676,99.389999
2023-05-15,AGG,87.493088,99.139999
2023-05-16,AGG,87.290085,98.910004
2023-05-17,AGG,87.157700,98.760002
2023-05-18,AGG,86.751770,98.300003
2023-05-19,AGG,86.557610,98.080002
2023-05-22,AGG,86.478188,97.989998
2023-05-23,AGG,86.575264,98.099998
2023-05-24,AGG,86.354599,97.849998
2023-05-25,AGG,86.036880,97.489998
2023-05-26,AGG,86.107521,97.570000
2023-05-30,AGG,86.681152,98.220001
2023-05-31,AGG,86.990059,98.570000
2023-06-01,AGG,87.253731,98.610001
2023-06-02,AGG,86.793594,98.089996
2023-06-05,AGG,86.784760,98.080002
2023-06-06,AGG,86.890930,98.199997
2023-06-07,AGG,86.430801,97.680000
2023-06-08,AGG,86.890930,98.199997
2023-06-09,AGG,86.687416,97.970001
2023-06-12,AGG,86.837837,98.139999
2023-06-13,AGG,86.430801,97.680000
2023-06-14,AGG,86.510437,97.769997
2023-06-15,AGG,87.112129,98.449997
2023-06-16,AGG,86.837837,98.139999
2023-06-20,AGG,86.997101,98.320000
2023-06-21,AGG,87.138710,98.480003
2023-06-22,AGG,86.687416,97.970001
2023-06-23,AGG,86.944016,98.260002
2023-06-26,AGG,87.050186,98.379997
2023-06-27,AGG,86.882065,98.190002
2023-06-28,AGG,87.138710,98.480003
2023-06-29,AGG,86.466194,97.720001
2023-06-30,AGG,86.669716,97.949997
2023-07-03,AGG,86.567703,97.580002
2023-07-05,AGG,86.177353,97.139999
2023-07-06,AGG,85.618439,96.510002
2023-07-07,AGG,85.636185,96.529999
2023-07-10,AGG,85.875717,96.800003
2023-07-11,AGG,86.062042,97.010002
2023-07-12,AGG,86.762840,97.800003
2023-07-13,AGG,87.304024,98.410004
2023-07-14,AGG,86.887062,97.940002
2023-07-17,AGG,86.984657,98.050003
2023-07-18,AGG,87.055603,98.129997
2023-07-19,AGG,87.321770,98.430000
2023-07-20,AGG,86.869331,97.919998
2023-07-21,AGG,86.931435,97.989998
2023-07-24,AGG,86.771729,97.809998
2023-07-25,AGG,86.674164,97.699997
2023-07-26,AGG,86.958031,98.019997
2023-07-27,AGG,86.212822,97.180000
2023-07-28,AGG,86.549927,97.559998
2023-07-31,AGG,86.656418,97.680000
2023-08-01,AGG,86.082649,96.769997
2023-08-02,AGG,85.878014,96.540001
2023-08-03,AGG,85.299828,95.889999
2023-08-04,AGG,86.002594,96.680000
2023-08-07,AGG,86.020393,96.699997
2023-08-08,AGG,86.224991,96.930000
2023-08-09,AGG,86.287270,97.000000
2023-08-10,AGG,85.726822,96.370003
2023-08-11,AGG,85.459946,96.070000
2023-08-14,AGG,85.397690,96.000000
2023-08-15,AGG,85.166412,95.739998
2023-08-16,AGG,84.961830,95.510002
2023-08-17,AGG,84.872849,95.410004
2023-08-18,AGG,85.059662,95.620003
2023-08-21,AGG,84.632668,95.139999
2023-08-22,AGG,84.721642,95.239998
2023-08-23,AGG,85.531128,96.150002
2023-08-24,AGG,85.335419,95.930000
2023-08-25,AGG,85.282043,95.870003
2023-08-28,AGG,85.468857,96.080002
2023-08-29,AGG,86.020393,96.699997
2023-08-30,AGG,85.984779,96.660004
2023-08-31,AGG,86.109337,96.800003
2023-09-01,AGG,85.663353,96.040001
2023-09-05,AGG,85.199532,95.519997
2023-09-06,AGG,85.119278,95.430000
2023-09-07,AGG,85.386856,95.730003
2023-09-08,AGG,85.431435,95.779999
2023-09-11,AGG,85.333344,95.669998
2023-09-12,AGG,85.360069,95.699997
2023-09-13,AGG,85.484985,95.839996
2023-09-14,AGG,85.368996,95.709999
2023-09-15,AGG,85.172791,95.489998
2023-09-18,AGG,85.297630,95.629997
2023-09-19,AGG,85.047897,95.349998
2023-09-20,AGG,85.003296,95.300003
2023-09-21,AGG,84.423546,94.650002
2023-09-22,AGG,84.780319,95.050003
2023-09-25,AGG,84.111343,94.300003
2023-09-26,AGG,84.004333,94.180000
2023-09-27,AGG,83.709953,93.849998
2023-09-28,AGG,83.959702,94.129997
2023-09-29,AGG,83.879463,94.040001
2023-10-02,AGG,83.295395,93.129997
2023-10-03,AGG,82.642471,92.400002
2023-10-04,AGG,83.223854,93.050003
2023-10-05,AGG,83.277542,93.110001
2023-10-06,AGG,82.955544,92.750000
2023-10-09,AGG,83.814148,93.709999
2023-10-10,AGG,83.733665,93.620003
2023-10-11,AGG,84.118263,94.050003
2023-10-12,AGG,83.393791,93.239998
2023-10-13,AGG,83.751534,93.639999
2023-10-16,AGG,83.286446,93.120003
2023-10-17,AGG,82.687187,92.449997
2023-10-18,AGG,82.302612,92.019997
2023-10-19,AGG,81.989586,91.669998
2023-10-20,AGG,82.284729,92.000000
2023-10-23,AGG,82.606735,92.360001
2023-10-24,AGG,82.901886,92.690002
2023-10-25,AGG,82.284729,92.000000
2023-10-26,AGG,82.839249,92.620003
2023-10-27,AGG,82.812431,92.589996
2023-10-30,AGG,82.615646,92.370003
2023-10-31,AGG,82.561989,92.309998
2023-11-01,AGG,83.474335,93.050003
2023-11-02,AGG,83.976723,93.610001
2023-11-03,AGG,84.488068,94.180000
2023-11-06,AGG,84.066406,93.709999
2023-11-07,AGG,84.514946,94.209999
2023-11-08,AGG,84.802048,94.529999
2023-11-09,AGG,84.093338,93.739998
2023-11-10,AGG,84.290703,93.959999
2023-11-13,AGG,84.281708,93.949997
2023-11-14,AGG,85.340271,95.129997
2023-11-15,AGG,84.811005,94.540001
2023-11-16,AGG,85.277481,95.059998
2023-11-17,AGG,85.447922,95.250000
2023-11-20,AGG,85.582497,95.400002
2023-11-21,AGG,85.672203,95.500000
2023-11-22,AGG,85.752968,95.589996
2023-11-24,AGG,85.358200,95.150002
2023-11-27,AGG,85.842667,95.690002
2023-11-28,AGG,86.219437,96.110001
2023-11-29,AGG,86.641045,96.580002
2023-11-30,AGG,86.354004,96.260002
2023-12-01,AGG,87.113281,96.830002
2023-12-04,AGG,86.780441,96.459999
2023-12-05,AGG,87.356209,97.099998
2023-12-06,AGG,87.581116,97.349998
2023-12-07,AGG,87.608101,97.379997
2023-12-08,AGG,87.167297,96.889999
2023-12-11,AGG,87.176292,96.900002
2023-12-12,AGG,87.437195,97.190002
2023-12-13,AGG,88.534744,98.410004
2023-12-14,AGG,89.249329,98.919998
2023-12-15,AGG,89.041824,98.690002
2023-12-18,AGG,88.861374,98.489998
2023-12-19,AGG,88.969635,98.610001
2023-12-20,AGG,89.294441,98.970001
2023-12-21,AGG,89.285416,98.959999
2023-12-22,AGG,89.168129,98.830002
2023-12-26,AGG,89.348587,99.029999
2023-12-27,AGG,89.916977,99.660004
2023-12-28,AGG,89.718498,99.440002
2023-12-29,AGG,89.547066,99.250000
2024-01-02,AGG,89.122986,98.779999
2024-01-03,AGG,89.168129,98.830002
2024-01-04,AGG,88.807236,98.430000
2024-01-05,AGG,88.599686,98.199997
2024-01-08,AGG,88.933556,98.570000
2024-01-09,AGG,88.915489,98.550003
2024-01-10,AGG,88.744080,98.360001
2024-01-11,AGG,89.249329,98.919998
2024-01-12,AGG,89.411743,99.099998
2024-01-16,AGG,88.744080,98.360001
2024-01-17,AGG,88.500473,98.089996
2024-01-18,AGG,88.419266,98.000000
2024-01-19,AGG,88.437302,98.019997
2024-01-22,AGG,88.599686,98.199997
2024-01-23,AGG,88.383156,97.959999
2024-01-24,AGG,88.184669,97.739998
2024-01-25,AGG,88.581665,98.180000
2024-01-26,AGG,88.482414,98.070000
2024-01-29,AGG,88.834290,98.459999
2024-01-30,AGG,89.005737,98.650002
2024-01-31,AGG,89.411743,99.099998
2024-02-01,AGG,89.921196,99.370003
2024-02-02,AGG,89.097725,98.459999
2024-02-05,AGG,88.364754,97.650002
2024-02-06,AGG,88.826263,98.160004
2024-02-07,AGG,88.645248,97.959999
2024-02-08,AGG,88.373787,97.660004
2024-02-09,AGG,88.346649,97.629997
2024-02-12,AGG,88.364754,97.650002
2024-02-13,AGG,87.550346,96.750000
2024-02-14,AGG,87.939430,97.180000
2024-02-15,AGG,88.147583,97.410004
2024-02-16,AGG,87.867050,97.099998
2024-02-20,AGG,87.948479,97.190002
2024-02-21,AGG,87.686058,96.900002
2024-02-22,AGG,87.758476,96.980003
2024-02-23,AGG,88.084229,97.339996
2024-02-26,AGG,87.894203,97.129997
2024-02-27,AGG,87.776558,97.000000
2024-02-28,AGG,87.948479,97.190002
2024-02-29,AGG,88.093285,97.349998
2024-03-01,AGG,88.516205,97.529999
2024-03-04,AGG,88.298386,97.290001
2024-03-05,AGG,88.779404,97.820000
2024-03-06,AGG,88.915558,97.970001
2024-03-07,AGG,89.106125,98.180000
2024-03-08,AGG,89.187820,98.269997
2024-03-11,AGG,89.087990,98.160004
2024-03-12,AGG,88.861092,97.910004
2024-03-13,AGG,88.697716,97.730003
2024-03-14,AGG,88.135017,97.110001
2024-03-15,AGG,88.125954,97.099998
2024-03-18,AGG,88.035210,97.000000
2024-03-19,AGG,88.253006,97.239998
2024-03-20,AGG,88.434525,97.440002
2024-03-21,AGG,88.498077,97.510002
2024-03-22,AGG,88.779404,97.820000
2024-03-25,AGG,88.616043,97.639999
2024-03-26,AGG,88.706787,97.739998
2024-03-27,AGG,88.997223,98.059998
2024-03-28,AGG,88.888306,97.940002
2024-04-01,AGG,88.242020,96.940002
2024-04-02,AGG,88.178284,96.870003
2024-04-03,AGG,88.232925,96.930000
2024-04-04,AGG,88.442299,97.160004
2024-04-05,AGG,88.005333,96.680000
2024-04-08,AGG,87.923416,96.589996
2024-04-09,AGG,88.223824,96.919998
2024-04-10,AGG,87.167900,95.760002
2024-04-11,AGG,87.186104,95.779999
2024-04-12,AGG,87.349953,95.959999
2024-04-15,AGG,86.821983,95.379997
2024-04-16,AGG,86.576225,95.110001
2024-04-17,AGG,86.976738,95.550003
2024-04-18,AGG,86.730949,95.279999
2024-04-19,AGG,86.821983,95.379997
2024-04-22,AGG,86.876602,95.440002
2024-04-23,AGG,87.058655,95.639999
2024-04-24,AGG,86.831085,95.389999
2024-04-25,AGG,86.585327,95.120003
2024-04-26,AGG,86.776474,95.330002
2024-04-29,AGG,87.040474,95.620003
2024-04-30,AGG,86.685455,95.230003
2024-05-01,AGG,86.991364,95.269997
2024-05-02,AGG,87.383987,95.699997
2024-05-03,AGG,87.831406,96.190002
2024-05-06,AGG,87.895332,96.260002
2024-05-07,AGG,88.077927,96.459999
2024-05-08,AGG,87.895332,96.260002
2024-05-09,AGG,88.059662,96.440002
2024-05-10,AGG,87.877037,96.239998
2024-05-13,AGG,87.922691,96.290001
2024-05-14,AGG,88.160118,96.550003
2024-05-15,AGG,88.744499,97.190002
2024-05-16,AGG,88.644073,97.080002
2024-05-17,AGG,88.360985,96.769997
2024-05-20,AGG,88.278809,96.680000
2024-05-21,AGG,88.443176,96.860001
2024-05-22,AGG,88.333611,96.739998
2024-05-23,AGG,88.087059,96.470001
2024-05-24,AGG,88.187508,96.580002
2024-05-28,AGG,87.776611,96.129997
2024-05-29,AGG,87.438759,95.760002
2024-05-30,AGG,87.849655,96.209999
2024-05-31,AGG,88.132713,96.519997
2023-05-01,AMD,89.690002,89.690002
2023-05-02,AMD,89.910004,89.910004
2023-05-03,AMD,81.620003,81.620003
2023-05-04,AMD,86.610001,86.610001
2023-05-05,AMD,89.839996,89.839996
2023-05-08,AMD,95.040001,95.040001
2023-05-09,AMD,95.059998,95.059998
2023-05-10,AMD,97.019997,97.019997
2023-05-11,AMD,97.099998,97.099998
2023-05-12,AMD,95.260002,95.260002
2023-05-15,AMD,97.400002,97.400002
2023-05-16,AMD,101.480003,101.480003
2023-05-17,AMD,103.750000,103.750000
2023-05-18,AMD,107.930000,107.930000
2023-05-19,AMD,105.820000,105.820000
2023-05-22,AMD,108.000000,108.000000
2023-05-23,AMD,108.120003,108.120003
2023-05-24,AMD,108.269997,108.269997
2023-05-25,AMD,120.349998,120.349998
2023-05-26,AMD,127.029999,127.029999
2023-05-30,AMD,125.269997,125.269997
2023-05-31,AMD,118.209999,118.209999
2023-06-01,AMD,119.470001,119.470001
2023-06-02,AMD,117.860001,117.860001
2023-06-05,AMD,117.930000,117.930000
2023-06-06,AMD,124.230003,124.230003
2023-06-07,AMD,117.830002,117.830002
2023-06-08,AMD,121.050003,121.050003
2023-06-09,AMD,124.919998,124.919998
2023-06-12,AMD,129.190002,129.190002
2023-06-13,AMD,124.529999,124.529999
2023-06-14,AMD,127.330002,127.330002
2023-06-15,AMD,124.239998,124.239998
2023-06-16,AMD,120.080002,120.080002
2023-06-20,AMD,118.930000,118.930000
2023-06-21,AMD,112.110001,112.110001
2023-06-22,AMD,110.699997,110.699997
2023-06-23,AMD,110.010002,110.010002
2023-06-26,AMD,107.510002,107.510002
2023-06-27,AMD,110.389999,110.389999
2023-06-28,AMD,110.169998,110.169998
2023-06-29,AMD,111.239998,111.239998
2023-06-30,AMD,113.910004,113.910004
2023-07-03,AMD,115.820000,115.820000
2023-07-05,AMD,113.949997,113.949997
2023-07-06,AMD,113.480003,113.480003
2023-07-07,AMD,113.169998,113.169998
2023-07-10,AMD,113.580002,113.580002
2023-07-11,AMD,111.320000,111.320000
2023-07-12,AMD,114.580002,114.580002
2023-07-13,AMD,115.919998,115.919998
2023-07-14,AMD,115.940002,115.940002
2023-07-17,AMD,118.320000,118.320000
2023-07-18,AMD,117.930000,117.930000
2023-07-19,AMD,116.430000,116.430000
2023-07-20,AMD,110.250000,110.250000
2023-07-21,AMD,110.949997,110.949997
2023-07-24,AMD,110.610001,110.610001
2023-07-25,AMD,113.000000,113.000000
2023-07-26,AMD,110.089996,110.089996
2023-07-27,AMD,111.099998,111.099998
2023-07-28,AMD,112.959999,112.959999
2023-07-31,AMD,114.400002,114.400002
2023-08-01,AMD,117.599998,117.599998
2023-08-02,AMD,109.349998,109.349998
2023-08-03,AMD,113.150002,113.150002
2023-08-04,AMD,115.820000,115.820000
2023-08-07,AMD,116.809998,116.809998
2023-08-08,AMD,113.230003,113.230003
2023-08-09,AMD,110.470001,110.470001
2023-08-10,AMD,110.230003,110.230003
2023-08-11,AMD,107.570000,107.570000
2023-08-14,AMD,111.980003,111.980003
2023-08-15,AMD,111.349998,111.349998
2023-08-16,AMD,107.190002,107.190002
2023-08-17,AMD,104.440002,104.440002
2023-08-18,AMD,105.449997,105.449997
2023-08-21,AMD,108.220001,108.220001
2023-08-22,AMD,105.660004,105.660004
2023-08-23,AMD,109.430000,109.430000
2023-08-24,AMD,101.800003,101.800003
2023-08-25,AMD,102.250000,102.250000
2023-08-28,AMD,102.610001,102.610001
2023-08-29,AMD,105.919998,105.919998
2023-08-30,AMD,106.589996,106.589996
2023-08-31,AMD,105.720001,105.720001
2023-09-01,AMD,109.449997,109.449997
2023-09-05,AMD,110.779999,110.779999
2023-09-06,AMD,109.279999,109.279999
2023-09-07,AMD,106.589996,106.589996
2023-09-08,AMD,106.089996,106.089996
2023-09-11,AMD,105.320000,105.320000
2023-09-12,AMD,105.309998,105.309998
2023-09-13,AMD,107.709999,107.709999
2023-09-14,AMD,106.629997,106.629997
2023-09-15,AMD,101.489998,101.489998
2023-09-18,AMD,102.370003,102.370003
2023-09-19,AMD,101.610001,101.610001
2023-09-20,AMD,100.339996,100.339996
2023-09-21,AMD,96.110001,96.110001
2023-09-22,AMD,96.199997,96.199997
2023-09-25,AMD,97.379997,97.379997
2023-09-26,AMD,95.959999,95.959999
2023-09-27,AMD,98.070000,98.070000
2023-09-28,AMD,102.760002,102.760002
2023-09-29,AMD,102.820000,102.820000
2023-10-02,AMD,103.269997,103.269997
2023-10-03,AMD,100.080002,100.080002
2023-10-04,AMD,104.070000,104.070000
2023-10-05,AMD,102.910004,102.910004
2023-10-06,AMD,107.239998,107.239998
2023-10-09,AMD,106.970001,106.970001
2023-10-10,AMD,109.010002,109.010002
2023-10-11,AMD,108.309998,108.309998
2023-10-12,AMD,108.790001,108.790001
2023-10-13,AMD,105.089996,105.089996
2023-10-16,AMD,106.459999,106.459999
2023-10-17,AMD,105.139999,105.139999
2023-10-18,AMD,102.169998,102.169998
2023-10-19,AMD,102.400002,102.400002
2023-10-20,AMD,101.809998,101.809998
2023-10-23,AMD,100.010002,100.010002
2023-10-24,AMD,101.669998,101.669998
2023-10-25,AMD,96.059998,96.059998
2023-10-26,AMD,93.669998,93.669998
2023-10-27,AMD,96.430000,96.430000
2023-10-30,AMD,96.180000,96.180000
2023-10-31,AMD,98.500000,98.500000
2023-11-01,AMD,108.040001,108.040001
2023-11-02,AMD,107.830002,107.830002
2023-11-03,AMD,112.250000,112.250000
2023-11-06,AMD,111.750000,111.750000
2023-11-07,AMD,113.449997,113.449997
2023-11-08,AMD,113.589996,113.589996
2023-11-09,AMD,113.489998,113.489998
2023-11-10,AMD,118.589996,118.589996
2023-11-13,AMD,116.790001,116.790001
2023-11-14,AMD,119.879997,119.879997
2023-11-15,AMD,118.000000,118.000000
2023-11-16,AMD,119.830002,119.830002
2023-11-17,AMD,120.620003,120.620003
2023-11-20,AMD,121.529999,121.529999
2023-11-21,AMD,119.160004,119.160004
2023-11-22,AMD,122.510002,122.510002
2023-11-24,AMD,122.309998,122.309998
2023-11-27,AMD,122.650002,122.650002
2023-11-28,AMD,122.010002,122.010002
2023-11-29,AMD,123.849998,123.849998
2023-11-30,AMD,121.160004,121.160004
2023-12-01,AMD,121.389999,121.389999
2023-12-04,AMD,118.570000,118.570000
2023-12-05,AMD,118.379997,118.379997
2023-12-06,AMD,116.820000,116.820000
2023-12-07,AMD,128.369995,128.369995
2023-12-08,AMD,128.919998,128.919998
2023-12-11,AMD,134.410004,134.410004
2023-12-12,AMD,137.610001,137.610001
2023-12-13,AMD,138.190002,138.190002
2023-12-14,AMD,138.000000,138.000000
2023-12-15,AMD,139.149994,139.149994
2023-12-18,AMD,138.899994,138.899994
2023-12-19,AMD,140.149994,140.149994
2023-12-20,AMD,135.470001,135.470001
2023-12-21,AMD,139.910004,139.910004
2023-12-22,AMD,139.600006,139.600006
2023-12-26,AMD,143.410004,143.410004
2023-12-27,AMD,146.070007,146.070007
2023-12-28,AMD,148.759995,148.759995
2023-12-29,AMD,147.410004,147.410004
2024-01-02,AMD,138.580002,138.580002
2024-01-03,AMD,135.320007,135.320007
2024-01-04,AMD,136.009995,136.009995
2024-01-05,AMD,138.580002,138.580002
2024-01-08,AMD,146.179993,146.179993
2024-01-09,AMD,149.259995,149.259995
2024-01-10,AMD,148.539993,148.539993
2024-01-11,AMD,148.020004,148.020004
2024-01-12,AMD,146.559998,146.559998
2024-01-16,AMD,158.740005,158.740005
2024-01-17,AMD,160.169998,160.169998
2024-01-18,AMD,162.669998,162.669998
2024-01-19,AMD,174.229996,174.229996
2024-01-22,AMD,168.179993,168.179993
2024-01-23,AMD,168.419998,168.419998
2024-01-24,AMD,178.289993,178.289993
2024-01-25,AMD,180.330002,180.330002
2024-01-26,AMD,177.250000,177.250000
2024-01-29,AMD,177.830002,177.830002
2024-01-30,AMD,172.059998,172.059998
2024-01-31,AMD,167.690002,167.690002
2024-02-01,AMD,170.479996,170.479996
2024-02-02,AMD,177.660004,177.660004
2024-02-05,AMD,174.229996,174.229996
2024-02-06,AMD,167.880005,167.880005
2024-02-07,AMD,170.940002,170.940002
2024-02-08,AMD,169.350006,169.350006
2024-02-09,AMD,172.479996,172.479996
2024-02-12,AMD,171.910004,171.910004
2024-02-13,AMD,171.539993,171.539993
2024-02-14,AMD,178.699997,178.699997
2024-02-15,AMD,176.759995,176.759995
2024-02-16,AMD,173.869995,173.869995
2024-02-20,AMD,165.690002,165.690002
2024-02-21,AMD,164.289993,164.289993
2024-02-22,AMD,181.860001,181.860001
2024-02-23,AMD,176.520004,176.520004
2024-02-26,AMD,176.009995,176.009995
2024-02-27,AMD,178.000000,178.000000
2024-02-28,AMD,176.539993,176.539993
2024-02-29,AMD,192.529999,192.529999
2024-03-01,AMD,202.639999,202.639999
2024-03-04,AMD,205.360001,205.360001
2024-03-05,AMD,205.130005,205.130005
2024-03-06,AMD,210.630005,210.630005
2024-03-07,AMD,211.380005,211.380005
2024-03-08,AMD,207.389999,207.389999
2024-03-11,AMD,198.389999,198.389999
2024-03-12,AMD,202.759995,202.759995
2024-03-13,AMD,194.789993,194.789993
2024-03-14,AMD,187.059998,187.059998
2024-03-15,AMD,191.059998,191.059998
2024-03-18,AMD,190.649994,190.649994
2024-03-19,AMD,181.419998,181.419998
2024-03-20,AMD,179.729996,179.729996
2024-03-21,AMD,178.679993,178.679993
2024-03-22,AMD,179.649994,179.649994
2024-03-25,AMD,178.630005,178.630005
2024-03-26,AMD,177.869995,177.869995
2024-03-27,AMD,179.589996,179.589996
2024-03-28,AMD,180.490005,180.490005
2024-04-01,AMD,183.339996,183.339996
2024-04-02,AMD,178.699997,178.699997
2024-04-03,AMD,180.770004,180.770004
2024-04-04,AMD,165.830002,165.830002
2024-04-05,AMD,170.419998,170.419998
2024-04-08,AMD,169.899994,169.899994
2024-04-09,AMD,170.779999,170.779999
2024-04-10,AMD,167.139999,167.139999
2024-04-11,AMD,170.500000,170.500000
2024-04-12,AMD,163.279999,163.279999
2024-04-15,AMD,160.320007,160.320007
2024-04-16,AMD,163.460007,163.460007
2024-04-17,AMD,154.020004,154.020004
2024-04-18,AMD,155.080002,155.080002
2024-04-19,AMD,146.639999,146.639999
2024-04-22,AMD,148.639999,148.639999
2024-04-23,AMD,152.270004,152.270004
2024-04-24,AMD,151.740005,151.740005
2024-04-25,AMD,153.759995,153.759995
2024-04-26,AMD,157.399994,157.399994
2024-04-29,AMD,160.199997,160.199997
2024-04-30,AMD,158.380005,158.380005
2024-05-01,AMD,144.270004,144.270004
2024-05-02,AMD,146.160004,146.160004
2024-05-03,AMD,150.600006,150.600006
2024-05-06,AMD,155.779999,155.779999
2024-05-07,AMD,154.429993,154.429993
2024-05-08,AMD,153.619995,153.619995
2024-05-09,AMD,152.389999,152.389999
2024-05-10,AMD,151.919998,151.919998
2024-05-13,AMD,150.559998,150.559998
2024-05-14,AMD,153.160004,153.160004
2024-05-15,AMD,159.669998,159.669998
2024-05-16,AMD,162.619995,162.619995
2024-05-17,AMD,164.470001,164.470001
2024-05-20,AMD,166.330002,166.330002
2024-05-21,AMD,164.660004,164.660004
2024-05-22,AMD,165.520004,165.520004
2024-05-23,AMD,160.429993,160.429993
2024-05-24,AMD,166.360001,166.360001
2024-05-28,AMD,171.610001,171.610001
2024-05-29,AMD,165.139999,165.139999
2024-05-30,AMD,166.750000,166.750000
2024-05-31,AMD,166.899994,166.899994
2023-05-01,AMZN,102.050003,102.050003
2023-05-02,AMZN,103.629997,103.629997
2023-05-03,AMZN,103.650002,103.650002
2023-05-04,AMZN,104.000000,104.000000
2023-05-05,AMZN,105.660004,105.660004
2023-05-08,AMZN,105.830002,105.830002
2023-05-09,AMZN,106.620003,106.620003
2023-05-10,AMZN,110.190002,110.190002
2023-05-11,AMZN,112.180000,112.180000
2023-05-12,AMZN,110.260002,110.260002
2023-05-15,AMZN,111.199997,111.199997
2023-05-16,AMZN,113.400002,113.400002
2023-05-17,AMZN,115.500000,115.500000
2023-05-18,AMZN,118.150002,118.150002
2023-05-19,AMZN,116.250000,116.250000
2023-05-22,AMZN,115.010002,115.010002
2023-05-23,AMZN,114.989998,114.989998
2023-05-24,AMZN,116.750000,116.750000
2023-05-25,AMZN,115.000000,115.000000
2023-05-26,AMZN,120.110001,120.110001
2023-05-30,AMZN,121.660004,121.660004
2023-05-31,AMZN,120.580002,120.580002
2023-06-01,AMZN,122.769997,122.769997
2023-06-02,AMZN,124.250000,124.250000
2023-06-05,AMZN,125.300003,125.300003
2023-06-06,AMZN,126.610001,126.610001
2023-06-07,AMZN,121.230003,121.230003
2023-06-08,AMZN,124.250000,124.250000
2023-06-09,AMZN,123.430000,123.430000
2023-06-12,AMZN,126.570000,126.570000
2023-06-13,AMZN,126.660004,126.660004
2023-06-14,AMZN,126.419998,126.419998
2023-06-15,AMZN,127.110001,127.110001
2023-06-16,AMZN,125.489998,125.489998
2023-06-20,AMZN,125.779999,125.779999
2023-06-21,AMZN,124.830002,124.830002
2023-06-22,AMZN,130.149994,130.149994
2023-06-23,AMZN,129.330002,129.330002
2023-06-26,AMZN,127.330002,127.330002
2023-06-27,AMZN,129.179993,129.179993
2023-06-28,AMZN,129.039993,129.039993
2023-06-29,AMZN,127.900002,127.900002
2023-06-30,AMZN,130.360001,130.360001
2023-07-03,AMZN,130.220001,130.220001
2023-07-05,AMZN,130.380005,130.380005
2023-07-06,AMZN,128.360001,128.360001
2023-07-07,AMZN,129.779999,129.779999
2023-07-10,AMZN,127.129997,127.129997
2023-07-11,AMZN,128.779999,128.779999
2023-07-12,AMZN,130.800003,130.800003
2023-07-13,AMZN,134.300003,134.300003
2023-07-14,AMZN,134.679993,134.679993
2023-07-17,AMZN,133.559998,133.559998
2023-07-18,AMZN,132.830002,132.830002
2023-07-19,AMZN,135.360001,135.360001
2023-07-20,AMZN,129.960007,129.960007
2023-07-21,AMZN,130.000000,130.000000
2023-07-24,AMZN,128.800003,128.800003
2023-07-25,AMZN,129.130005,129.130005
2023-07-26,AMZN,128.149994,128.149994
2023-07-27,AMZN,128.250000,128.250000
2023-07-28,AMZN,132.210007,132.210007
2023-07-31,AMZN,133.679993,133.679993
2023-08-01,AMZN,131.690002,131.690002
2023-08-02,AMZN,128.210007,128.210007
2023-08-03,AMZN,128.910004,128.910004
2023-08-04,AMZN,139.570007,139.570007
2023-08-07,AMZN,142.220001,142.220001
2023-08-08,AMZN,139.940002,139.940002
2023-08-09,AMZN,137.850006,137.850006
2023-08-10,AMZN,138.559998,138.559998
2023-08-11,AMZN,138.410004,138.410004
2023-08-14,AMZN,140.570007,140.570007
2023-08-15,AMZN,137.669998,137.669998
2023-08-16,AMZN,135.070007,135.070007
2023-08-17,AMZN,133.979996,133.979996
2023-08-18,AMZN,133.220001,133.220001
2023-08-21,AMZN,134.679993,134.679993
2023-08-22,AMZN,134.250000,134.250000
2023-08-23,AMZN,135.520004,135.520004
2023-08-24,AMZN,131.839996,131.839996
2023-08-25,AMZN,133.259995,133.259995
2023-08-28,AMZN,133.139999,133.139999
2023-08-29,AMZN,134.910004,134.910004
2023-08-30,AMZN,135.070007,135.070007
2023-08-31,AMZN,138.009995,138.009995
2023-09-01,AMZN,138.119995,138.119995
2023-09-05,AMZN,137.270004,137.270004
2023-09-06,AMZN,135.360001,135.360001
2023-09-07,AMZN,137.850006,137.850006
2023-09-08,AMZN,138.229996,138.229996
2023-09-11,AMZN,143.100006,143.100006
2023-09-12,AMZN,141.229996,141.229996
2023-09-13,AMZN,144.850006,144.850006
2023-09-14,AMZN,144.720001,144.720001
2023-09-15,AMZN,140.389999,140.389999
2023-09-18,AMZN,139.979996,139.979996
2023-09-19,AMZN,137.630005,137.630005
2023-09-20,AMZN,135.289993,135.289993
2023-09-21,AMZN,129.330002,129.330002
2023-09-22,AMZN,129.119995,129.119995
2023-09-25,AMZN,131.270004,131.270004
2023-09-26,AMZN,125.980003,125.980003
2023-09-27,AMZN,125.980003,125.980003
2023-09-28,AMZN,125.980003,125.980003
2023-09-29,AMZN,127.120003,127.120003
2023-10-02,AMZN,129.460007,129.460007
2023-10-03,AMZN,124.720001,124.720001
2023-10-04,AMZN,127.000000,127.000000
2023-10-05,AMZN,125.959999,125.959999
2023-10-06,AMZN,127.959999,127.959999
2023-10-09,AMZN,128.259995,128.259995
2023-10-10,AMZN,129.479996,129.479996
2023-10-11,AMZN,131.830002,131.830002
2023-10-12,AMZN,132.330002,132.330002
2023-10-13,AMZN,129.789993,129.789993
2023-10-16,AMZN,132.550003,132.550003
2023-10-17,AMZN,131.470001,131.470001
2023-10-18,AMZN,128.130005,128.130005
2023-10-19,AMZN,128.399994,128.399994
2023-10-20,AMZN,125.169998,125.169998
2023-10-23,AMZN,126.559998,126.559998
2023-10-24,AMZN,128.559998,128.559998
2023-10-25,AMZN,121.389999,121.389999
2023-10-26,AMZN,119.570000,119.570000
2023-10-27,AMZN,127.739998,127.739998
2023-10-30,AMZN,132.710007,132.710007
2023-10-31,AMZN,133.089996,133.089996
2023-11-01,AMZN,137.000000,137.000000
2023-11-02,AMZN,138.070007,138.070007
2023-11-03,AMZN,138.600006,138.600006
2023-11-06,AMZN,139.740005,139.740005
2023-11-07,AMZN,142.710007,142.710007
2023-11-08,AMZN,142.080002,142.080002
2023-11-09,AMZN,140.600006,140.600006
2023-11-10,AMZN,143.559998,143.559998
2023-11-13,AMZN,142.589996,142.589996
2023-11-14,AMZN,145.800003,145.800003
2023-11-15,AMZN,143.199997,143.199997
2023-11-16,AMZN,142.830002,142.830002
2023-11-17,AMZN,145.179993,145.179993
2023-11-20,AMZN,146.130005,146.130005
2023-11-21,AMZN,143.899994,143.899994
2023-11-22,AMZN,146.710007,146.710007
2023-11-24,AMZN,146.740005,146.740005
2023-11-27,AMZN,147.729996,147.729996
2023-11-28,AMZN,147.029999,147.029999
2023-11-29,AMZN,146.320007,146.320007
2023-11-30,AMZN,146.089996,146.089996
2023-12-01,AMZN,147.029999,147.029999
2023-12-04,AMZN,144.839996,144.839996
2023-12-05,AMZN,146.880005,146.880005
2023-12-06,AMZN,144.520004,144.520004
2023-12-07,AMZN,146.880005,146.880005
2023-12-08,AMZN,147.419998,147.419998
2023-12-11,AMZN,145.889999,145.889999
2023-12-12,AMZN,147.479996,147.479996
2023-12-13,AMZN,148.839996,148.839996
2023-12-14,AMZN,147.419998,147.419998
2023-12-15,AMZN,149.970001,149.970001
2023-12-18,AMZN,154.070007,154.070007
2023-12-19,AMZN,153.789993,153.789993
2023-12-20,AMZN,152.119995,152.119995
2023-12-21,AMZN,153.839996,153.839996
2023-12-22,AMZN,153.419998,153.419998
2023-12-26,AMZN,153.410004,153.410004
2023-12-27,AMZN,153.339996,153.339996
2023-12-28,AMZN,153.380005,153.380005
2023-12-29,AMZN,151.940002,151.940002
2024-01-02,AMZN,149.929993,149.929993
2024-01-03,AMZN,148.470001,148.470001
2024-01-04,AMZN,144.570007,144.570007
2024-01-05,AMZN,145.240005,145.240005
2024-01-08,AMZN,149.100006,149.100006
2024-01-09,AMZN,151.369995,151.369995
2024-01-10,AMZN,153.729996,153.729996
2024-01-11,AMZN,155.179993,155.179993
2024-01-12,AMZN,154.619995,154.619995
2024-01-16,AMZN,153.160004,153.160004
2024-01-17,AMZN,151.710007,151.710007
2024-01-18,AMZN,153.500000,153.500000
2024-01-19,AMZN,155.339996,155.339996
2024-01-22,AMZN,154.779999,154.779999
2024-01-23,AMZN,156.020004,156.020004
2024-01-24,AMZN,156.869995,156.869995
2024-01-25,AMZN,157.750000,157.750000
2024-01-26,AMZN,159.119995,159.119995
2024-01-29,AMZN,161.259995,161.259995
2024-01-30,AMZN,159.000000,159.000000
2024-01-31,AMZN,155.199997,155.199997
2024-02-01,AMZN,159.279999,159.279999
2024-02-02,AMZN,171.809998,171.809998
2024-02-05,AMZN,170.309998,170.309998
2024-02-06,AMZN,169.149994,169.149994
2024-02-07,AMZN,170.529999,170.529999
2024-02-08,AMZN,169.839996,169.839996
2024-02-09,AMZN,174.449997,174.449997
2024-02-12,AMZN,172.339996,172.339996
2024-02-13,AMZN,168.639999,168.639999
2024-02-14,AMZN,170.979996,170.979996
2024-02-15,AMZN,169.800003,169.800003
2024-02-16,AMZN,169.509995,169.509995
2024-02-20,AMZN,167.080002,167.080002
2024-02-21,AMZN,168.589996,168.589996
2024-02-22,AMZN,174.580002,174.580002
2024-02-23,AMZN,174.990005,174.990005
2024-02-26,AMZN,174.729996,174.729996
2024-02-27,AMZN,173.539993,173.539993
2024-02-28,AMZN,173.160004,173.160004
2024-02-29,AMZN,176.759995,176.759995
2024-03-01,AMZN,178.220001,178.220001
2024-03-04,AMZN,177.580002,177.580002
2024-03-05,AMZN,174.119995,174.119995
2024-03-06,AMZN,173.509995,173.509995
2024-03-07,AMZN,176.820007,176.820007
2024-03-08,AMZN,175.350006,175.350006
2024-03-11,AMZN,171.960007,171.960007
2024-03-12,AMZN,175.389999,175.389999
2024-03-13,AMZN,176.559998,176.559998
2024-03-14,AMZN,178.750000,178.750000
2024-03-15,AMZN,174.419998,174.419998
2024-03-18,AMZN,174.479996,174.479996
2024-03-19,AMZN,175.899994,175.899994
2024-03-20,AMZN,178.149994,178.149994
2024-03-21,AMZN,178.149994,178.149994
2024-03-22,AMZN,178.869995,178.869995
2024-03-25,AMZN,179.710007,179.710007
2024-03-26,AMZN,178.300003,178.300003
2024-03-27,AMZN,179.830002,179.830002
2024-03-28,AMZN,180.380005,180.380005
2024-04-01,AMZN,180.970001,180.970001
2024-04-02,AMZN,180.690002,180.690002
2024-04-03,AMZN,182.410004,182.410004
2024-04-04,AMZN,180.000000,180.000000
2024-04-05,AMZN,185.070007,185.070007
2024-04-08,AMZN,185.190002,185.190002
2024-04-09,AMZN,185.669998,185.669998
2024-04-10,AMZN,185.949997,185.949997
2024-04-11,AMZN,189.050003,189.050003
2024-04-12,AMZN,186.130005,186.130005
2024-04-15,AMZN,183.619995,183.619995
2024-04-16,AMZN,183.320007,183.320007
2024-04-17,AMZN,181.279999,181.279999
2024-04-18,AMZN,179.220001,179.220001
2024-04-19,AMZN,174.630005,174.630005
2024-04-22,AMZN,177.229996,177.229996
2024-04-23,AMZN,179.539993,179.539993
2024-04-24,AMZN,176.589996,176.589996
2024-04-25,AMZN,173.669998,173.669998
2024-04-26,AMZN,179.619995,179.619995
2024-04-29,AMZN,180.960007,180.960007
2024-04-30,AMZN,175.000000,175.000000
2024-05-01,AMZN,179.000000,179.000000
2024-05-02,AMZN,184.720001,184.720001
2024-05-03,AMZN,186.210007,186.210007
2024-05-06,AMZN,188.699997,188.699997
2024-05-07,AMZN,188.759995,188.759995
2024-05-08,AMZN,188.000000,188.000000
2024-05-09,AMZN,189.500000,189.500000
2024-05-10,AMZN,187.479996,187.479996
2024-05-13,AMZN,186.570007,186.570007
2024-05-14,AMZN,187.070007,187.070007
2024-05-15,AMZN,185.990005,185.990005
2024-05-16,AMZN,183.630005,183.630005
2024-05-17,AMZN,184.699997,184.699997
2024-05-20,AMZN,183.539993,183.539993
2024-05-21,AMZN,183.149994,183.149994
2024-05-22,AMZN,183.130005,183.130005
2024-05-23,AMZN,181.050003,181.050003
2024-05-24,AMZN,180.750000,180.750000
2024-05-28,AMZN,182.149994,182.149994
2024-05-29,AMZN,182.020004,182.020004
2024-05-30,AMZN,179.320007,179.320007
2024-05-31,AMZN,176.440002,176.440002
2023-05-01,AOA,59.451252,64.160004
2023-05-02,AOA,58.997196,63.669998
2023-05-03,AOA,58.848949,63.509998
2023-05-04,AOA,58.663628,63.310001
2023-05-05,AOA,59.395649,64.099998
2023-05-08,AOA,59.377110,64.080002
2023-05-09,AOA,59.136189,63.820000
2023-05-10,AOA,59.302982,64.000000
2023-05-11,AOA,59.163990,63.849998
2023-05-12,AOA,59.043533,63.720001
2023-05-15,AOA,59.302982,64.000000
2023-05-16,AOA,58.876743,63.540001
2023-05-17,AOA,59.265915,63.959999
2023-05-18,AOA,59.488308,64.199997
2023-05-19,AOA,59.479034,64.190002
2023-05-22,AOA,59.479034,64.190002
2023-05-23,AOA,58.978676,63.650002
2023-05-24,AOA,58.422707,63.049999
2023-05-25,AOA,58.589489,63.230000
2023-05-26,AOA,59.201061,63.889999
2023-05-30,AOA,59.025002,63.700001
2023-05-31,AOA,58.793350,63.450001
2023-06-01,AOA,59.284458,63.980000
2023-06-02,AOA,60.053535,64.809998
2023-06-05,AOA,59.886749,64.629997
2023-06-06,AOA,60.183258,64.949997
2023-06-07,AOA,59.923813,64.669998
2023-06-08,AOA,60.294449,65.070000
2023-06-09,AOA,60.238857,65.010002
2023-06-12,AOA,60.581692,65.379997
2023-06-13,AOA,60.970882,65.800003
2023-06-14,AOA,61.007938,65.839996
2023-06-15,AOA,61.628777,66.510002
2023-06-16,AOA,61.443439,66.309998
2023-06-20,AOA,61.109867,65.949997
2023-06-21,AOA,60.906021,65.730003
2023-06-22,AOA,60.822624,65.639999
2023-06-23,AOA,60.405643,65.190002
2023-06-26,AOA,60.368584,65.150002
2023-06-27,AOA,60.841164,65.660004
2023-06-28,AOA,60.794827,65.610001
2023-06-29,AOA,60.887486,65.709999
2023-06-30,AOA,61.471245,66.339996
2023-07-03,AOA,61.489784,66.360001
2023-07-05,AOA,61.274113,65.629997
2023-07-06,AOA,60.601913,64.910004
2023-07-07,AOA,60.695263,65.010002
2023-07-10,AOA,60.919334,65.250000
2023-07-11,AOA,61.320797,65.680000
2023-07-12,AOA,61.983677,66.389999
2023-07-13,AOA,62.618546,67.070000
2023-07-14,AOA,62.319782,66.750000
2023-07-17,AOA,62.515846,66.959999
2023-07-18,AOA,62.851952,67.320000
2023-07-19,AOA,62.945312,67.419998
2023-07-20,AOA,62.506500,66.949997
2023-07-21,AOA,62.599857,67.050003
2023-07-24,AOA,62.758595,67.220001
2023-07-25,AOA,62.851952,67.320000
2023-07-26,AOA,62.907959,67.379997
2023-07-27,AOA,62.581196,67.029999
2023-07-28,AOA,63.150700,67.639999
2023-07-31,AOA,63.225407,67.720001
2023-08-01,AOA,62.851952,67.320000
2023-08-02,AOA,62.011688,66.419998
2023-08-03,AOA,61.815624,66.209999
2023-08-04,AOA,61.815624,66.209999
2023-08-07,AOA,62.095711,66.510002
2023-08-08,AOA,61.918320,66.320000
2023-08-09,AOA,61.740913,66.129997
2023-08-10,AOA,61.703587,66.089996
2023-08-11,AOA,61.470169,65.839996
2023-08-14,AOA,61.526192,65.900002
2023-08-15,AOA,60.928665,65.260002
2023-08-16,AOA,60.545879,64.849998
2023-08-17,AOA,60.219109,64.500000
2023-08-18,AOA,60.191101,64.470001
2023-08-21,AOA,60.340485,64.629997
2023-08-22,AOA,60.265800,64.550003
2023-08-23,AOA,60.872650,65.199997
2023-08-24,AOA,60.321815,64.610001
2023-08-25,AOA,60.545879,64.849998
2023-08-28,AOA,60.975346,65.309998
2023-08-29,AOA,61.703587,66.089996
2023-08-30,AOA,61.778267,66.169998
2023-08-31,AOA,61.740913,66.129997
2023-09-01,AOA,61.740913,66.129997
2023-09-05,AOA,61.414154,65.779999
2023-09-06,AOA,61.040695,65.379997
2023-09-07,AOA,60.938011,65.269997
2023-09-08,AOA,60.947346,65.279999
2023-09-11,AOA,61.330143,65.690002
2023-09-12,AOA,61.115395,65.459999
2023-09-13,AOA,61.106071,65.449997
2023-09-14,AOA,61.591553,65.970001
2023-09-15,AOA,61.162090,65.510002
2023-09-18,AOA,61.096729,65.440002
2023-09-19,AOA,60.994030,65.330002
2023-09-20,AOA,60.704597,65.019997
2023-09-21,AOA,59.798981,64.050003
2023-09-22,AOA,59.836327,64.089996
2023-09-25,AOA,59.798981,64.050003
2023-09-26,AOA,59.098759,63.299999
2023-09-27,AOA,59.042744,63.240002
2023-09-28,AOA,59.444195,63.669998
2023-09-29,AOA,59.276142,63.490002
2023-10-02,AOA,58.884018,63.070000
2023-10-03,AOA,58.214088,62.130001
2023-10-04,AOA,58.485806,62.419998
2023-10-05,AOA,58.616978,62.560001
2023-10-06,AOA,59.094841,63.070000
2023-10-09,AOA,59.329082,63.320000
2023-10-10,AOA,59.750725,63.770000
2023-10-11,AOA,60.022442,64.059998
2023-10-12,AOA,59.750725,63.770000
2023-10-13,AOA,59.291603,63.279999
2023-10-16,AOA,59.703873,63.720001
2023-10-17,AOA,59.628914,63.639999
2023-10-18,AOA,58.888702,62.849998
2023-10-19,AOA,58.467075,62.400002
2023-10-20,AOA,57.961105,61.860001
2023-10-23,AOA,57.867405,61.759998
2023-10-24,AOA,58.279678,62.200001
2023-10-25,AOA,57.633160,61.509998
2023-10-26,AOA,57.286488,61.139999
2023-10-27,AOA,57.117832,60.959999
2023-10-30,AOA,57.567574,61.439999
2023-10-31,AOA,57.773708,61.660000
2023-11-01,AOA,58.354630,62.279999
2023-11-02,AOA,59.329082,63.320000
2023-11-03,AOA,59.975597,64.010002
2023-11-06,AOA,59.928738,63.959999
2023-11-07,AOA,59.928738,63.959999
2023-11-08,AOA,59.910004,63.939999
2023-11-09,AOA,59.544586,63.549999
2023-11-10,AOA,60.162991,64.209999
2023-11-13,AOA,60.078667,64.120003
2023-11-14,AOA,61.352943,65.480003
2023-11-15,AOA,61.390423,65.519997
2023-11-16,AOA,61.362309,65.489998
2023-11-17,AOA,61.737095,65.889999
2023-11-20,AOA,62.036934,66.209999
2023-11-21,AOA,61.933865,66.099998
2023-11-22,AOA,62.046310,66.220001
2023-11-24,AOA,62.149376,66.330002
2023-11-27,AOA,62.074413,66.250000
2023-11-28,AOA,62.149376,66.330002
2023-11-29,AOA,62.280540,66.470001
2023-11-30,AOA,62.308662,66.500000
2023-12-01,AOA,62.870838,67.099998
2023-12-04,AOA,62.496052,66.699997
2023-12-05,AOA,62.449203,66.650002
2023-12-06,AOA,62.449203,66.650002
2023-12-07,AOA,62.739662,66.959999
2023-12-08,AOA,62.823978,67.050003
2023-12-11,AOA,63.020763,67.260002
2023-12-12,AOA,63.161312,67.410004
2023-12-13,AOA,64.070168,68.379997
2023-12-14,AOA,64.641716,68.989998
2023-12-15,AOA,64.304398,68.629997
2023-12-18,AOA,64.454323,68.790001
2023-12-19,AOA,64.866600,69.230003
2023-12-20,AOA,64.229454,68.550003
2023-12-21,AOA,64.838478,69.199997
2023-12-22,AOA,64.939644,68.680000
2023-12-26,AOA,65.194939,68.949997
2023-12-27,AOA,65.506989,69.279999
2023-12-28,AOA,65.450249,69.220001
2023-12-29,AOA,65.289505,69.050003
2024-01-02,AOA,64.845093,68.580002
2024-01-03,AOA,64.410141,68.120003
2024-01-04,AOA,64.268318,67.970001
2024-01-05,AOA,64.306152,68.010002
2024-01-08,AOA,64.930199,68.669998
2024-01-09,AOA,64.703255,68.430000
2024-01-10,AOA,64.958565,68.699997
2024-01-11,AOA,64.968018,68.709999
2024-01-12,AOA,65.119308,68.870003
2024-01-16,AOA,64.457420,68.169998
2024-01-17,AOA,64.060295,67.750000
2024-01-18,AOA,64.438507,68.150002
2024-01-19,AOA,64.920746,68.660004
2024-01-22,AOA,65.072021,68.820000
2024-01-23,AOA,65.147675,68.900002
2024-01-24,AOA,65.298943,69.059998
2024-01-25,AOA,65.535347,69.309998
2024-01-26,AOA,65.629898,69.410004
2024-01-29,AOA,65.970291,69.769997
2024-01-30,AOA,65.913551,69.709999
2024-01-31,AOA,65.355698,69.120003
2024-02-01,AOA,65.960838,69.760002
2024-02-02,AOA,66.093208,69.900002
2024-02-05,AOA,65.819000,69.610001
2024-02-06,AOA,66.140488,69.949997
2024-02-07,AOA,66.329590,70.150002
2024-02-08,AOA,66.339050,70.160004
2024-02-09,AOA,66.584892,70.419998
2024-02-12,AOA,66.726715,70.570000
2024-02-13,AOA,65.724457,69.510002
2024-02-14,AOA,66.339050,70.160004
2024-02-15,AOA,66.830742,70.680000
2024-02-16,AOA,66.688896,70.529999
2024-02-20,AOA,66.518707,70.349998
2024-02-21,AOA,66.603798,70.440002
2024-02-22,AOA,67.483154,71.370003
2024-02-23,AOA,67.558792,71.449997
2024-02-26,AOA,67.379158,71.260002
2024-02-27,AOA,67.473694,71.360001
2024-02-28,AOA,67.265678,71.139999
2024-02-29,AOA,67.520966,71.410004
2024-03-01,AOA,68.078842,72.000000
2024-03-04,AOA,67.984299,71.900002
2024-03-05,AOA,67.662804,71.559998
2024-03-06,AOA,68.078842,72.000000
2024-03-07,AOA,68.646172,72.599998
2024-03-08,AOA,68.438141,72.379997
2024-03-11,AOA,68.239586,72.169998
2024-03-12,AOA,68.721809,72.680000
2024-03-13,AOA,68.693451,72.650002
2024-03-14,AOA,68.438141,72.379997
2024-03-15,AOA,68.116661,72.040001
2024-03-18,AOA,68.305771,72.239998
2024-03-19,AOA,68.579987,72.529999
2024-03-20,AOA,69.156746,73.139999
2024-03-21,AOA,69.298576,73.290001
2024-03-22,AOA,69.137840,73.120003
2024-03-25,AOA,69.014931,72.989998
2024-03-26,AOA,68.967651,72.940002
2024-03-27,AOA,69.497147,73.500000
2024-03-28,AOA,69.459328,73.459999
2024-04-01,AOA,69.204018,73.190002
2024-04-02,AOA,68.895866,72.660004
2024-04-03,AOA,69.028618,72.800003
2024-04-04,AOA,68.469185,72.209999
2024-04-05,AOA,68.924309,72.690002
2024-04-08,AOA,69.028618,72.800003
2024-04-09,AOA,69.142403,72.919998
2024-04-10,AOA,68.364876,72.099998
2024-04-11,AOA,68.630379,72.379997
2024-04-12,AOA,67.758034,71.459999
2024-04-15,AOA,67.208084,70.879997
2024-04-16,AOA,66.895172,70.550003
2024-04-17,AOA,66.715019,70.360001
2024-04-18,AOA,66.658142,70.300003
2024-04-19,AOA,66.392639,70.019997
2024-04-22,AOA,66.866737,70.519997
2024-04-23,AOA,67.568398,71.260002
2024-04-24,AOA,67.454613,71.139999
2024-04-25,AOA,67.217567,70.889999
2024-04-26,AOA,67.720108,71.419998
2024-04-29,AOA,68.033012,71.750000
2024-04-30,AOA,67.198608,70.870003
2024-05-01,AOA,67.075340,70.739998
2024-05-02,AOA,67.795967,71.500000
2024-05-03,AOA,68.450226,72.190002
2024-05-06,AOA,69.000175,72.769997
2024-05-07,AOA,69.057076,72.830002
2024-05-08,AOA,68.990692,72.760002
2024-05-09,AOA,69.360474,73.150002
2024-05-10,AOA,69.417381,73.209999
2024-05-13,AOA,69.483765,73.279999
2024-05-14,AOA,69.806137,73.620003
2024-05-15,AOA,70.488838,74.339996
2024-05-16,AOA,70.337135,74.180000
2024-05-17,AOA,70.394020,74.239998
2024-05-20,AOA,70.479362,74.330002
2024-05-21,AOA,70.498322,74.349998
2024-05-22,AOA,70.213867,74.050003
2024-05-23,AOA,69.654427,73.459999
2024-05-24,AOA,70.175949,74.010002
2024-05-28,AOA,70.033714,73.860001
2024-05-29,AOA,69.398430,73.190002
2024-05-30,AOA,69.426857,73.220001
2024-05-31,AOA,69.872520,73.690002
2023-05-01,AOK,31.286283,34.959999
2023-05-02,AOK,31.390270,35.020000
2023-05-03,AOK,31.435085,35.070000
2023-05-04,AOK,31.354412,34.980000
2023-05-05,AOK,31.479895,35.119999
2023-05-08,AOK,31.390270,35.020000
2023-05-09,AOK,31.318562,34.939999
2023-05-10,AOK,31.435085,35.070000
2023-05-11,AOK,31.497835,35.139999
2023-05-12,AOK,31.354412,34.980000
2023-05-15,AOK,31.363384,34.990002
2023-05-16,AOK,31.237881,34.849998
2023-05-17,AOK,31.282717,34.900002
2023-05-18,AOK,31.228922,34.840000
2023-05-19,AOK,31.219955,34.830002
2023-05-22,AOK,31.228922,34.840000
2023-05-23,AOK,31.076540,34.669998
2023-05-24,AOK,30.968987,34.549999
2023-05-25,AOK,30.942101,34.520000
2023-05-26,AOK,31.049652,34.639999
2023-05-30,AOK,31.202028,34.810001
2023-05-31,AOK,31.175144,34.779999
2023-06-01,AOK,31.300627,34.919998
2023-06-02,AOK,31.425434,35.000000
2023-06-05,AOK,31.371572,34.939999
2023-06-06,AOK,31.434404,35.009998
2023-06-07,AOK,31.317690,34.880001
2023-06-08,AOK,31.470331,35.049999
2023-06-09,AOK,31.389524,34.959999
2023-06-12,AOK,31.542154,35.130001
2023-06-13,AOK,31.524206,35.110001
2023-06-14,AOK,31.587042,35.180000
2023-06-15,AOK,31.793560,35.410000
2023-06-16,AOK,31.694786,35.299999
2023-06-20,AOK,31.658878,35.259998
2023-06-21,AOK,31.667858,35.270000
2023-06-22,AOK,31.542154,35.130001
2023-06-23,AOK,31.506239,35.090000
2023-06-26,AOK,31.506239,35.090000
2023-06-27,AOK,31.569092,35.160000
2023-06-28,AOK,31.613995,35.209999
2023-06-29,AOK,31.506239,35.090000
2023-06-30,AOK,31.640928,35.240002
2023-07-03,AOK,31.658878,35.259998
2023-07-05,AOK,31.500210,34.939999
2023-07-06,AOK,31.310877,34.730000
2023-07-07,AOK,31.328915,34.750000
2023-07-10,AOK,31.382999,34.810001
2023-07-11,AOK,31.473160,34.910000
2023-07-12,AOK,31.824764,35.299999
2023-07-13,AOK,32.041126,35.540001
2023-07-14,AOK,31.914921,35.400002
2023-07-17,AOK,31.914921,35.400002
2023-07-18,AOK,32.068180,35.570000
2023-07-19,AOK,32.131306,35.639999
2023-07-20,AOK,31.959995,35.450001
2023-07-21,AOK,31.959995,35.450001
2023-07-24,AOK,31.996061,35.490002
2023-07-25,AOK,32.005081,35.500000
2023-07-26,AOK,32.068180,35.570000
2023-07-27,AOK,31.860830,35.340000
2023-07-28,AOK,32.032112,35.529999
2023-07-31,AOK,32.068180,35.570000
2023-08-01,AOK,31.878853,35.360001
2023-08-02,AOK,31.679279,35.080002
2023-08-03,AOK,31.489643,34.869999
2023-08-04,AOK,31.670250,35.070000
2023-08-07,AOK,31.724440,35.130001
2023-08-08,AOK,31.697361,35.099998
2023-08-09,AOK,31.706377,35.110001
2023-08-10,AOK,31.598022,34.990002
2023-08-11,AOK,31.525763,34.910000
2023-08-14,AOK,31.471584,34.849998
2023-08-15,AOK,31.309023,34.669998
2023-08-16,AOK,31.191633,34.540001
2023-08-17,AOK,31.092302,34.430000
2023-08-18,AOK,31.119389,34.459999
2023-08-21,AOK,31.065207,34.400002
2023-08-22,AOK,31.074234,34.410000
2023-08-23,AOK,31.354172,34.720001
2023-08-24,AOK,31.200659,34.549999
2023-08-25,AOK,31.254852,34.610001
2023-08-28,AOK,31.363213,34.730000
2023-08-29,AOK,31.616064,35.009998
2023-08-30,AOK,31.625105,35.020000
2023-08-31,AOK,31.652199,35.049999
2023-09-01,AOK,31.598022,34.990002
2023-09-05,AOK,31.398098,34.709999
2023-09-06,AOK,31.307646,34.610001
2023-09-07,AOK,31.334766,34.639999
2023-09-08,AOK,31.398098,34.709999
2023-09-11,AOK,31.407141,34.720001
2023-09-12,AOK,31.416182,34.730000
2023-09-13,AOK,31.398098,34.709999
2023-09-14,AOK,31.461416,34.779999
2023-09-15,AOK,31.370956,34.680000
2023-09-18,AOK,31.361906,34.669998
2023-09-19,AOK,31.298594,34.599998
2023-09-20,AOK,31.226227,34.520000
2023-09-21,AOK,30.927706,34.189999
2023-09-22,AOK,31.000082,34.270000
2023-09-25,AOK,30.873428,34.130001
2023-09-26,AOK,30.719650,33.959999
2023-09-27,AOK,30.638250,33.869999
2023-09-28,AOK,30.773939,34.020000
2023-09-29,AOK,30.719650,33.959999
2023-10-02,AOK,30.538742,33.759998
2023-10-03,AOK,30.264847,33.369999
2023-10-04,AOK,30.437166,33.560001
2023-10-05,AOK,30.464361,33.590000
2023-10-06,AOK,30.500652,33.630001
2023-10-09,AOK,30.736450,33.889999
2023-10-10,AOK,30.781809,33.939999
2023-10-11,AOK,30.935987,34.110001
2023-10-12,AOK,30.691114,33.840000
2023-10-13,AOK,30.709240,33.860001
2023-10-16,AOK,30.709240,33.860001
2023-10-17,AOK,30.591347,33.730000
2023-10-18,AOK,30.328329,33.439999
2023-10-19,AOK,30.183212,33.279999
2023-10-20,AOK,30.156006,33.250000
2023-10-23,AOK,30.219498,33.320000
2023-10-24,AOK,30.355541,33.470001
2023-10-25,AOK,30.101589,33.189999
2023-10-26,AOK,30.101589,33.189999
2023-10-27,AOK,30.083460,33.169998
2023-10-30,AOK,30.156006,33.250000
2023-10-31,AOK,30.210424,33.310001
2023-11-01,AOK,30.491573,33.619999
2023-11-02,AOK,30.784163,33.880001
2023-11-03,AOK,31.020393,34.139999
2023-11-06,AOK,30.920462,34.029999
2023-11-07,AOK,31.011311,34.130001
2023-11-08,AOK,31.074913,34.200001
2023-11-09,AOK,30.875015,33.980000
2023-11-10,AOK,31.020393,34.139999
2023-11-13,AOK,31.002222,34.119999
2023-11-14,AOK,31.456543,34.619999
2023-11-15,AOK,31.374765,34.529999
2023-11-16,AOK,31.483807,34.650002
2023-11-17,AOK,31.538311,34.709999
2023-11-20,AOK,31.674606,34.860001
2023-11-21,AOK,31.656433,34.840000
2023-11-22,AOK,31.701862,34.889999
2023-11-24,AOK,31.656433,34.840000
2023-11-27,AOK,31.710953,34.900002
2023-11-28,AOK,31.847242,35.049999
2023-11-29,AOK,31.938105,35.150002
2023-11-30,AOK,31.874517,35.080002
2023-12-01,AOK,32.147099,35.380001
2023-12-04,AOK,32.032391,35.189999
2023-12-05,AOK,32.114323,35.279999
2023-12-06,AOK,32.187141,35.360001
2023-12-07,AOK,32.241760,35.419998
2023-12-08,AOK,32.150734,35.320000
2023-12-11,AOK,32.241760,35.419998
2023-12-12,AOK,32.305481,35.490002
2023-12-13,AOK,32.669586,35.889999
2023-12-14,AOK,32.915356,36.160000
2023-12-15,AOK,32.860737,36.099998
2023-12-18,AOK,32.851643,36.090000
2023-12-19,AOK,32.951778,36.200001
2023-12-20,AOK,32.915356,36.160000
2023-12-21,AOK,33.042801,36.299999
2023-12-22,AOK,33.040958,36.009998
2023-12-26,AOK,33.096016,36.070000
2023-12-27,AOK,33.279518,36.270000
2023-12-28,AOK,33.242828,36.230000
2023-12-29,AOK,33.169415,36.150002
2024-01-02,AOK,33.004253,35.970001
2024-01-03,AOK,32.912498,35.869999
2024-01-04,AOK,32.811562,35.759998
2024-01-05,AOK,32.747341,35.689999
2024-01-08,AOK,32.930847,35.889999
2024-01-09,AOK,32.884983,35.840000
2024-01-10,AOK,32.921692,35.880001
2024-01-11,AOK,33.004253,35.970001
2024-01-12,AOK,33.059319,36.029999
2024-01-16,AOK,32.829926,35.779999
2024-01-17,AOK,32.710648,35.650002
2024-01-18,AOK,32.756512,35.700001
2024-01-19,AOK,32.866631,35.820000
2024-01-22,AOK,32.930847,35.889999
2024-01-23,AOK,32.875813,35.830002
2024-01-24,AOK,32.894146,35.849998
2024-01-25,AOK,33.013439,35.980000
2024-01-26,AOK,33.004253,35.970001
2024-01-29,AOK,33.160233,36.139999
2024-01-30,AOK,33.160233,36.139999
2024-01-31,AOK,33.196949,36.180000
2024-02-01,AOK,33.371292,36.369999
2024-02-02,AOK,33.240776,36.169998
2024-02-05,AOK,33.029396,35.939999
2024-02-06,AOK,33.176449,36.099998
2024-02-07,AOK,33.176449,36.099998
2024-02-08,AOK,33.112114,36.029999
2024-02-09,AOK,33.185650,36.110001
2024-02-12,AOK,33.185650,36.110001
2024-02-13,AOK,32.845604,35.740002
2024-02-14,AOK,33.056984,35.970001
2024-02-15,AOK,33.222412,36.150002
2024-02-16,AOK,33.093735,36.009998
2024-02-20,AOK,33.112114,36.029999
2024-02-21,AOK,33.084541,36.000000
2024-02-22,AOK,33.231590,36.160000
2024-02-23,AOK,33.332684,36.270000
2024-02-26,AOK,33.268353,36.200001
2024-02-27,AOK,33.277538,36.209999
2024-02-28,AOK,33.268353,36.200001
2024-02-29,AOK,33.369442,36.310001
2024-03-01,AOK,33.562431,36.520000
2024-03-04,AOK,33.484188,36.369999
2024-03-05,AOK,33.502602,36.389999
2024-03-06,AOK,33.567036,36.459999
2024-03-07,AOK,33.760372,36.669998
2024-03-08,AOK,33.751167,36.660000
2024-03-11,AOK,33.732754,36.639999
2024-03-12,AOK,33.778778,36.689999
2024-03-13,AOK,33.686722,36.590000
2024-03-14,AOK,33.530212,36.419998
2024-03-15,AOK,33.511806,36.400002
2024-03-18,AOK,33.521004,36.410000
2024-03-19,AOK,33.576244,36.470001
2024-03-20,AOK,33.751167,36.660000
2024-03-21,AOK,33.787991,36.700001
2024-03-22,AOK,33.806408,36.720001
2024-03-25,AOK,33.760372,36.669998
2024-03-26,AOK,33.760372,36.669998
2024-03-27,AOK,33.926090,36.849998
2024-03-28,AOK,33.907684,36.830002
2024-04-01,AOK,33.751167,36.660000
2024-04-02,AOK,33.668102,36.480000
2024-04-03,AOK,33.695789,36.509998
2024-04-04,AOK,33.631195,36.439999
2024-04-05,AOK,33.631195,36.439999
2024-04-08,AOK,33.686562,36.500000
2024-04-09,AOK,33.732708,36.549999
2024-04-10,AOK,33.335857,36.119999
2024-04-11,AOK,33.409702,36.200001
2024-04-12,AOK,33.289711,36.070000
2024-04-15,AOK,33.077442,35.840000
2024-04-16,AOK,32.957466,35.709999
2024-04-17,AOK,32.985138,35.740002
2024-04-18,AOK,33.012836,35.770000
2024-04-19,AOK,32.911316,35.660000
2024-04-22,AOK,33.022064,35.779999
2024-04-23,AOK,33.178951,35.950001
2024-04-24,AOK,33.114365,35.880001
2024-04-25,AOK,33.003605,35.759998
2024-04-26,AOK,33.188194,35.959999
2024-04-29,AOK,33.280491,36.060001
2024-04-30,AOK,33.012836,35.770000
2024-05-01,AOK,33.049747,35.810001
2024-05-02,AOK,33.289242,36.000000
2024-05-03,AOK,33.511169,36.240002
2024-05-06,AOK,33.640640,36.380001
2024-05-07,AOK,33.668377,36.410000
2024-05-08,AOK,33.631378,36.369999
2024-05-09,AOK,33.742355,36.490002
2024-05-10,AOK,33.686867,36.430000
2024-05-13,AOK,33.705360,36.450001
2024-05-14,AOK,33.807087,36.560001
2024-05-15,AOK,34.093731,36.869999
2024-05-16,AOK,34.010521,36.779999
2024-05-17,AOK,33.964283,36.730000
2024-05-20,AOK,33.992016,36.759998
2024-05-21,AOK,34.038250,36.810001
2024-05-22,AOK,33.918060,36.680000
2024-05-23,AOK,33.770100,36.520000
2024-05-24,AOK,33.871803,36.630001
2024-05-28,AOK,33.779327,36.529999
2024-05-29,AOK,33.585148,36.320000
2024-05-30,AOK,33.677624,36.419998
2024-05-31,AOK,33.816322,36.570000
2023-05-01,AOM,35.990700,39.779999
2023-05-02,AOM,35.999752,39.790001
2023-05-03,AOM,36.072124,39.869999
2023-05-04,AOM,36.008801,39.799999
2023-05-05,AOM,36.198795,40.009998
2023-05-08,AOM,36.081173,39.880001
2023-05-09,AOM,36.026894,39.820000
2023-05-10,AOM,36.108322,39.910000
2023-05-11,AOM,36.171650,39.980000
2023-05-12,AOM,36.017845,39.810001
2023-05-15,AOM,36.054035,39.849998
2023-05-16,AOM,35.918324,39.700001
2023-05-17,AOM,36.026894,39.820000
2023-05-18,AOM,35.990700,39.779999
2023-05-19,AOM,35.990700,39.779999
2023-05-22,AOM,35.918324,39.700001
2023-05-23,AOM,35.755470,39.520000
2023-05-24,AOM,35.601658,39.349998
2023-05-25,AOM,35.574516,39.320000
2023-05-26,AOM,35.818798,39.590000
2023-05-30,AOM,35.827847,39.599998
2023-05-31,AOM,35.782608,39.549999
2023-06-01,AOM,36.081173,39.880001
2023-06-02,AOM,36.234974,40.049999
2023-06-05,AOM,36.162601,39.970001
2023-06-06,AOM,36.271164,40.090000
2023-06-07,AOM,36.081173,39.880001
2023-06-08,AOM,36.316410,40.139999
2023-06-09,AOM,36.162601,39.970001
2023-06-12,AOM,36.397827,40.230000
2023-06-13,AOM,36.352592,40.180000
2023-06-14,AOM,36.497353,40.340000
2023-06-15,AOM,36.669254,40.529999
2023-06-16,AOM,36.687351,40.549999
2023-06-20,AOM,36.587830,40.439999
2023-06-21,AOM,36.551647,40.400002
2023-06-22,AOM,36.379745,40.209999
2023-06-23,AOM,36.307358,40.130001
2023-06-26,AOM,36.352592,40.180000
2023-06-27,AOM,36.415924,40.250000
2023-06-28,AOM,36.470222,40.310001
2023-06-29,AOM,36.434025,40.270000
2023-06-30,AOM,36.560692,40.410000
2023-07-03,AOM,36.642117,40.500000
2023-07-05,AOM,36.424267,39.959999
2023-07-06,AOM,36.150810,39.660000
2023-07-07,AOM,36.214619,39.730000
2023-07-10,AOM,36.305767,39.830002
2023-07-11,AOM,36.478954,40.020000
2023-07-12,AOM,36.797985,40.369999
2023-07-13,AOM,37.025864,40.619999
2023-07-14,AOM,36.943825,40.529999
2023-07-17,AOM,37.025864,40.619999
2023-07-18,AOM,37.144367,40.750000
2023-07-19,AOM,37.226398,40.840000
2023-07-20,AOM,36.989403,40.580002
2023-07-21,AOM,37.062328,40.660000
2023-07-24,AOM,37.062328,40.660000
2023-07-25,AOM,37.071438,40.669998
2023-07-26,AOM,37.135250,40.740002
2023-07-27,AOM,36.852673,40.430000
2023-07-28,AOM,37.107899,40.709999
2023-07-31,AOM,37.153477,40.759998
2023-08-01,AOM,36.943825,40.529999
2023-08-02,AOM,36.697727,40.259998
2023-08-03,AOM,36.542755,40.090000
2023-08-04,AOM,36.633907,40.189999
2023-08-07,AOM,36.688599,40.250000
2023-08-08,AOM,36.670364,40.230000
2023-08-09,AOM,36.615681,40.169998
2023-08-10,AOM,36.597450,40.150002
2023-08-11,AOM,36.442497,39.980000
2023-08-14,AOM,36.497181,40.040001
2023-08-15,AOM,36.150810,39.660000
2023-08-16,AOM,36.068768,39.570000
2023-08-17,AOM,35.941162,39.430000
2023-08-18,AOM,35.959389,39.450001
2023-08-21,AOM,35.986744,39.480000
2023-08-22,AOM,35.922928,39.410000
2023-08-23,AOM,36.278427,39.799999
2023-08-24,AOM,36.068768,39.570000
2023-08-25,AOM,36.178146,39.689999
2023-08-28,AOM,36.296658,39.820000
2023-08-29,AOM,36.597450,40.150002
2023-08-30,AOM,36.633907,40.189999
2023-08-31,AOM,36.643032,40.200001
2023-09-01,AOM,36.588341,40.139999
2023-09-05,AOM,36.360458,39.889999
2023-09-06,AOM,36.260189,39.779999
2023-09-07,AOM,36.251072,39.770000
2023-09-08,AOM,36.278427,39.799999
2023-09-11,AOM,36.369576,39.900002
2023-09-12,AOM,36.296658,39.820000
2023-09-13,AOM,36.305767,39.830002
2023-09-14,AOM,36.469841,40.009998
2023-09-15,AOM,36.296658,39.820000
2023-09-18,AOM,36.287537,39.810001
2023-09-19,AOM,36.205498,39.720001
2023-09-20,AOM,36.105228,39.610001
2023-09-21,AOM,35.740627,39.209999
2023-09-22,AOM,35.813541,39.290001
2023-09-25,AOM,35.676811,39.139999
2023-09-26,AOM,35.439823,38.880001
2023-09-27,AOM,35.376022,38.810001
2023-09-28,AOM,35.521866,38.970001
2023-09-29,AOM,35.485405,38.930000
2023-10-02,AOM,35.257519,38.680000
2023-10-03,AOM,34.922962,38.099998
2023-10-04,AOM,35.097118,38.290001
2023-10-05,AOM,35.152103,38.349998
2023-10-06,AOM,35.262104,38.470001
2023-10-09,AOM,35.482094,38.709999
2023-10-10,AOM,35.610416,38.849998
2023-10-11,AOM,35.757072,39.009998
2023-10-12,AOM,35.527927,38.759998
2023-10-13,AOM,35.482094,38.709999
2023-10-16,AOM,35.518753,38.750000
2023-10-17,AOM,35.399590,38.619999
2023-10-18,AOM,35.087952,38.279999
2023-10-19,AOM,34.904633,38.080002
2023-10-20,AOM,34.785469,37.950001
2023-10-23,AOM,34.840462,38.009998
2023-10-24,AOM,35.032955,38.220001
2023-10-25,AOM,34.767136,37.930000
2023-10-26,AOM,34.693798,37.849998
2023-10-27,AOM,34.675476,37.830002
2023-10-30,AOM,34.776299,37.939999
2023-10-31,AOM,34.831299,38.000000
2023-11-01,AOM,35.161270,38.360001
2023-11-02,AOM,35.518753,38.750000
2023-11-03,AOM,35.848736,39.110001
2023-11-06,AOM,35.720413,38.970001
2023-11-07,AOM,35.802902,39.060001
2023-11-08,AOM,35.876240,39.139999
2023-11-09,AOM,35.628742,38.869999
2023-11-10,AOM,35.821239,39.080002
2023-11-13,AOM,35.830406,39.090000
2023-11-14,AOM,36.380367,39.689999
2023-11-15,AOM,36.334545,39.639999
2023-11-16,AOM,36.435371,39.750000
2023-11-17,AOM,36.527031,39.849998
2023-11-20,AOM,36.664520,40.000000
2023-11-21,AOM,36.627853,39.959999
2023-11-22,AOM,36.692017,40.029999
2023-11-24,AOM,36.673679,40.009998
2023-11-27,AOM,36.774517,40.119999
2023-11-28,AOM,36.820347,40.169998
2023-11-29,AOM,36.976170,40.340000
2023-11-30,AOM,36.930340,40.290001
2023-12-01,AOM,37.232822,40.619999
2023-12-04,AOM,37.058666,40.430000
2023-12-05,AOM,37.168659,40.549999
2023-12-06,AOM,37.177826,40.560001
2023-12-07,AOM,37.296986,40.689999
2023-12-08,AOM,37.241993,40.630001
2023-12-11,AOM,37.315315,40.709999
2023-12-12,AOM,37.397816,40.799999
2023-12-13,AOM,37.874454,41.320000
2023-12-14,AOM,38.131104,41.599998
2023-12-15,AOM,38.076107,41.540001
2023-12-18,AOM,38.085270,41.549999
2023-12-19,AOM,38.241096,41.720001
2023-12-20,AOM,38.066944,41.529999
2023-12-21,AOM,38.296089,41.779999
2023-12-22,AOM,38.275711,41.310001
2023-12-26,AOM,38.414688,41.459999
2023-12-27,AOM,38.590740,41.650002
2023-12-28,AOM,38.516609,41.570000
2023-12-29,AOM,38.461014,41.509998
2024-01-02,AOM,38.238644,41.270000
2024-01-03,AOM,38.127460,41.150002
2024-01-04,AOM,37.969944,40.980000
2024-01-05,AOM,37.969944,40.980000
2024-01-08,AOM,38.201584,41.230000
2024-01-09,AOM,38.136730,41.160000
2024-01-10,AOM,38.173786,41.200001
2024-01-11,AOM,38.275711,41.310001
2024-01-12,AOM,38.359097,41.400002
2024-01-16,AOM,38.025543,41.040001
2024-01-17,AOM,37.858757,40.860001
2024-01-18,AOM,37.969944,40.980000
2024-01-19,AOM,38.118191,41.139999
2024-01-22,AOM,38.192322,41.220001
2024-01-23,AOM,38.173786,41.200001
2024-01-24,AOM,38.173786,41.200001
2024-01-25,AOM,38.340576,41.380001
2024-01-26,AOM,38.331295,41.369999
2024-01-29,AOM,38.535145,41.590000
2024-01-30,AOM,38.525875,41.580002
2024-01-31,AOM,38.479553,41.529999
2024-02-01,AOM,38.720455,41.790001
2024-02-02,AOM,38.609261,41.669998
2024-02-05,AOM,38.377628,41.419998
2024-02-06,AOM,38.562939,41.619999
2024-02-07,AOM,38.581474,41.639999
2024-02-08,AOM,38.498074,41.549999
2024-02-09,AOM,38.609261,41.669998
2024-02-12,AOM,38.655602,41.720001
2024-02-13,AOM,38.192322,41.220001
2024-02-14,AOM,38.479553,41.529999
2024-02-15,AOM,38.664856,41.730000
2024-02-16,AOM,38.572201,41.630001
2024-02-20,AOM,38.535145,41.590000
2024-02-21,AOM,38.516609,41.570000
2024-02-22,AOM,38.794567,41.869999
2024-02-23,AOM,38.877960,41.959999
2024-02-26,AOM,38.813107,41.889999
2024-02-27,AOM,38.785316,41.860001
2024-02-28,AOM,38.776043,41.849998
2024-02-29,AOM,38.896500,41.980000
2024-03-01,AOM,39.109604,42.209999
2024-03-04,AOM,39.054008,42.150002
2024-03-05,AOM,39.035480,42.130001
2024-03-06,AOM,39.183727,42.290001
2024-03-07,AOM,39.415363,42.540001
2024-03-08,AOM,39.369034,42.490002
2024-03-11,AOM,39.313442,42.430000
2024-03-12,AOM,39.396832,42.520000
2024-03-13,AOM,39.359768,42.480000
2024-03-14,AOM,39.146667,42.250000
2024-03-15,AOM,39.072536,42.169998
2024-03-18,AOM,39.109604,42.209999
2024-03-19,AOM,39.239315,42.349998
2024-03-20,AOM,39.433899,42.560001
2024-03-21,AOM,39.489483,42.619999
2024-03-22,AOM,39.526543,42.660000
2024-03-25,AOM,39.443157,42.570000
2024-03-26,AOM,39.433899,42.560001
2024-03-27,AOM,39.637737,42.779999
2024-03-28,AOM,39.637737,42.779999
2024-04-01,AOM,39.452423,42.580002
2024-04-02,AOM,39.350906,42.250000
2024-04-03,AOM,39.369526,42.270000
2024-04-04,AOM,39.257774,42.150002
2024-04-05,AOM,39.313652,42.209999
2024-04-08,AOM,39.350906,42.250000
2024-04-09,AOM,39.434727,42.340000
2024-04-10,AOM,38.996979,41.869999
2024-04-11,AOM,39.090118,41.970001
2024-04-12,AOM,38.866585,41.730000
2024-04-15,AOM,38.596481,41.439999
2024-04-16,AOM,38.438148,41.270000
2024-04-17,AOM,38.475410,41.310001
2024-04-18,AOM,38.391582,41.220001
2024-04-19,AOM,38.345013,41.169998
2024-04-22,AOM,38.512665,41.349998
2024-04-23,AOM,38.745510,41.599998
2024-04-24,AOM,38.680309,41.529999
2024-04-25,AOM,38.577854,41.419998
2024-04-26,AOM,38.764137,41.619999
2024-04-29,AOM,38.894524,41.759998
2024-04-30,AOM,38.568542,41.410000
2024-05-01,AOM,38.587170,41.430000
2024-05-02,AOM,38.857273,41.720001
2024-05-03,AOM,39.155308,42.040001
2024-05-06,AOM,39.295021,42.189999
2024-05-07,AOM,39.369526,42.270000
2024-05-08,AOM,39.276394,42.169998
2024-05-09,AOM,39.434727,42.340000
2024-05-10,AOM,39.434727,42.340000
2024-05-13,AOM,39.444042,42.349998
2024-05-14,AOM,39.602379,42.520000
2024-05-15,AOM,39.891109,42.830002
2024-05-16,AOM,39.844536,42.779999
2024-05-17,AOM,39.835228,42.770000
2024-05-20,AOM,39.807281,42.740002
2024-05-21,AOM,39.844536,42.779999
2024-05-22,AOM,39.704830,42.630001
2024-05-23,AOM,39.537186,42.450001
2024-05-24,AOM,39.704830,42.630001
2024-05-28,AOM,39.574440,42.490002
2024-05-29,AOM,39.332272,42.230000
2024-05-30,AOM,39.397472,42.299999
2024-05-31,AOM,39.602379,42.520000
2023-05-01,AOR,46.038124,50.240002
2023-05-02,AOR,45.790714,49.970001
2023-05-03,AOR,45.818203,50.000000
2023-05-04,AOR,45.616600,49.779999
2023-05-05,AOR,46.102276,50.310001
2023-05-08,AOR,46.047291,50.250000
2023-05-09,AOR,45.836521,50.020000
2023-05-10,AOR,45.964817,50.160000
2023-05-11,AOR,45.937332,50.130001
2023-05-12,AOR,45.790714,49.970001
2023-05-15,AOR,45.992310,50.189999
2023-05-16,AOR,45.744892,49.919998
2023-05-17,AOR,45.589111,49.750000
2023-05-18,AOR,46.001472,50.200001
2023-05-19,AOR,45.918999,50.110001
2023-05-22,AOR,45.946491,50.139999
2023-05-23,AOR,45.653248,49.820000
2023-05-24,AOR,45.286709,49.419998
2023-05-25,AOR,45.360020,49.500000
2023-05-26,AOR,45.799870,49.980000
2023-05-30,AOR,45.708237,49.880001
2023-05-31,AOR,45.644089,49.810001
2023-06-01,AOR,45.918999,50.110001
2023-06-02,AOR,46.285542,50.509998
2023-06-05,AOR,46.175579,50.389999
2023-06-06,AOR,46.523808,50.770000
2023-06-07,AOR,46.166420,50.380001
2023-06-08,AOR,46.487148,50.730000
2023-06-09,AOR,46.413837,50.650002
2023-06-12,AOR,46.597107,50.849998
2023-06-13,AOR,46.853691,51.130001
2023-06-14,AOR,46.817036,51.090000
2023-06-15,AOR,47.183590,51.490002
2023-06-16,AOR,47.174423,51.480000
2023-06-20,AOR,47.018642,51.310001
2023-06-21,AOR,46.853691,51.130001
2023-06-22,AOR,46.835365,51.110001
2023-06-23,AOR,46.578789,50.830002
2023-06-26,AOR,46.587948,50.840000
2023-06-27,AOR,46.670422,50.930000
2023-06-28,AOR,46.807873,51.080002
2023-06-29,AOR,46.817036,51.090000
2023-06-30,AOR,47.146927,51.450001
2023-07-03,AOR,47.211071,51.520000
2023-07-05,AOR,47.087353,51.000000
2023-07-06,AOR,46.551846,50.419998
2023-07-07,AOR,46.699581,50.580002
2023-07-10,AOR,46.745739,50.630001
2023-07-11,AOR,47.087353,51.000000
2023-07-12,AOR,47.548996,51.500000
2023-07-13,AOR,47.899841,51.880001
2023-07-14,AOR,47.678257,51.639999
2023-07-17,AOR,47.890610,51.869999
2023-07-18,AOR,48.056797,52.049999
2023-07-19,AOR,48.093735,52.090000
2023-07-20,AOR,47.853683,51.830002
2023-07-21,AOR,47.789047,51.759998
2023-07-24,AOR,47.872143,51.849998
2023-07-25,AOR,47.936768,51.919998
2023-07-26,AOR,48.093735,52.090000
2023-07-27,AOR,47.715187,51.680000
2023-07-28,AOR,48.158360,52.160000
2023-07-31,AOR,48.195297,52.200001
2023-08-01,AOR,47.946007,51.930000
2023-08-02,AOR,47.355110,51.290001
2023-08-03,AOR,47.345875,51.279999
2023-08-04,AOR,47.244308,51.169998
2023-08-07,AOR,47.539764,51.490002
2023-08-08,AOR,47.318184,51.250000
2023-08-09,AOR,47.290478,51.220001
2023-08-10,AOR,47.355110,51.290001
2023-08-11,AOR,47.022728,50.930000
2023-08-14,AOR,47.050423,50.959999
2023-08-15,AOR,47.031952,50.939999
2023-08-16,AOR,46.441063,50.299999
2023-08-17,AOR,46.173306,50.009998
2023-08-18,AOR,46.219467,50.060001
2023-08-21,AOR,46.247173,50.090000
2023-08-22,AOR,46.256401,50.099998
2023-08-23,AOR,46.708809,50.590000
2023-08-24,AOR,46.293331,50.139999
2023-08-25,AOR,46.524151,50.389999
2023-08-28,AOR,46.764206,50.650002
2023-08-29,AOR,47.235081,51.160000
2023-08-30,AOR,47.318184,51.250000
2023-08-31,AOR,47.262772,51.189999
2023-09-01,AOR,47.253548,51.180000
2023-09-05,AOR,46.995026,50.900002
2023-09-06,AOR,46.782669,50.669998
2023-09-07,AOR,46.727272,50.610001
2023-09-08,AOR,46.736507,50.619999
2023-09-11,AOR,46.958099,50.860001
2023-09-12,AOR,46.819599,50.709999
2023-09-13,AOR,46.828835,50.720001
2023-09-14,AOR,47.096588,51.009998
2023-09-15,AOR,46.819599,50.709999
2023-09-18,AOR,46.819599,50.709999
2023-09-19,AOR,46.727272,50.610001
2023-09-20,AOR,46.533390,50.400002
2023-09-21,AOR,45.960953,49.779999
2023-09-22,AOR,46.025581,49.849998
2023-09-25,AOR,45.924026,49.740002
2023-09-26,AOR,45.499306,49.279999
2023-09-27,AOR,45.443916,49.220001
2023-09-28,AOR,45.730129,49.529999
2023-09-29,AOR,45.619343,49.410000
2023-10-02,AOR,45.314651,49.080002
2023-10-03,AOR,44.797123,48.299999
2023-10-04,AOR,45.047539,48.570000
2023-10-05,AOR,45.093918,48.619999
2023-10-06,AOR,45.372150,48.919998
2023-10-09,AOR,45.604027,49.169998
2023-10-10,AOR,45.872993,49.459999
2023-10-11,AOR,46.058498,49.660000
2023-10-12,AOR,45.678230,49.250000
2023-10-13,AOR,45.604027,49.169998
2023-10-16,AOR,45.780247,49.360001
2023-10-17,AOR,45.668953,49.240002
2023-10-18,AOR,45.186668,48.720001
2023-10-19,AOR,44.862041,48.369999
2023-10-20,AOR,44.658001,48.150002
2023-10-23,AOR,44.648727,48.139999
2023-10-24,AOR,44.899143,48.410000
2023-10-25,AOR,44.546707,48.029999
2023-10-26,AOR,44.305561,47.770000
2023-10-27,AOR,44.268459,47.730000
2023-10-30,AOR,44.472504,47.950001
2023-10-31,AOR,44.611629,48.099998
2023-11-01,AOR,45.010445,48.529999
2023-11-02,AOR,45.641129,49.209999
2023-11-03,AOR,46.095596,49.700001
2023-11-06,AOR,46.002846,49.599998
2023-11-07,AOR,46.058498,49.660000
2023-11-08,AOR,46.095596,49.700001
2023-11-09,AOR,45.826618,49.410000
2023-11-10,AOR,46.132690,49.740002
2023-11-13,AOR,46.141964,49.750000
2023-11-14,AOR,46.985966,50.660000
2023-11-15,AOR,46.967422,50.639999
2023-11-16,AOR,47.004520,50.680000
2023-11-17,AOR,47.245659,50.939999
2023-11-20,AOR,47.412605,51.119999
2023-11-21,AOR,47.329132,51.029999
2023-11-22,AOR,47.458973,51.169998
2023-11-24,AOR,47.468254,51.180000
2023-11-27,AOR,47.468254,51.180000
2023-11-28,AOR,47.570282,51.290001
2023-11-29,AOR,47.709400,51.439999
2023-11-30,AOR,47.672298,51.400002
2023-12-01,AOR,48.098938,51.860001
2023-12-04,AOR,47.839245,51.580002
2023-12-05,AOR,47.885624,51.630001
2023-12-06,AOR,48.043285,51.799999
2023-12-07,AOR,48.071114,51.830002
2023-12-08,AOR,48.071114,51.830002
2023-12-11,AOR,48.200962,51.970001
2023-12-12,AOR,48.312256,52.090000
2023-12-13,AOR,48.961494,52.790001
2023-12-14,AOR,49.295376,53.150002
2023-12-15,AOR,49.165527,53.009998
2023-12-18,AOR,49.221184,53.070000
2023-12-19,AOR,49.499432,53.369999
2023-12-20,AOR,49.202629,53.049999
2023-12-21,AOR,49.527252,53.400002
2023-12-22,AOR,49.549728,52.900002
2023-12-26,AOR,49.727695,53.090000
2023-12-27,AOR,49.943134,53.320000
2023-12-28,AOR,49.896301,53.270000
2023-12-29,AOR,49.821362,53.189999
2024-01-02,AOR,49.465427,52.810001
2024-01-03,AOR,49.240639,52.570000
2024-01-04,AOR,49.100128,52.419998
2024-01-05,AOR,49.118858,52.439999
2024-01-08,AOR,49.437332,52.779999
2024-01-09,AOR,49.324936,52.660000
2024-01-10,AOR,49.484169,52.830002
2024-01-11,AOR,49.577831,52.930000
2024-01-12,AOR,49.652756,53.009998
2024-01-16,AOR,49.231266,52.560001
2024-01-17,AOR,48.940895,52.250000
2024-01-18,AOR,49.175064,52.500000
2024-01-19,AOR,49.437332,52.779999
2024-01-22,AOR,49.549728,52.900002
2024-01-23,AOR,49.568466,52.919998
2024-01-24,AOR,49.624664,52.980000
2024-01-25,AOR,49.840099,53.209999
2024-01-26,AOR,49.858826,53.230000
2024-01-29,AOR,50.121101,53.509998
2024-01-30,AOR,50.064907,53.450001
2024-01-31,AOR,49.812000,53.180000
2024-02-01,AOR,50.242867,53.639999
2024-02-02,AOR,50.214760,53.610001
2024-02-05,AOR,49.961868,53.340000
2024-02-06,AOR,50.196037,53.590000
2024-02-07,AOR,50.317802,53.720001
2024-02-08,AOR,50.252235,53.650002
2024-02-09,AOR,50.392731,53.799999
2024-02-12,AOR,50.458298,53.869999
2024-02-13,AOR,49.802635,53.169998
2024-02-14,AOR,50.242867,53.639999
2024-02-15,AOR,50.533230,53.950001
2024-02-16,AOR,50.420837,53.830002
2024-02-20,AOR,50.345898,53.750000
2024-02-21,AOR,50.345898,53.750000
2024-02-22,AOR,50.851700,54.290001
2024-02-23,AOR,50.964100,54.410000
2024-02-26,AOR,50.832962,54.270000
2024-02-27,AOR,50.870438,54.310001
2024-02-28,AOR,50.758030,54.189999
2024-02-29,AOR,50.926632,54.369999
2024-03-01,AOR,51.291931,54.759998
2024-03-04,AOR,51.217003,54.680000
2024-03-05,AOR,51.067131,54.520000
2024-03-06,AOR,51.338768,54.810001
2024-03-07,AOR,51.704071,55.200001
2024-03-08,AOR,51.601036,55.090000
2024-03-11,AOR,51.488628,54.970001
2024-03-12,AOR,51.769634,55.270000
2024-03-13,AOR,51.694702,55.189999
2024-03-14,AOR,51.451168,54.930000
2024-03-15,AOR,51.291931,54.759998
2024-03-18,AOR,51.394966,54.869999
2024-03-19,AOR,51.544834,55.029999
2024-03-20,AOR,51.900768,55.410000
2024-03-21,AOR,52.031898,55.549999
2024-03-22,AOR,51.956974,55.470001
2024-03-25,AOR,51.853935,55.360001
2024-03-26,AOR,51.835201,55.340000
2024-03-27,AOR,52.153664,55.680000
2024-03-28,AOR,52.144299,55.669998
2024-04-01,AOR,51.947601,55.459999
2024-04-02,AOR,51.732250,55.009998
2024-04-03,AOR,51.826290,55.110001
2024-04-04,AOR,51.572376,54.840000
2024-04-05,AOR,51.751057,55.029999
2024-04-08,AOR,51.807480,55.090000
2024-04-09,AOR,51.910923,55.200001
2024-04-10,AOR,51.318462,54.570000
2024-04-11,AOR,51.497139,54.759998
2024-04-12,AOR,51.008133,54.240002
2024-04-15,AOR,50.631962,53.840000
2024-04-16,AOR,50.425064,53.619999
2024-04-17,AOR,50.349838,53.540001
2024-04-18,AOR,50.293411,53.480000
2024-04-19,AOR,50.152351,53.330002
2024-04-22,AOR,50.453285,53.650002
2024-04-23,AOR,50.867062,54.090000
2024-04-24,AOR,50.754219,53.970001
2024-04-25,AOR,50.603752,53.810001
2024-04-26,AOR,50.961105,54.189999
2024-04-29,AOR,51.149189,54.389999
2024-04-30,AOR,50.575542,53.779999
2024-05-01,AOR,50.566132,53.770000
2024-05-02,AOR,51.073963,54.310001
2024-05-03,AOR,51.478340,54.740002
2024-05-06,AOR,51.751057,55.029999
2024-05-07,AOR,51.835693,55.119999
2024-05-08,AOR,51.769863,55.049999
2024-05-09,AOR,51.995567,55.290001
2024-05-10,AOR,51.995567,55.290001
2024-05-13,AOR,52.004963,55.299999
2024-05-14,AOR,52.249477,55.560001
2024-05-15,AOR,52.738491,56.080002
2024-05-16,AOR,52.616241,55.950001
2024-05-17,AOR,52.644451,55.980000
2024-05-20,AOR,52.616241,55.950001
2024-05-21,AOR,52.691471,56.029999
2024-05-22,AOR,52.465771,55.790001
2024-05-23,AOR,52.174236,55.480000
2024-05-24,AOR,52.428154,55.750000
2024-05-28,AOR,52.343525,55.660000
2024-05-29,AOR,51.929733,55.220001
2024-05-30,AOR,52.023777,55.320000
2024-05-31,AOR,52.324707,55.639999
2023-05-01,ARKK,35.444401,35.740002
2023-05-02,ARKK,34.611347,34.900002
2023-05-03,ARKK,34.472504,34.759998
2023-05-04,ARKK,35.444401,35.740002
2023-05-05,ARKK,37.080753,37.389999
2023-05-08,ARKK,37.507195,37.820000
2023-05-09,ARKK,37.933640,38.250000
2023-05-10,ARKK,38.469173,38.790001
2023-05-11,ARKK,38.538593,38.860001
2023-05-12,ARKK,37.368355,37.680000
2023-05-15,ARKK,38.250992,38.570000
2023-05-16,ARKK,37.308849,37.619999
2023-05-17,ARKK,38.260914,38.580002
2023-05-18,ARKK,38.796444,39.119999
2023-05-19,ARKK,38.379917,38.700001
2023-05-22,ARKK,40.244370,40.580002
2023-05-23,ARKK,39.371647,39.700001
2023-05-24,ARKK,39.133633,39.459999
2023-05-25,ARKK,38.062565,38.380001
2023-05-26,ARKK,38.776608,39.099998
2023-05-30,ARKK,39.480740,39.810001
2023-05-31,ARKK,40.155113,40.490002
2023-06-01,ARKK,40.769985,41.110001
2023-06-02,ARKK,41.275764,41.619999
2023-06-05,ARKK,41.712128,42.060001
2023-06-06,ARKK,42.327000,42.680000
2023-06-07,ARKK,41.900555,42.250000
2023-06-08,ARKK,42.327000,42.680000
2023-06-09,ARKK,42.158405,42.509998
2023-06-12,ARKK,42.922035,43.279999
2023-06-13,ARKK,43.923683,44.290001
2023-06-14,ARKK,43.705502,44.070000
2023-06-15,ARKK,44.171616,44.540001
2023-06-16,ARKK,43.943520,44.310001
2023-06-20,ARKK,43.893929,44.259998
2023-06-21,ARKK,42.307163,42.660000
2023-06-22,ARKK,42.317081,42.669998
2023-06-23,ARKK,41.791466,42.139999
2023-06-26,ARKK,41.553452,41.900002
2023-06-27,ARKK,42.961704,43.320000
2023-06-28,ARKK,43.814594,44.180000
2023-06-29,ARKK,43.427818,43.790001
2023-06-30,ARKK,43.774925,44.139999
2023-07-03,ARKK,44.746819,45.119999
2023-07-05,ARKK,44.588142,44.959999
2023-07-06,ARKK,42.882370,43.240002
2023-07-07,ARKK,43.368317,43.730000
2023-07-10,ARKK,44.994751,45.369999
2023-07-11,ARKK,46.660854,47.049999
2023-07-12,ARKK,47.087299,47.480000
2023-07-13,ARKK,49.219517,49.630001
2023-07-14,ARKK,48.168285,48.570000
2023-07-17,ARKK,49.269104,49.680000
2023-07-18,ARKK,49.447617,49.860001
2023-07-19,ARKK,50.231083,50.650002
2023-07-20,ARKK,47.364983,47.759998
2023-07-21,ARKK,47.533577,47.930000
2023-07-24,ARKK,47.017879,47.410000
2023-07-25,ARKK,46.879036,47.270000
2023-07-26,ARKK,47.880680,48.279999
2023-07-27,ARKK,46.482346,46.869999
2023-07-28,ARKK,49.031086,49.439999
2023-07-31,ARKK,50.032738,50.450001
2023-08-01,ARKK,49.041008,49.450001
2023-08-02,ARKK,46.303833,46.689999
2023-08-03,ARKK,45.807968,46.189999
2023-08-04,ARKK,45.004669,45.380001
2023-08-07,ARKK,44.776573,45.150002
2023-08-08,ARKK,44.538555,44.910000
2023-08-09,ARKK,42.931957,43.290001
2023-08-10,ARKK,42.624519,42.980000
2023-08-11,ARKK,42.396420,42.750000
2023-08-14,ARKK,42.565014,42.919998
2023-08-15,ARKK,41.821217,42.169998
2023-08-16,ARKK,40.898911,41.240002
2023-08-17,ARKK,39.907181,40.240002
2023-08-18,ARKK,40.046024,40.380001
2023-08-21,ARKK,40.760067,41.099998
2023-08-22,ARKK,40.670811,41.009998
2023-08-23,ARKK,41.612953,41.959999
2023-08-24,ARKK,40.135281,40.470001
2023-08-25,ARKK,40.631145,40.970001
2023-08-28,ARKK,40.740234,41.080002
2023-08-29,ARKK,42.951790,43.310001
2023-08-30,ARKK,43.249310,43.610001
2023-08-31,ARKK,43.388149,43.750000
2023-09-01,ARKK,43.259224,43.619999
2023-09-05,ARKK,43.645996,44.009998
2023-09-06,ARKK,43.804676,44.169998
2023-09-07,ARKK,43.645996,44.009998
2023-09-08,ARKK,43.680000,43.680000
2023-09-11,ARKK,44.599998,44.599998
2023-09-12,ARKK,44.009998,44.009998
2023-09-13,ARKK,43.430000,43.430000
2023-09-14,ARKK,43.610001,43.610001
2023-09-15,ARKK,43.060001,43.060001
2023-09-18,ARKK,42.009998,42.009998
2023-09-19,ARKK,41.509998,41.509998
2023-09-20,ARKK,40.779999,40.779999
2023-09-21,ARKK,39.540001,39.540001
2023-09-22,ARKK,38.820000,38.820000
2023-09-25,ARKK,38.799999,38.799999
2023-09-26,ARKK,38.430000,38.430000
2023-09-27,ARKK,38.680000,38.680000
2023-09-28,ARKK,39.119999,39.119999
2023-09-29,ARKK,39.669998,39.669998
2023-10-02,ARKK,39.040001,39.040001
2023-10-03,ARKK,37.970001,37.970001
2023-10-04,ARKK,38.529999,38.529999
2023-10-05,ARKK,38.540001,38.540001
2023-10-06,ARKK,39.209999,39.209999
2023-10-09,ARKK,39.360001,39.360001
2023-10-10,ARKK,40.189999,40.189999
2023-10-11,ARKK,39.900002,39.900002
2023-10-12,ARKK,38.480000,38.480000
2023-10-13,ARKK,37.770000,37.770000
2023-10-16,ARKK,38.529999,38.529999
2023-10-17,ARKK,39.180000,39.180000
2023-10-18,ARKK,37.430000,37.430000
2023-10-19,ARKK,36.610001,36.610001
2023-10-20,ARKK,36.029999,36.029999
2023-10-23,ARKK,36.110001,36.110001
2023-10-24,ARKK,37.169998,37.169998
2023-10-25,ARKK,35.220001,35.220001
2023-10-26,ARKK,34.759998,34.759998
2023-10-27,ARKK,34.099998,34.099998
2023-10-30,ARKK,34.290001,34.290001
2023-10-31,ARKK,35.080002,35.080002
2023-11-01,ARKK,35.310001,35.310001
2023-11-02,ARKK,38.279999,38.279999
2023-11-03,ARKK,40.439999,40.439999
2023-11-06,ARKK,39.770000,39.770000
2023-11-07,ARKK,40.910000,40.910000
2023-11-08,ARKK,40.340000,40.340000
2023-11-09,ARKK,39.090000,39.090000
2023-11-10,ARKK,39.730000,39.730000
2023-11-13,ARKK,39.910000,39.910000
2023-11-14,ARKK,41.950001,41.950001
2023-11-15,ARKK,43.009998,43.009998
2023-11-16,ARKK,42.209999,42.209999
2023-11-17,ARKK,43.700001,43.700001
2023-11-20,ARKK,44.880001,44.880001
2023-11-21,ARKK,43.869999,43.869999
2023-11-22,ARKK,44.320000,44.320000
2023-11-24,ARKK,44.880001,44.880001
2023-11-27,ARKK,45.450001,45.450001
2023-11-28,ARKK,46.700001,46.700001
2023-11-29,ARKK,46.900002,46.900002
2023-11-30,ARKK,46.110001,46.110001
2023-12-01,ARKK,48.430000,48.430000
2023-12-04,ARKK,48.689999,48.689999
2023-12-05,ARKK,48.259998,48.259998
2023-12-06,ARKK,48.040001,48.040001
2023-12-07,ARKK,48.290001,48.290001
2023-12-08,ARKK,49.180000,49.180000
2023-12-11,ARKK,48.529999,48.529999
2023-12-12,ARKK,48.380001,48.380001
2023-12-13,ARKK,50.169998,50.169998
2023-12-14,ARKK,52.020000,52.020000
2023-12-15,ARKK,51.110001,51.110001
2023-12-18,ARKK,51.070000,51.070000
2023-12-19,ARKK,53.180000,53.180000
2023-12-20,ARKK,51.009998,51.009998
2023-12-21,ARKK,52.310001,52.310001
2023-12-22,ARKK,53.009998,53.009998
2023-12-26,ARKK,53.790001,53.790001
2023-12-27,ARKK,54.259998,54.259998
2023-12-28,ARKK,54.139999,54.139999
2023-12-29,ARKK,52.369999,52.369999
2024-01-02,ARKK,50.500000,50.500000
2024-01-03,ARKK,48.520000,48.520000
2024-01-04,ARKK,48.910000,48.910000
2024-01-05,ARKK,48.900002,48.900002
2024-01-08,ARKK,50.279999,50.279999
2024-01-09,ARKK,49.500000,49.500000
2024-01-10,ARKK,49.349998,49.349998
2024-01-11,ARKK,48.180000,48.180000
2024-01-12,ARKK,47.380001,47.380001
2024-01-16,ARKK,46.759998,46.759998
2024-01-17,ARKK,45.919998,45.919998
2024-01-18,ARKK,45.660000,45.660000
2024-01-19,ARKK,46.279999,46.279999
2024-01-22,ARKK,47.330002,47.330002
2024-01-23,ARKK,47.380001,47.380001
2024-01-24,ARKK,46.279999,46.279999
2024-01-25,ARKK,45.820000,45.820000
2024-01-26,ARKK,45.919998,45.919998
2024-01-29,ARKK,48.110001,48.110001
2024-01-30,ARKK,46.860001,46.860001
2024-01-31,ARKK,45.410000,45.410000
2024-02-01,ARKK,46.029999,46.029999
2024-02-02,ARKK,46.660000,46.660000
2024-02-05,ARKK,45.200001,45.200001
2024-02-06,ARKK,46.700001,46.700001
2024-02-07,ARKK,47.169998,47.169998
2024-02-08,ARKK,48.439999,48.439999
2024-02-09,ARKK,49.590000,49.590000
2024-02-12,ARKK,50.720001,50.720001
2024-02-13,ARKK,47.880001,47.880001
2024-02-14,ARKK,50.500000,50.500000
2024-02-15,ARKK,51.639999,51.639999
2024-02-16,ARKK,50.330002,50.330002
2024-02-20,ARKK,48.689999,48.689999
2024-02-21,ARKK,47.310001,47.310001
2024-02-22,ARKK,48.480000,48.480000
2024-02-23,ARKK,48.410000,48.410000
2024-02-26,ARKK,50.080002,50.080002
2024-02-27,ARKK,51.540001,51.540001
2024-02-28,ARKK,51.160000,51.160000
2024-02-29,ARKK,51.250000,51.250000
2024-03-01,ARKK,51.139999,51.139999
2024-03-04,ARKK,50.680000,50.680000
2024-03-05,ARKK,48.900002,48.900002
2024-03-06,ARKK,49.680000,49.680000
2024-03-07,ARKK,50.250000,50.250000
2024-03-08,ARKK,50.750000,50.750000
2024-03-11,ARKK,50.650002,50.650002
2024-03-12,ARKK,50.250000,50.250000
2024-03-13,ARKK,50.360001,50.360001
2024-03-14,ARKK,48.740002,48.740002
2024-03-15,ARKK,48.660000,48.660000
2024-03-18,ARKK,48.790001,48.790001
2024-03-19,ARKK,48.509998,48.509998
2024-03-20,ARKK,50.209999,50.209999
2024-03-21,ARKK,50.529999,50.529999
2024-03-22,ARKK,49.410000,49.410000
2024-03-25,ARKK,50.250000,50.250000
2024-03-26,ARKK,50.029999,50.029999
2024-03-27,ARKK,50.110001,50.110001
2024-03-28,ARKK,50.080002,50.080002
2024-04-01,ARKK,49.240002,49.240002
2024-04-02,ARKK,47.779999,47.779999
2024-04-03,ARKK,47.919998,47.919998
2024-04-04,ARKK,47.270000,47.270000
2024-04-05,ARKK,47.119999,47.119999
2024-04-08,ARKK,48.099998,48.099998
2024-04-09,ARKK,48.619999,48.619999
2024-04-10,ARKK,47.490002,47.490002
2024-04-11,ARKK,48.200001,48.200001
2024-04-12,ARKK,46.509998,46.509998
2024-04-15,ARKK,44.380001,44.380001
2024-04-16,ARKK,43.650002,43.650002
2024-04-17,ARKK,43.020000,43.020000
2024-04-18,ARKK,42.910000,42.910000
2024-04-19,ARKK,42.000000,42.000000
2024-04-22,ARKK,42.599998,42.599998
2024-04-23,ARKK,43.869999,43.869999
2024-04-24,ARKK,43.900002,43.900002
2024-04-25,ARKK,43.610001,43.610001
2024-04-26,ARKK,44.070000,44.070000
2024-04-29,ARKK,45.130001,45.130001
2024-04-30,ARKK,43.459999,43.459999
2024-05-01,ARKK,43.820000,43.820000
2024-05-02,ARKK,44.930000,44.930000
2024-05-03,ARKK,45.470001,45.470001
2024-05-06,ARKK,46.500000,46.500000
2024-05-07,ARKK,45.549999,45.549999
2024-05-08,ARKK,44.430000,44.430000
2024-05-09,ARKK,44.160000,44.160000
2024-05-10,ARKK,42.919998,42.919998
2024-05-13,ARKK,44.169998,44.169998
2024-05-14,ARKK,45.119999,45.119999
2024-05-15,ARKK,45.770000,45.770000
2024-05-16,ARKK,44.959999,44.959999
2024-05-17,ARKK,45.450001,45.450001
2024-05-20,ARKK,45.599998,45.599998
2024-05-21,ARKK,45.200001,45.200001
2024-05-22,ARKK,44.990002,44.990002
2024-05-23,ARKK,43.610001,43.610001
2024-05-24,ARKK,44.380001,44.380001
2024-05-28,ARKK,44.029999,44.029999
2024-05-29,ARKK,43.480000,43.480000
2024-05-30,ARKK,42.790001,42.790001
2024-05-31,ARKK,42.450001,42.450001
2023-05-01,BHI.CL,226.984375,227.000000
2023-05-02,BHI.CL,225.484467,225.500000
2023-05-03,BHI.CL,224.484543,224.500000
2023-05-04,BHI.CL,227.984283,228.000000
2023-05-05,BHI.CL,226.984375,227.000000
2023-05-08,BHI.CL,225.084488,225.100006
2023-05-09,BHI.CL,229.984146,230.000000
2023-05-10,BHI.CL,229.984146,230.000000
2023-05-11,BHI.CL,224.984528,225.000000
2023-05-12,BHI.CL,222.174698,222.190002
2023-05-15,BHI.CL,224.984528,225.000000
2023-05-16,BHI.CL,226.704391,226.720001
2023-05-17,BHI.CL,221.484711,221.500000
2023-05-18,BHI.CL,223.984558,224.000000
2023-05-19,BHI.CL,220.554840,220.570007
2023-05-22,BHI.CL,220.554840,220.570007
2023-05-23,BHI.CL,219.484848,219.500000
2023-05-24,BHI.CL,216.175125,216.190002
2023-05-25,BHI.CL,217.155029,217.169998
2023-05-26,BHI.CL,215.985138,216.000000
2023-05-29,BHI.CL,213.105301,213.119995
2023-05-30,BHI.CL,211.735397,211.750000
2023-05-31,BHI.CL,210.985458,211.000000
2023-06-01,BHI.CL,207.685684,207.699997
2023-06-02,BHI.CL,210.985458,211.000000
2023-06-05,BHI.CL,210.085541,210.100006
2023-06-06,BHI.CL,213.985275,214.000000
2023-06-07,BHI.CL,212.985306,213.000000
2023-06-08,BHI.CL,211.485428,211.500000
2023-06-13,BHI.CL,211.195465,211.210007
2023-06-14,BHI.CL,208.985580,209.000000
2023-06-15,BHI.CL,218.984909,219.000000
2023-06-16,BHI.CL,219.784836,219.800003
2023-06-19,BHI.CL,219.784836,219.800003
2023-06-20,BHI.CL,215.855133,215.869995
2023-06-21,BHI.CL,219.784836,219.800003
2023-06-22,BHI.CL,219.784836,219.800003
2023-06-23,BHI.CL,219.154907,219.169998
2023-06-26,BHI.CL,218.484985,218.500000
2023-06-27,BHI.CL,218.484985,218.500000
2023-06-28,BHI.CL,219.784836,219.800003
2023-06-29,BHI.CL,219.184906,219.199997
2023-06-30,BHI.CL,218.984909,219.000000
2023-07-03,BHI.CL,218.984909,219.000000
2023-07-04,BHI.CL,219.184906,219.199997
2023-07-05,BHI.CL,219.184906,219.199997
2023-07-06,BHI.CL,218.984909,219.000000
2023-07-07,BHI.CL,217.984985,218.000000
2023-07-10,BHI.CL,217.984985,218.000000
2023-07-11,BHI.CL,219.984833,220.000000
2023-07-12,BHI.CL,220.734818,220.750000
2023-07-13,BHI.CL,220.984772,221.000000
2023-07-14,BHI.CL,220.984772,221.000000
2023-07-17,BHI.CL,220.984772,221.000000
2023-07-18,BHI.CL,218.984909,219.000000
2023-07-19,BHI.CL,220.984772,221.000000
2023-07-20,BHI.CL,220.984772,221.000000
2023-07-21,BHI.CL,220.984772,221.000000
2023-07-24,BHI.CL,220.984772,221.000000
2023-07-25,BHI.CL,220.984772,221.000000
2023-07-26,BHI.CL,221.984695,222.000000
2023-07-27,BHI.CL,221.984695,222.000000
2023-07-28,BHI.CL,221.984695,222.000000
2023-07-31,BHI.CL,221.984695,222.000000
2023-08-01,BHI.CL,219.984833,220.000000
2023-08-02,BHI.CL,222.204697,222.220001
2023-08-03,BHI.CL,222.984634,223.000000
2023-08-04,BHI.CL,222.984634,223.000000
2023-08-07,BHI.CL,222.984634,223.000000
2023-08-08,BHI.CL,220.904785,220.919998
2023-08-09,BHI.CL,220.984772,221.000000
2023-08-10,BHI.CL,220.274826,220.289993
2023-08-11,BHI.CL,218.984909,219.000000
2023-08-14,BHI.CL,218.584976,218.600006
2023-08-15,BHI.CL,221.484711,221.500000
2023-08-16,BHI.CL,221.984695,222.000000
2023-08-17,BHI.CL,221.984695,222.000000
2023-08-18,BHI.CL,221.534714,221.550003
2023-08-21,BHI.CL,221.534714,221.550003
2023-08-22,BHI.CL,222.984634,223.000000
2023-08-23,BHI.CL,219.534851,219.550003
2023-08-24,BHI.CL,222.984634,223.000000
2023-08-25,BHI.CL,218.786499,218.800003
2023-08-28,BHI.CL,218.886490,218.899994
2023-08-29,BHI.CL,214.986725,215.000000
2023-08-30,BHI.CL,214.936722,214.949997
2023-08-31,BHI.CL,213.986801,214.000000
2023-09-01,BHI.CL,213.486816,213.500000
2023-09-04,BHI.CL,214.486755,214.500000
2023-09-05,BHI.CL,212.786865,212.800003
2023-09-06,BHI.CL,213.986801,214.000000
2023-09-07,BHI.CL,207.987167,208.000000
2023-09-08,BHI.CL,209.987030,210.000000
2023-09-11,BHI.CL,210.886963,210.899994
2023-09-12,BHI.CL,210.986969,211.000000
2023-09-13,BHI.CL,206.987198,207.000000
2023-09-14,BHI.CL,204.987335,205.000000
2023-09-15,BHI.CL,194.987961,195.000000
2023-09-18,BHI.CL,204.187393,204.199997
2023-09-19,BHI.CL,204.187393,204.199997
2023-09-20,BHI.CL,203.057465,203.070007
2023-09-21,BHI.CL,202.487503,202.500000
2023-09-22,BHI.CL,202.167511,202.179993
2023-09-25,BHI.CL,203.387451,203.399994
2023-09-26,BHI.CL,202.397522,202.410004
2023-09-27,BHI.CL,203.387451,203.399994
2023-09-28,BHI.CL,201.987534,202.000000
2023-09-29,BHI.CL,207.487167,207.500000
2023-10-02,BHI.CL,205.987289,206.000000
2023-10-03,BHI.CL,205.987289,206.000000
2023-10-04,BHI.CL,208.127151,208.139999
2023-10-05,BHI.CL,209.387039,209.399994
2023-10-06,BHI.CL,206.987198,207.000000
2023-10-09,BHI.CL,207.987167,208.000000
2023-10-10,BHI.CL,209.987030,210.000000
2023-10-11,BHI.CL,209.987030,210.000000
2023-10-12,BHI.CL,205.087326,205.100006
2023-10-13,BHI.CL,205.487305,205.500000
2023-10-16,BHI.CL,205.487305,205.500000
2023-10-17,BHI.CL,207.987167,208.000000
2023-10-18,BHI.CL,207.987167,208.000000
2023-10-19,BHI.CL,206.987198,207.000000
2023-10-20,BHI.CL,207.987167,208.000000
2023-10-23,BHI.CL,208.987076,209.000000
2023-10-24,BHI.CL,210.187012,210.199997
2023-10-25,BHI.CL,209.287079,209.300003
2023-10-26,BHI.CL,211.986908,212.000000
2023-10-27,BHI.CL,209.987030,210.000000
2023-10-30,BHI.CL,209.987030,210.000000
2023-10-31,BHI.CL,207.987167,208.000000
2023-11-01,BHI.CL,205.987289,206.000000
2023-11-02,BHI.CL,205.987289,206.000000
2023-11-03,BHI.CL,207.087204,207.100006
2023-11-06,BHI.CL,207.087204,207.100006
2023-11-07,BHI.CL,203.987411,204.000000
2023-11-08,BHI.CL,202.987457,203.000000
2023-11-09,BHI.CL,204.987335,205.000000
2023-11-10,BHI.CL,204.987335,205.000000
2023-11-13,BHI.CL,204.987335,205.000000
2023-11-14,BHI.CL,203.987411,204.000000
2023-11-15,BHI.CL,203.987411,204.000000
2023-11-16,BHI.CL,203.987411,204.000000
2023-11-17,BHI.CL,204.987335,205.000000
2023-11-20,BHI.CL,204.987335,205.000000
2023-11-21,BHI.CL,203.987411,204.000000
2023-11-22,BHI.CL,204.987335,205.000000
2023-11-23,BHI.CL,207.987167,208.000000
2023-11-24,BHI.CL,204.988907,205.000000
2023-11-27,BHI.CL,202.989014,203.000000
2023-11-28,BHI.CL,202.989014,203.000000
2023-11-29,BHI.CL,202.989014,203.000000
2023-11-30,BHI.CL,202.989014,203.000000
2023-12-01,BHI.CL,202.989014,203.000000
2023-12-04,BHI.CL,204.988907,205.000000
2023-12-05,BHI.CL,206.988785,207.000000
2023-12-06,BHI.CL,207.988770,208.000000
2023-12-07,BHI.CL,208.988678,209.000000
2023-12-08,BHI.CL,208.988678,209.000000
2023-12-11,BHI.CL,207.988770,208.000000
2023-12-12,BHI.CL,207.988770,208.000000
2023-12-13,BHI.CL,204.988907,205.000000
2023-12-14,BHI.CL,205.988876,206.000000
2023-12-15,BHI.CL,206.988785,207.000000
2023-12-18,BHI.CL,208.988678,209.000000
2023-12-19,BHI.CL,206.988785,207.000000
2023-12-20,BHI.CL,208.988678,209.000000
2023-12-21,BHI.CL,204.988907,205.000000
2023-12-22,BHI.CL,206.988785,207.000000
2023-12-25,BHI.CL,206.988785,207.000000
2023-12-26,BHI.CL,207.988770,208.000000
2023-12-27,BHI.CL,204.988907,205.000000
2023-12-28,BHI.CL,212.988464,213.000000
2023-12-29,BHI.CL,212.988464,213.000000
2024-01-01,BHI.CL,212.988464,213.000000
2024-01-02,BHI.CL,210.988586,211.000000
2024-01-03,BHI.CL,212.988464,213.000000
2024-01-04,BHI.CL,229.987564,230.000000
2024-01-05,BHI.CL,241.986938,242.000000
2024-01-08,BHI.CL,241.986938,242.000000
2024-01-09,BHI.CL,247.986588,248.000000
2024-01-10,BHI.CL,250.986404,251.000000
2024-01-11,BHI.CL,250.986404,251.000000
2024-01-12,BHI.CL,248.986526,249.000000
2024-01-15,BHI.CL,248.986526,249.000000
2024-01-16,BHI.CL,248.986526,249.000000
2024-01-17,BHI.CL,253.986282,254.000000
2024-01-18,BHI.CL,250.986404,251.000000
2024-01-19,BHI.CL,250.986404,251.000000
2024-01-22,BHI.CL,250.986404,251.000000
2024-01-23,BHI.CL,248.986526,249.000000
2024-01-24,BHI.CL,248.986526,249.000000
2024-01-25,BHI.CL,248.986526,249.000000
2024-01-26,BHI.CL,248.986526,249.000000
2024-01-29,BHI.CL,256.986115,257.000000
2024-01-30,BHI.CL,252.986282,253.000000
2024-01-31,BHI.CL,252.986282,253.000000
2024-02-01,BHI.CL,255.986160,256.000000
2024-02-02,BHI.CL,255.986160,256.000000
2024-02-05,BHI.CL,255.986160,256.000000
2024-02-06,BHI.CL,253.986282,254.000000
2024-02-07,BHI.CL,255.986160,256.000000
2024-02-08,BHI.CL,250.986404,251.000000
2024-02-09,BHI.CL,250.986404,251.000000
2024-02-12,BHI.CL,250.986404,251.000000
2024-02-13,BHI.CL,250.986404,251.000000
2024-02-14,BHI.CL,250.986404,251.000000
2024-02-15,BHI.CL,249.986496,250.000000
2024-02-16,BHI.CL,251.986389,252.000000
2024-02-19,BHI.CL,242.986832,243.000000
2024-02-20,BHI.CL,243.986816,244.000000
2024-02-21,BHI.CL,250.986404,251.000000
2024-02-22,BHI.CL,252.986282,253.000000
2024-02-23,BHI.CL,239.987061,240.000000
2024-02-26,BHI.CL,239.987061,240.000000
2024-02-27,BHI.CL,242.986832,243.000000
2024-02-28,BHI.CL,242.986832,243.000000
2024-02-29,BHI.CL,242.986832,243.000000
2024-03-01,BHI.CL,241.986938,242.000000
2024-03-04,BHI.CL,239.987061,240.000000
2024-03-05,BHI.CL,241.986938,242.000000
2024-03-06,BHI.CL,243.986816,244.000000
2024-03-07,BHI.CL,243.986816,244.000000
2024-03-08,BHI.CL,243.986816,244.000000
2024-03-11,BHI.CL,241.986938,242.000000
2024-03-12,BHI.CL,241.986938,242.000000
2024-03-13,BHI.CL,241.986938,242.000000
2024-03-14,BHI.CL,241.986938,242.000000
2024-03-15,BHI.CL,237.987152,238.000000
2024-03-18,BHI.CL,240.986954,241.000000
2024-03-19,BHI.CL,243.986816,244.000000
2024-03-20,BHI.CL,244.986755,245.000000
2024-03-21,BHI.CL,245.986710,246.000000
2024-03-22,BHI.CL,249.986496,250.000000
2024-03-25,BHI.CL,249.986496,250.000000
2024-03-26,BHI.CL,249.986496,250.000000
2024-03-27,BHI.CL,251.986389,252.000000
2024-03-28,BHI.CL,251.986389,252.000000
2024-03-29,BHI.CL,251.986389,252.000000
2024-04-01,BHI.CL,251.986389,252.000000
2024-04-02,BHI.CL,253.986282,254.000000
2024-04-03,BHI.CL,248.988419,249.000000
2024-04-04,BHI.CL,251.988297,252.000000
2024-04-05,BHI.CL,248.988419,249.000000
2024-04-08,BHI.CL,248.988419,249.000000
2024-04-09,BHI.CL,250.988312,251.000000
2024-04-10,BHI.CL,247.988464,248.000000
2024-04-11,BHI.CL,251.988297,252.000000
2024-04-12,BHI.CL,251.988297,252.000000
2024-04-15,BHI.CL,249.988388,250.000000
2024-04-16,BHI.CL,251.988297,252.000000
2024-04-17,BHI.CL,249.988388,250.000000
2024-04-18,BHI.CL,249.988388,250.000000
2024-04-19,BHI.CL,249.988388,250.000000
2024-04-22,BHI.CL,249.988388,250.000000
2024-04-23,BHI.CL,249.988388,250.000000
2024-04-24,BHI.CL,249.988388,250.000000
2024-04-25,BHI.CL,248.988419,249.000000
2024-04-26,BHI.CL,249.988388,250.000000
2024-04-29,BHI.CL,253.988205,254.000000
2024-04-30,BHI.CL,249.988388,250.000000
2024-05-02,BHI.CL,249.988388,250.000000
2024-05-03,BHI.CL,239.988876,240.000000
2024-05-06,BHI.CL,252.988205,253.000000
2024-05-07,BHI.CL,252.988205,253.000000
2024-05-08,BHI.CL,254.988098,255.000000
2024-05-09,BHI.CL,259.987915,260.000000
2024-05-10,BHI.CL,274.987213,275.000000
2024-05-14,BHI.CL,269.987488,270.000000
2024-05-15,BHI.CL,260.987885,261.000000
2024-05-16,BHI.CL,259.987915,260.000000
2024-05-17,BHI.CL,255.988098,256.000000
2024-05-20,BHI.CL,261.987854,262.000000
2024-05-21,BHI.CL,261.987854,262.000000
2024-05-22,BHI.CL,254.988098,255.000000
2024-05-23,BHI.CL,254.988098,255.000000
2024-05-24,BHI.CL,260.987885,261.000000
2024-05-27,BHI.CL,265.987671,266.000000
2024-05-28,BHI.CL,272.987274,273.000000
2024-05-29,BHI.CL,274.987213,275.000000
2024-05-30,BHI.CL,277.987061,278.000000
2024-05-31,BHI.CL,278.987061,279.000000
2023-05-01,BOGOTA.CL,27371.554688,34200.000000
2023-05-02,BOGOTA.CL,29212.328125,36500.000000
2023-05-03,BOGOTA.CL,29604.488281,36990.000000
2023-05-04,BOGOTA.CL,29604.488281,36990.000000
2023-05-05,BOGOTA.CL,29604.488281,36990.000000
2023-05-08,BOGOTA.CL,29612.503906,37000.000000
2023-05-09,BOGOTA.CL,28620.078125,35760.000000
2023-05-10,BOGOTA.CL,28908.201172,36120.000000
2023-05-11,BOGOTA.CL,29284.353516,36590.000000
2023-05-12,BOGOTA.CL,29204.318359,36490.000000
2023-05-15,BOGOTA.CL,29044.253906,36290.000000
2023-05-16,BOGOTA.CL,29043.544922,36289.109375
2023-05-17,BOGOTA.CL,28005.472656,34992.070312
2023-05-18,BOGOTA.CL,28804.156250,35990.000000
2023-05-19,BOGOTA.CL,28011.822266,35000.000000
2023-05-22,BOGOTA.CL,28011.822266,35000.000000
2023-05-23,BOGOTA.CL,28780.144531,35960.000000
2023-05-24,BOGOTA.CL,27059.416016,33810.000000
2023-05-25,BOGOTA.CL,27222.222656,34013.421875
2023-05-26,BOGOTA.CL,27326.470703,33881.679688
2023-05-29,BOGOTA.CL,28067.121094,34800.000000
2023-05-30,BOGOTA.CL,27865.492188,34550.000000
2023-05-31,BOGOTA.CL,27260.597656,33800.000000
2023-06-01,BOGOTA.CL,26212.109375,32500.000000
2023-06-02,BOGOTA.CL,26575.044922,32950.000000
2023-06-05,BOGOTA.CL,27058.960938,33550.000000
2023-06-06,BOGOTA.CL,27736.443359,34390.000000
2023-06-07,BOGOTA.CL,27559.011719,34170.000000
2023-06-08,BOGOTA.CL,27047.728516,33536.078125
2023-06-13,BOGOTA.CL,27105.652344,33607.890625
2023-06-14,BOGOTA.CL,26615.376953,33000.000000
2023-06-15,BOGOTA.CL,26373.419922,32700.000000
2023-06-16,BOGOTA.CL,26131.462891,32400.000000
2023-06-19,BOGOTA.CL,26131.462891,32400.000000
2023-06-20,BOGOTA.CL,26131.496094,32400.039062
2023-06-21,BOGOTA.CL,25808.839844,32000.000000
2023-06-22,BOGOTA.CL,26771.843750,33194.000000
2023-06-23,BOGOTA.CL,25163.630859,31200.000000
2023-06-26,BOGOTA.CL,26421.806641,32760.000000
2023-06-27,BOGOTA.CL,26625.875000,32750.000000
2023-06-28,BOGOTA.CL,25203.115234,31000.000000
2023-06-29,BOGOTA.CL,26463.269531,32550.000000
2023-06-30,BOGOTA.CL,26167.728516,32186.480469
2023-07-03,BOGOTA.CL,26167.728516,32186.480469
2023-07-04,BOGOTA.CL,25764.087891,31690.000000
2023-07-05,BOGOTA.CL,24390.113281,30000.000000
2023-07-06,BOGOTA.CL,24390.113281,30000.000000
2023-07-07,BOGOTA.CL,24381.980469,29990.000000
2023-07-10,BOGOTA.CL,23983.607422,29500.000000
2023-07-11,BOGOTA.CL,24064.908203,29600.000000
2023-07-12,BOGOTA.CL,24064.908203,29600.000000
2023-07-13,BOGOTA.CL,24861.654297,30580.000000
2023-07-14,BOGOTA.CL,24942.955078,30680.000000
2023-07-17,BOGOTA.CL,24788.486328,30490.000000
2023-07-18,BOGOTA.CL,24812.873047,30520.000000
2023-07-19,BOGOTA.CL,25284.414062,31100.000000
2023-07-20,BOGOTA.CL,25284.414062,31100.000000
2023-07-21,BOGOTA.CL,25040.517578,30800.000000
2023-07-24,BOGOTA.CL,24715.314453,30400.000000
2023-07-25,BOGOTA.CL,25016.128906,30770.000000
2023-07-26,BOGOTA.CL,24885.751953,30350.000000
2023-07-27,BOGOTA.CL,24762.757812,30200.000000
2023-07-28,BOGOTA.CL,24746.361328,30180.000000
2023-07-31,BOGOTA.CL,24746.361328,30180.000000
2023-08-01,BOGOTA.CL,25057.943359,30560.000000
2023-08-02,BOGOTA.CL,25041.029297,30539.369141
2023-08-03,BOGOTA.CL,24844.748047,30300.000000
2023-08-04,BOGOTA.CL,24844.748047,30300.000000
2023-08-07,BOGOTA.CL,24844.748047,30300.000000
2023-08-08,BOGOTA.CL,25008.744141,30500.000000
2023-08-09,BOGOTA.CL,24188.787109,29500.000000
2023-08-10,BOGOTA.CL,24418.376953,29780.000000
2023-08-11,BOGOTA.CL,24196.990234,29510.000000
2023-08-14,BOGOTA.CL,23778.806641,29000.000000
2023-08-15,BOGOTA.CL,24287.181641,29620.000000
2023-08-16,BOGOTA.CL,24270.779297,29600.000000
2023-08-17,BOGOTA.CL,23401.626953,28540.000000
2023-08-18,BOGOTA.CL,24147.792969,29450.000000
2023-08-21,BOGOTA.CL,24147.792969,29450.000000
2023-08-22,BOGOTA.CL,24147.792969,29450.000000
2023-08-23,BOGOTA.CL,23803.406250,29030.000000
2023-08-24,BOGOTA.CL,23122.839844,28200.000000
2023-08-25,BOGOTA.CL,22967.042969,28010.000000
2023-08-28,BOGOTA.CL,23177.552734,28003.330078
2023-08-29,BOGOTA.CL,22446.445312,27120.000000
2023-08-30,BOGOTA.CL,21949.839844,26520.000000
2023-08-31,BOGOTA.CL,21229.765625,25650.000000
2023-09-01,BOGOTA.CL,21933.287109,26500.000000
2023-09-04,BOGOTA.CL,22189.871094,26810.000000
2023-09-05,BOGOTA.CL,21279.427734,25710.000000
2023-09-06,BOGOTA.CL,20898.701172,25250.000000
2023-09-07,BOGOTA.CL,20683.501953,24990.000000
2023-09-08,BOGOTA.CL,21188.382812,25600.000000
2023-09-11,BOGOTA.CL,21436.685547,25900.000000
2023-09-12,BOGOTA.CL,21519.453125,26000.000000
2023-09-13,BOGOTA.CL,20327.609375,24560.000000
2023-09-14,BOGOTA.CL,20360.712891,24600.000000
2023-09-15,BOGOTA.CL,20675.228516,24980.000000
2023-09-18,BOGOTA.CL,21122.164062,25520.000000
2023-09-19,BOGOTA.CL,20484.871094,24750.000000
2023-09-20,BOGOTA.CL,20691.783203,25000.000000
2023-09-21,BOGOTA.CL,20691.783203,25000.000000
2023-09-22,BOGOTA.CL,20691.783203,25000.000000
2023-09-25,BOGOTA.CL,21006.296875,25380.000000
2023-09-26,BOGOTA.CL,20906.781250,25000.000000
2023-09-27,BOGOTA.CL,20906.781250,25000.000000
2023-09-28,BOGOTA.CL,21450.355469,25650.000000
2023-09-29,BOGOTA.CL,21074.031250,25200.000000
2023-10-02,BOGOTA.CL,21305.111328,25476.320312
2023-10-03,BOGOTA.CL,20906.781250,25000.000000
2023-10-04,BOGOTA.CL,20973.675781,25080.000000
2023-10-05,BOGOTA.CL,20982.044922,25090.000000
2023-10-06,BOGOTA.CL,20906.976562,25000.240234
2023-10-09,BOGOTA.CL,20982.044922,25090.000000
2023-10-10,BOGOTA.CL,21126.468750,25262.699219
2023-10-11,BOGOTA.CL,20998.773438,25110.000000
2023-10-12,BOGOTA.CL,21316.552734,25490.000000
2023-10-13,BOGOTA.CL,21316.552734,25490.000000
2023-10-16,BOGOTA.CL,21316.552734,25490.000000
2023-10-17,BOGOTA.CL,21333.277344,25510.000000
2023-10-18,BOGOTA.CL,21659.419922,25900.000000
2023-10-19,BOGOTA.CL,21659.419922,25900.000000
2023-10-20,BOGOTA.CL,21324.917969,25500.000000
2023-10-23,BOGOTA.CL,21124.210938,25260.000000
2023-10-24,BOGOTA.CL,21308.189453,25480.000000
2023-10-25,BOGOTA.CL,20864.968750,24950.000000
2023-10-26,BOGOTA.CL,21085.537109,24950.000000
2023-10-27,BOGOTA.CL,21127.796875,25000.000000
2023-10-30,BOGOTA.CL,21127.796875,25000.000000
2023-10-31,BOGOTA.CL,21043.283203,24900.000000
2023-11-01,BOGOTA.CL,21127.796875,25000.000000
2023-11-02,BOGOTA.CL,21043.283203,24900.000000
2023-11-03,BOGOTA.CL,20924.962891,24760.000000
2023-11-06,BOGOTA.CL,20924.962891,24760.000000
2023-11-07,BOGOTA.CL,20772.849609,24580.000000
2023-11-08,BOGOTA.CL,20772.849609,24580.000000
2023-11-09,BOGOTA.CL,20789.755859,24600.000000
2023-11-10,BOGOTA.CL,20941.867188,24780.000000
2023-11-13,BOGOTA.CL,20941.867188,24780.000000
2023-11-14,BOGOTA.CL,20941.867188,24780.000000
2023-11-15,BOGOTA.CL,20620.728516,24400.000000
2023-11-16,BOGOTA.CL,20536.212891,24300.000000
2023-11-17,BOGOTA.CL,20248.878906,23960.000000
2023-11-20,BOGOTA.CL,20282.683594,24000.000000
2023-11-21,BOGOTA.CL,20282.683594,24000.000000
2023-11-22,BOGOTA.CL,20282.683594,24000.000000
2023-11-23,BOGOTA.CL,20282.683594,24000.000000
2023-11-24,BOGOTA.CL,20553.123047,24320.000000
2023-11-27,BOGOTA.CL,20502.718750,24000.000000
2023-11-28,BOGOTA.CL,20502.718750,24000.000000
2023-11-29,BOGOTA.CL,20929.859375,24500.000000
2023-11-30,BOGOTA.CL,20912.765625,24480.000000
2023-12-01,BOGOTA.CL,20895.685547,24460.000000
2023-12-04,BOGOTA.CL,20588.146484,24100.000000
2023-12-05,BOGOTA.CL,20588.146484,24100.000000
2023-12-06,BOGOTA.CL,20502.718750,24000.000000
2023-12-07,BOGOTA.CL,20502.718750,24000.000000
2023-12-08,BOGOTA.CL,20502.718750,24000.000000
2023-12-11,BOGOTA.CL,20502.718750,24000.000000
2023-12-12,BOGOTA.CL,20929.859375,24500.000000
2023-12-13,BOGOTA.CL,20929.859375,24500.000000
2023-12-14,BOGOTA.CL,20519.802734,24020.000000
2023-12-15,BOGOTA.CL,20946.947266,24520.000000
2023-12-18,BOGOTA.CL,20946.947266,24520.000000
2023-12-19,BOGOTA.CL,21920.820312,25660.000000
2023-12-20,BOGOTA.CL,23492.693359,27500.000000
2023-12-21,BOGOTA.CL,22638.417969,26500.000000
2023-12-22,BOGOTA.CL,22638.417969,26500.000000
2023-12-25,BOGOTA.CL,22638.417969,26500.000000
2023-12-26,BOGOTA.CL,23726.380859,27500.000000
2023-12-27,BOGOTA.CL,23795.398438,27580.000000
2023-12-28,BOGOTA.CL,23691.867188,27460.000000
2023-12-29,BOGOTA.CL,23691.867188,27460.000000
2024-01-01,BOGOTA.CL,23691.867188,27460.000000
2024-01-02,BOGOTA.CL,24416.601562,28300.000000
2024-01-03,BOGOTA.CL,24416.601562,28300.000000
2024-01-04,BOGOTA.CL,24934.267578,28900.000000
2024-01-05,BOGOTA.CL,25400.167969,29440.000000
2024-01-08,BOGOTA.CL,25400.167969,29440.000000
2024-01-09,BOGOTA.CL,24778.972656,28720.000000
2024-01-10,BOGOTA.CL,25020.546875,29000.000000
2024-01-11,BOGOTA.CL,25365.654297,29400.000000
2024-01-12,BOGOTA.CL,25365.654297,29400.000000
2024-01-15,BOGOTA.CL,25365.654297,29400.000000
2024-01-16,BOGOTA.CL,25555.470703,29620.000000
2024-01-17,BOGOTA.CL,25624.494141,29700.000000
2024-01-18,BOGOTA.CL,25814.302734,29920.000000
2024-01-19,BOGOTA.CL,25762.535156,29860.000000
2024-01-22,BOGOTA.CL,25762.535156,29860.000000
2024-01-23,BOGOTA.CL,26124.902344,30280.000000
2024-01-24,BOGOTA.CL,26124.902344,30280.000000
2024-01-25,BOGOTA.CL,26124.902344,30280.000000
2024-01-26,BOGOTA.CL,26352.046875,30280.000000
2024-01-29,BOGOTA.CL,26787.189453,30780.000000
2024-01-30,BOGOTA.CL,27727.080078,31860.000000
2024-01-31,BOGOTA.CL,27674.867188,31800.000000
2024-02-01,BOGOTA.CL,27570.429688,31680.000000
2024-02-02,BOGOTA.CL,27570.429688,31680.000000
2024-02-05,BOGOTA.CL,27553.029297,31660.000000
2024-02-06,BOGOTA.CL,26978.644531,31000.000000
2024-02-07,BOGOTA.CL,27640.054688,31760.000000
2024-02-08,BOGOTA.CL,28510.335938,32760.000000
2024-02-09,BOGOTA.CL,27065.671875,31100.000000
2024-02-12,BOGOTA.CL,27431.183594,31520.000000
2024-02-13,BOGOTA.CL,27413.783203,31500.000000
2024-02-14,BOGOTA.CL,27413.783203,31500.000000
2024-02-15,BOGOTA.CL,27413.783203,31500.000000
2024-02-16,BOGOTA.CL,27413.783203,31500.000000
2024-02-19,BOGOTA.CL,26108.365234,30000.000000
2024-02-20,BOGOTA.CL,27431.183594,31520.000000
2024-02-21,BOGOTA.CL,29136.937500,33480.000000
2024-02-22,BOGOTA.CL,28719.201172,33000.000000
2024-02-23,BOGOTA.CL,28527.740234,32780.000000
2024-02-26,BOGOTA.CL,28072.445312,32000.000000
2024-02-27,BOGOTA.CL,27984.714844,31900.000000
2024-02-28,BOGOTA.CL,27984.714844,31900.000000
2024-02-29,BOGOTA.CL,28493.531250,32480.000000
2024-03-01,BOGOTA.CL,28493.531250,32480.000000
2024-03-04,BOGOTA.CL,28388.261719,32360.000000
2024-03-05,BOGOTA.CL,28633.892578,32640.000000
2024-03-06,BOGOTA.CL,28563.707031,32560.000000
2024-03-07,BOGOTA.CL,28405.800781,32380.000000
2024-03-08,BOGOTA.CL,28072.445312,32000.000000
2024-03-11,BOGOTA.CL,28072.445312,32000.000000
2024-03-12,BOGOTA.CL,27458.357422,31300.000000
2024-03-13,BOGOTA.CL,27072.367188,30860.000000
2024-03-14,BOGOTA.CL,26230.185547,29900.000000
2024-03-15,BOGOTA.CL,24124.755859,27500.000000
2024-03-18,BOGOTA.CL,24124.755859,27500.000000
2024-03-19,BOGOTA.CL,24124.755859,27500.000000
2024-03-20,BOGOTA.CL,23528.210938,26820.000000
2024-03-21,BOGOTA.CL,23686.126953,27000.000000
2024-03-22,BOGOTA.CL,23792.753906,27000.000000
2024-03-25,BOGOTA.CL,23792.753906,27000.000000
2024-03-26,BOGOTA.CL,23704.628906,26900.000000
2024-03-27,BOGOTA.CL,23792.753906,27000.000000
2024-03-28,BOGOTA.CL,23792.753906,27000.000000
2024-03-29,BOGOTA.CL,23792.753906,27000.000000
2024-04-01,BOGOTA.CL,23440.265625,26600.000000
2024-04-02,BOGOTA.CL,23792.753906,27000.000000
2024-04-03,BOGOTA.CL,24198.107422,27460.000000
2024-04-04,BOGOTA.CL,24938.322266,28300.000000
2024-04-05,BOGOTA.CL,24762.080078,28100.000000
2024-04-08,BOGOTA.CL,24850.212891,28200.000000
2024-04-09,BOGOTA.CL,25114.568359,28500.000000
2024-04-10,BOGOTA.CL,26313.015625,29860.000000
2024-04-11,BOGOTA.CL,26083.902344,29600.000000
2024-04-12,BOGOTA.CL,25555.179688,29000.000000
2024-04-15,BOGOTA.CL,25114.568359,28500.000000
2024-04-16,BOGOTA.CL,25449.427734,28880.000000
2024-04-17,BOGOTA.CL,25114.568359,28500.000000
2024-04-18,BOGOTA.CL,24585.843750,27900.000000
2024-04-19,BOGOTA.CL,25361.304688,28780.000000
2024-04-22,BOGOTA.CL,24850.212891,28200.000000
2024-04-23,BOGOTA.CL,24709.210938,28040.000000
2024-04-24,BOGOTA.CL,24550.593750,27860.000000
2024-04-25,BOGOTA.CL,24427.568359,27600.000000
2024-04-26,BOGOTA.CL,25011.710938,28260.000000
2024-04-29,BOGOTA.CL,25224.121094,28500.000000
2024-04-30,BOGOTA.CL,25047.107422,28300.000000
2024-05-02,BOGOTA.CL,25188.720703,28460.000000
2024-05-03,BOGOTA.CL,28640.445312,32360.000000
2024-05-06,BOGOTA.CL,25117.916016,28380.000000
2024-05-07,BOGOTA.CL,25047.107422,28300.000000
2024-05-08,BOGOTA.CL,25047.107422,28300.000000
2024-05-09,BOGOTA.CL,24834.697266,28060.000000
2024-05-10,BOGOTA.CL,25047.107422,28300.000000
2024-05-14,BOGOTA.CL,25047.107422,28300.000000
2024-05-15,BOGOTA.CL,25029.408203,28280.000000
2024-05-16,BOGOTA.CL,25047.107422,28300.000000
2024-05-17,BOGOTA.CL,25047.107422,28300.000000
2024-05-20,BOGOTA.CL,24870.093750,28100.000000
2024-05-21,BOGOTA.CL,25029.408203,28280.000000
2024-05-22,BOGOTA.CL,24923.199219,28160.000000
2024-05-23,BOGOTA.CL,24923.199219,28160.000000
2024-05-24,BOGOTA.CL,24870.093750,28100.000000
2024-05-27,BOGOTA.CL,24516.074219,27700.000000
2024-05-28,BOGOTA.CL,24623.638672,27700.000000
2024-05-29,BOGOTA.CL,24516.966797,27580.000000
2024-05-30,BOGOTA.CL,24872.541016,27980.000000
2024-05-31,BOGOTA.CL,24481.408203,27540.000000
2023-05-01,BRK-B,330.170013,330.170013
2023-05-02,BRK-B,325.859985,325.859985
2023-05-03,BRK-B,323.220001,323.220001
2023-05-04,BRK-B,320.000000,320.000000
2023-05-05,BRK-B,323.880005,323.880005
2023-05-08,BRK-B,326.140015,326.140015
2023-05-09,BRK-B,324.869995,324.869995
2023-05-10,BRK-B,322.989990,322.989990
2023-05-11,BRK-B,322.640015,322.640015
2023-05-12,BRK-B,322.489990,322.489990
2023-05-15,BRK-B,323.529999,323.529999
2023-05-16,BRK-B,323.750000,323.750000
2023-05-17,BRK-B,327.390015,327.390015
2023-05-18,BRK-B,329.760010,329.760010
2023-05-19,BRK-B,330.390015,330.390015
2023-05-22,BRK-B,329.130005,329.130005
2023-05-23,BRK-B,323.109985,323.109985
2023-05-24,BRK-B,320.200012,320.200012
2023-05-25,BRK-B,319.019989,319.019989
2023-05-26,BRK-B,320.600006,320.600006
2023-05-30,BRK-B,322.190002,322.190002
2023-05-31,BRK-B,321.079987,321.079987
2023-06-01,BRK-B,323.119995,323.119995
2023-06-02,BRK-B,329.480011,329.480011
2023-06-05,BRK-B,328.579987,328.579987
2023-06-06,BRK-B,333.410004,333.410004
2023-06-07,BRK-B,335.420013,335.420013
2023-06-08,BRK-B,335.950012,335.950012
2023-06-09,BRK-B,335.290009,335.290009
2023-06-12,BRK-B,333.600006,333.600006
2023-06-13,BRK-B,336.390015,336.390015
2023-06-14,BRK-B,335.899994,335.899994
2023-06-15,BRK-B,339.820007,339.820007
2023-06-16,BRK-B,338.309998,338.309998
2023-06-20,BRK-B,338.670013,338.670013
2023-06-21,BRK-B,338.609985,338.609985
2023-06-22,BRK-B,336.959991,336.959991
2023-06-23,BRK-B,335.250000,335.250000
2023-06-26,BRK-B,334.119995,334.119995
2023-06-27,BRK-B,335.339996,335.339996
2023-06-28,BRK-B,334.149994,334.149994
2023-06-29,BRK-B,336.910004,336.910004
2023-06-30,BRK-B,341.000000,341.000000
2023-07-03,BRK-B,342.000000,342.000000
2023-07-05,BRK-B,341.559998,341.559998
2023-07-06,BRK-B,341.459991,341.459991
2023-07-07,BRK-B,340.899994,340.899994
2023-07-10,BRK-B,341.130005,341.130005
2023-07-11,BRK-B,343.369995,343.369995
2023-07-12,BRK-B,345.350006,345.350006
2023-07-13,BRK-B,343.540009,343.540009
2023-07-14,BRK-B,341.089996,341.089996
2023-07-17,BRK-B,344.250000,344.250000
2023-07-18,BRK-B,345.339996,345.339996
2023-07-19,BRK-B,342.429993,342.429993
2023-07-20,BRK-B,346.609985,346.609985
2023-07-21,BRK-B,345.760010,345.760010
2023-07-24,BRK-B,349.630005,349.630005
2023-07-25,BRK-B,347.579987,347.579987
2023-07-26,BRK-B,349.799988,349.799988
2023-07-27,BRK-B,349.309998,349.309998
2023-07-28,BRK-B,349.809998,349.809998
2023-07-31,BRK-B,351.959991,351.959991
2023-08-01,BRK-B,352.260010,352.260010
2023-08-02,BRK-B,351.190002,351.190002
2023-08-03,BRK-B,353.809998,353.809998
2023-08-04,BRK-B,349.989990,349.989990
2023-08-07,BRK-B,362.579987,362.579987
2023-08-08,BRK-B,363.730011,363.730011
2023-08-09,BRK-B,358.019989,358.019989
2023-08-10,BRK-B,356.980011,356.980011
2023-08-11,BRK-B,358.350006,358.350006
2023-08-14,BRK-B,358.480011,358.480011
2023-08-15,BRK-B,354.500000,354.500000
2023-08-16,BRK-B,354.109985,354.109985
2023-08-17,BRK-B,353.190002,353.190002
2023-08-18,BRK-B,352.559998,352.559998
2023-08-21,BRK-B,352.089996,352.089996
2023-08-22,BRK-B,350.570007,350.570007
2023-08-23,BRK-B,354.260010,354.260010
2023-08-24,BRK-B,354.299988,354.299988
2023-08-25,BRK-B,355.929993,355.929993
2023-08-28,BRK-B,355.549988,355.549988
2023-08-29,BRK-B,358.290009,358.290009
2023-08-30,BRK-B,361.059998,361.059998
2023-08-31,BRK-B,360.200012,360.200012
2023-09-01,BRK-B,362.459991,362.459991
2023-09-05,BRK-B,360.470001,360.470001
2023-09-06,BRK-B,361.670013,361.670013
2023-09-07,BRK-B,361.799988,361.799988
2023-09-08,BRK-B,363.149994,363.149994
2023-09-11,BRK-B,365.519989,365.519989
2023-09-12,BRK-B,367.779999,367.779999
2023-09-13,BRK-B,367.820007,367.820007
2023-09-14,BRK-B,369.500000,369.500000
2023-09-15,BRK-B,367.859985,367.859985
2023-09-18,BRK-B,370.429993,370.429993
2023-09-19,BRK-B,370.480011,370.480011
2023-09-20,BRK-B,366.820007,366.820007
2023-09-21,BRK-B,363.279999,363.279999
2023-09-22,BRK-B,360.160004,360.160004
2023-09-25,BRK-B,361.709991,361.709991
2023-09-26,BRK-B,359.420013,359.420013
2023-09-27,BRK-B,357.779999,357.779999
2023-09-28,BRK-B,357.059998,357.059998
2023-09-29,BRK-B,350.299988,350.299988
2023-10-02,BRK-B,348.079987,348.079987
2023-10-03,BRK-B,343.040009,343.040009
2023-10-04,BRK-B,343.690002,343.690002
2023-10-05,BRK-B,345.059998,345.059998
2023-10-06,BRK-B,346.339996,346.339996
2023-10-09,BRK-B,345.450012,345.450012
2023-10-10,BRK-B,348.559998,348.559998
2023-10-11,BRK-B,348.429993,348.429993
2023-10-12,BRK-B,345.660004,345.660004
2023-10-13,BRK-B,345.089996,345.089996
2023-10-16,BRK-B,346.230011,346.230011
2023-10-17,BRK-B,345.390015,345.390015
2023-10-18,BRK-B,340.890015,340.890015
2023-10-19,BRK-B,338.660004,338.660004
2023-10-20,BRK-B,335.859985,335.859985
2023-10-23,BRK-B,336.839996,336.839996
2023-10-24,BRK-B,338.630005,338.630005
2023-10-25,BRK-B,336.899994,336.899994
2023-10-26,BRK-B,336.160004,336.160004
2023-10-27,BRK-B,331.709991,331.709991
2023-10-30,BRK-B,337.410004,337.410004
2023-10-31,BRK-B,341.329987,341.329987
2023-11-01,BRK-B,343.750000,343.750000
2023-11-02,BRK-B,349.019989,349.019989
2023-11-03,BRK-B,351.809998,351.809998
2023-11-06,BRK-B,346.630005,346.630005
2023-11-07,BRK-B,346.170013,346.170013
2023-11-08,BRK-B,346.299988,346.299988
2023-11-09,BRK-B,348.179993,348.179993
2023-11-10,BRK-B,350.559998,350.559998
2023-11-13,BRK-B,350.010010,350.010010
2023-11-14,BRK-B,354.250000,354.250000
2023-11-15,BRK-B,356.790009,356.790009
2023-11-16,BRK-B,359.859985,359.859985
2023-11-17,BRK-B,358.929993,358.929993
2023-11-20,BRK-B,361.329987,361.329987
2023-11-21,BRK-B,361.000000,361.000000
2023-11-22,BRK-B,361.799988,361.799988
2023-11-24,BRK-B,362.679993,362.679993
2023-11-27,BRK-B,361.339996,361.339996
2023-11-28,BRK-B,360.049988,360.049988
2023-11-29,BRK-B,358.690002,358.690002
2023-11-30,BRK-B,360.000000,360.000000
2023-12-01,BRK-B,357.070007,357.070007
2023-12-04,BRK-B,356.660004,356.660004
2023-12-05,BRK-B,355.029999,355.029999
2023-12-06,BRK-B,352.380005,352.380005
2023-12-07,BRK-B,352.700012,352.700012
2023-12-08,BRK-B,353.079987,353.079987
2023-12-11,BRK-B,357.059998,357.059998
2023-12-12,BRK-B,360.019989,360.019989
2023-12-13,BRK-B,362.029999,362.029999
2023-12-14,BRK-B,358.119995,358.119995
2023-12-15,BRK-B,356.500000,356.500000
2023-12-18,BRK-B,359.649994,359.649994
2023-12-19,BRK-B,361.799988,361.799988
2023-12-20,BRK-B,355.350006,355.350006
2023-12-21,BRK-B,356.140015,356.140015
2023-12-22,BRK-B,356.470001,356.470001
2023-12-26,BRK-B,356.829987,356.829987
2023-12-27,BRK-B,356.950012,356.950012
2023-12-28,BRK-B,357.570007,357.570007
2023-12-29,BRK-B,356.660004,356.660004
2024-01-02,BRK-B,362.459991,362.459991
2024-01-03,BRK-B,366.750000,366.750000
2024-01-04,BRK-B,363.679993,363.679993
2024-01-05,BRK-B,365.589996,365.589996
2024-01-08,BRK-B,368.179993,368.179993
2024-01-09,BRK-B,366.899994,366.899994
2024-01-10,BRK-B,367.920013,367.920013
2024-01-11,BRK-B,363.339996,363.339996
2024-01-12,BRK-B,363.619995,363.619995
2024-01-16,BRK-B,361.100006,361.100006
2024-01-17,BRK-B,359.290009,359.290009
2024-01-18,BRK-B,362.380005,362.380005
2024-01-19,BRK-B,366.989990,366.989990
2024-01-22,BRK-B,368.059998,368.059998
2024-01-23,BRK-B,372.140015,372.140015
2024-01-24,BRK-B,376.589996,376.589996
2024-01-25,BRK-B,380.850006,380.850006
2024-01-26,BRK-B,385.399994,385.399994
2024-01-29,BRK-B,383.179993,383.179993
2024-01-30,BRK-B,387.149994,387.149994
2024-01-31,BRK-B,383.739990,383.739990
2024-02-01,BRK-B,386.440002,386.440002
2024-02-02,BRK-B,390.750000,390.750000
2024-02-05,BRK-B,390.760010,390.760010
2024-02-06,BRK-B,393.739990,393.739990
2024-02-07,BRK-B,397.660004,397.660004
2024-02-08,BRK-B,397.489990,397.489990
2024-02-09,BRK-B,398.359985,398.359985
2024-02-12,BRK-B,397.709991,397.709991
2024-02-13,BRK-B,394.799988,394.799988
2024-02-14,BRK-B,398.679993,398.679993
2024-02-15,BRK-B,403.450012,403.450012
2024-02-16,BRK-B,405.989990,405.989990
2024-02-20,BRK-B,407.149994,407.149994
2024-02-21,BRK-B,409.250000,409.250000
2024-02-22,BRK-B,415.160004,415.160004
2024-02-23,BRK-B,417.220001,417.220001
2024-02-26,BRK-B,409.140015,409.140015
2024-02-27,BRK-B,408.910004,408.910004
2024-02-28,BRK-B,412.140015,412.140015
2024-02-29,BRK-B,409.399994,409.399994
2024-03-01,BRK-B,407.109985,407.109985
2024-03-04,BRK-B,403.390015,403.390015
2024-03-05,BRK-B,400.739990,400.739990
2024-03-06,BRK-B,403.959991,403.959991
2024-03-07,BRK-B,402.390015,402.390015
2024-03-08,BRK-B,403.149994,403.149994
2024-03-11,BRK-B,404.760010,404.760010
2024-03-12,BRK-B,404.980011,404.980011
2024-03-13,BRK-B,408.130005,408.130005
2024-03-14,BRK-B,406.730011,406.730011
2024-03-15,BRK-B,408.130005,408.130005
2024-03-18,BRK-B,408.410004,408.410004
2024-03-19,BRK-B,411.760010,411.760010
2024-03-20,BRK-B,416.109985,416.109985
2024-03-21,BRK-B,413.779999,413.779999
2024-03-22,BRK-B,411.600006,411.600006
2024-03-25,BRK-B,409.920013,409.920013
2024-03-26,BRK-B,411.570007,411.570007
2024-03-27,BRK-B,416.929993,416.929993
2024-03-28,BRK-B,420.519989,420.519989
2024-04-01,BRK-B,420.200012,420.200012
2024-04-02,BRK-B,418.920013,418.920013
2024-04-03,BRK-B,420.239990,420.239990
2024-04-04,BRK-B,415.320007,415.320007
2024-04-05,BRK-B,418.619995,418.619995
2024-04-08,BRK-B,415.970001,415.970001
2024-04-09,BRK-B,414.690002,414.690002
2024-04-10,BRK-B,409.109985,409.109985
2024-04-11,BRK-B,407.609985,407.609985
2024-04-12,BRK-B,403.260010,403.260010
2024-04-15,BRK-B,400.260010,400.260010
2024-04-16,BRK-B,396.920013,396.920013
2024-04-17,BRK-B,397.739990,397.739990
2024-04-18,BRK-B,399.890015,399.890015
2024-04-19,BRK-B,405.079987,405.079987
2024-04-22,BRK-B,408.779999,408.779999
2024-04-23,BRK-B,408.739990,408.739990
2024-04-24,BRK-B,405.950012,405.950012
2024-04-25,BRK-B,404.910004,404.910004
2024-04-26,BRK-B,402.100006,402.100006
2024-04-29,BRK-B,400.959991,400.959991
2024-04-30,BRK-B,396.730011,396.730011
2024-05-01,BRK-B,398.579987,398.579987
2024-05-02,BRK-B,400.600006,400.600006
2024-05-03,BRK-B,400.869995,400.869995
2024-05-06,BRK-B,404.920013,404.920013
2024-05-07,BRK-B,406.140015,406.140015
2024-05-08,BRK-B,406.369995,406.369995
2024-05-09,BRK-B,408.820007,408.820007
2024-05-10,BRK-B,412.049988,412.049988
2024-05-13,BRK-B,411.220001,411.220001
2024-05-14,BRK-B,410.239990,410.239990
2024-05-15,BRK-B,412.760010,412.760010
2024-05-16,BRK-B,413.119995,413.119995
2024-05-17,BRK-B,416.940002,416.940002
2024-05-20,BRK-B,413.000000,413.000000
2024-05-21,BRK-B,414.369995,414.369995
2024-05-22,BRK-B,413.989990,413.989990
2024-05-23,BRK-B,405.880005,405.880005
2024-05-24,BRK-B,407.410004,407.410004
2024-05-28,BRK-B,403.899994,403.899994
2024-05-29,BRK-B,404.089996,404.089996
2024-05-30,BRK-B,408.609985,408.609985
2024-05-31,BRK-B,414.399994,414.399994
2023-05-01,BVC.CL,7413.632324,10050.000000
2023-05-02,BVC.CL,7450.516113,10100.000000
2023-05-03,BVC.CL,7320.750977,9924.089844
2023-05-04,BVC.CL,7450.516113,10100.000000
2023-05-05,BVC.CL,7295.604492,9890.000000
2023-05-08,BVC.CL,7450.516113,10100.000000
2023-05-09,BVC.CL,7561.167969,10250.000000
2023-05-10,BVC.CL,7561.167969,10250.000000
2023-05-11,BVC.CL,7322.603027,9926.599609
2023-05-12,BVC.CL,7561.167969,10250.000000
2023-05-15,BVC.CL,7561.167969,10250.000000
2023-05-16,BVC.CL,7556.387207,10243.519531
2023-05-17,BVC.CL,7561.167969,10250.000000
2023-05-18,BVC.CL,7179.671875,9732.839844
2023-05-19,BVC.CL,7173.762695,9724.830078
2023-05-22,BVC.CL,7173.762695,9724.830078
2023-05-23,BVC.CL,7188.471191,9744.769531
2023-05-24,BVC.CL,7110.204590,9638.669922
2023-05-25,BVC.CL,6922.208984,9383.820312
2023-05-26,BVC.CL,7190.847168,9747.990234
2023-05-29,BVC.CL,7113.310547,9642.879883
2023-05-30,BVC.CL,7191.473633,9748.839844
2023-05-31,BVC.CL,7561.167969,10250.000000
2023-06-01,BVC.CL,7410.977051,10046.400391
2023-06-02,BVC.CL,7254.169434,9833.830078
2023-06-05,BVC.CL,7122.250488,9655.000000
2023-06-06,BVC.CL,7280.850586,9870.000000
2023-06-07,BVC.CL,7280.850586,9870.000000
2023-06-08,BVC.CL,7502.153320,10170.000000
2023-06-13,BVC.CL,7229.213379,9800.000000
2023-06-14,BVC.CL,7004.222656,9495.000000
2023-06-15,BVC.CL,7561.167969,10250.000000
2023-06-16,BVC.CL,7188.641602,9745.000000
2023-06-19,BVC.CL,7188.641602,9745.000000
2023-06-20,BVC.CL,7376.749023,10000.000000
2023-06-21,BVC.CL,7487.399902,10150.000000
2023-06-22,BVC.CL,7452.360352,10102.500000
2023-06-23,BVC.CL,7302.980957,9900.000000
2023-06-26,BVC.CL,6985.780273,9470.000000
2023-06-27,BVC.CL,6982.652832,9465.759766
2023-06-28,BVC.CL,6985.234863,9469.259766
2023-06-29,BVC.CL,6985.397949,9469.480469
2023-06-30,BVC.CL,6948.897461,9420.000000
2023-07-03,BVC.CL,6948.897461,9420.000000
2023-07-04,BVC.CL,7076.507812,9592.990234
2023-07-05,BVC.CL,6985.780273,9470.000000
2023-07-06,BVC.CL,6997.111816,9485.360352
2023-07-07,BVC.CL,7524.283203,10200.000000
2023-07-10,BVC.CL,7133.212402,9669.860352
2023-07-11,BVC.CL,7524.283203,10200.000000
2023-07-12,BVC.CL,7407.509766,10041.700195
2023-07-13,BVC.CL,7524.283203,10200.000000
2023-07-14,BVC.CL,7015.288086,9510.000000
2023-07-17,BVC.CL,7524.283203,10200.000000
2023-07-18,BVC.CL,7524.283203,10200.000000
2023-07-19,BVC.CL,7524.283203,10200.000000
2023-07-20,BVC.CL,7524.283203,10200.000000
2023-07-21,BVC.CL,7350.686035,9964.669922
2023-07-24,BVC.CL,7524.283203,10200.000000
2023-07-25,BVC.CL,7524.283203,10200.000000
2023-07-26,BVC.CL,7256.448730,9836.919922
2023-07-27,BVC.CL,7524.283203,10200.000000
2023-07-28,BVC.CL,7524.283203,10200.000000
2023-07-31,BVC.CL,7524.283203,10200.000000
2023-08-01,BVC.CL,6934.144043,9400.000000
2023-08-02,BVC.CL,7053.094238,9561.250000
2023-08-03,BVC.CL,6934.144043,9400.000000
2023-08-04,BVC.CL,6934.144043,9400.000000
2023-08-07,BVC.CL,6934.144043,9400.000000
2023-08-08,BVC.CL,6926.766602,9390.000000
2023-08-09,BVC.CL,6926.766602,9390.000000
2023-08-10,BVC.CL,6943.578125,9412.790039
2023-08-11,BVC.CL,6974.177246,9454.269531
2023-08-14,BVC.CL,6926.766602,9390.000000
2023-08-15,BVC.CL,6926.766602,9390.000000
2023-08-16,BVC.CL,6926.766602,9390.000000
2023-08-17,BVC.CL,6926.766602,9390.000000
2023-08-18,BVC.CL,6304.951172,8547.059570
2023-08-21,BVC.CL,6304.951172,8547.059570
2023-08-22,BVC.CL,6926.766602,9390.000000
2023-08-23,BVC.CL,6852.172852,9288.879883
2023-08-24,BVC.CL,6926.766602,9390.000000
2023-08-25,BVC.CL,6596.900879,8942.830078
2023-08-28,BVC.CL,6586.765137,8929.089844
2023-08-29,BVC.CL,6270.236328,8500.000000
2023-08-30,BVC.CL,6248.106445,8470.000000
2023-08-31,BVC.CL,6639.073730,9000.000000
2023-09-01,BVC.CL,6795.829590,9212.500000
2023-09-04,BVC.CL,6608.084473,8957.990234
2023-09-05,BVC.CL,6529.241699,8851.110352
2023-09-06,BVC.CL,6639.073730,9000.000000
2023-09-07,BVC.CL,6554.292969,8885.070312
2023-09-08,BVC.CL,6639.073730,9000.000000
2023-09-11,BVC.CL,6546.864746,8875.000000
2023-09-12,BVC.CL,6675.957520,9050.000000
2023-09-13,BVC.CL,6089.114746,8254.469727
2023-09-14,BVC.CL,6675.957520,9050.000000
2023-09-15,BVC.CL,6442.262207,8733.200195
2023-09-18,BVC.CL,6082.445801,8245.429688
2023-09-19,BVC.CL,6675.957520,9050.000000
2023-09-20,BVC.CL,6359.347656,8620.799805
2023-09-21,BVC.CL,6056.310547,8210.000000
2023-09-22,BVC.CL,6056.310547,8210.000000
2023-09-25,BVC.CL,6639.073730,9000.000000
2023-09-26,BVC.CL,6458.343750,8755.000000
2023-09-27,BVC.CL,6639.073730,9000.000000
2023-09-28,BVC.CL,6639.073730,9000.000000
2023-09-29,BVC.CL,6509.272461,8824.040039
2023-10-02,BVC.CL,6293.325195,8531.299805
2023-10-03,BVC.CL,6639.073730,9000.000000
2023-10-04,BVC.CL,6288.678223,8525.000000
2023-10-05,BVC.CL,6237.335938,8455.400391
2023-10-06,BVC.CL,6635.385254,8995.000000
2023-10-09,BVC.CL,6288.678223,8525.000000
2023-10-10,BVC.CL,6017.177246,8156.950195
2023-10-11,BVC.CL,6288.678223,8525.000000
2023-10-12,BVC.CL,6271.099121,8501.169922
2023-10-13,BVC.CL,6288.678223,8525.000000
2023-10-16,BVC.CL,6288.678223,8525.000000
2023-10-17,BVC.CL,6288.678223,8525.000000
2023-10-18,BVC.CL,6270.236328,8500.000000
2023-10-19,BVC.CL,6288.678223,8525.000000
2023-10-20,BVC.CL,6288.678223,8525.000000
2023-10-23,BVC.CL,6288.678223,8525.000000
2023-10-24,BVC.CL,6288.678223,8525.000000
2023-10-25,BVC.CL,6071.063965,8230.000000
2023-10-26,BVC.CL,6071.063965,8230.000000
2023-10-27,BVC.CL,5901.398926,8000.000000
2023-10-30,BVC.CL,6639.073730,9000.000000
2023-10-31,BVC.CL,6639.073730,9000.000000
2023-11-01,BVC.CL,6639.073730,9000.000000
2023-11-02,BVC.CL,6639.073730,9000.000000
2023-11-03,BVC.CL,6639.073730,9000.000000
2023-11-06,BVC.CL,6639.073730,9000.000000
2023-11-07,BVC.CL,7007.911133,9500.000000
2023-11-08,BVC.CL,7007.911133,9500.000000
2023-11-09,BVC.CL,7007.911133,9500.000000
2023-11-10,BVC.CL,7007.911133,9500.000000
2023-11-13,BVC.CL,7007.911133,9500.000000
2023-11-14,BVC.CL,6912.013672,9370.000000
2023-11-15,BVC.CL,6912.013672,9370.000000
2023-11-16,BVC.CL,7155.446289,9700.000000
2023-11-17,BVC.CL,7376.749023,10000.000000
2023-11-20,BVC.CL,7553.790527,10240.000000
2023-11-21,BVC.CL,7553.790527,10240.000000
2023-11-22,BVC.CL,7819.353027,10600.000000
2023-11-23,BVC.CL,7671.819336,10400.000000
2023-11-24,BVC.CL,7671.819336,10400.000000
2023-11-27,BVC.CL,7922.628418,10740.000000
2023-11-28,BVC.CL,7922.628418,10740.000000
2023-11-29,BVC.CL,7922.628418,10740.000000
2023-11-30,BVC.CL,8188.190918,11100.000000
2023-12-01,BVC.CL,8291.465820,11240.000000
2023-12-04,BVC.CL,8291.465820,11240.000000
2023-12-05,BVC.CL,8335.725586,11300.000000
2023-12-06,BVC.CL,8409.494141,11400.000000
2023-12-07,BVC.CL,8409.494141,11400.000000
2023-12-08,BVC.CL,8409.494141,11400.000000
2023-12-11,BVC.CL,8409.494141,11400.000000
2023-12-12,BVC.CL,8542.275391,11580.000000
2023-12-13,BVC.CL,8542.275391,11580.000000
2023-12-14,BVC.CL,8542.275391,11580.000000
2023-12-15,BVC.CL,8542.275391,11580.000000
2023-12-18,BVC.CL,8542.275391,11580.000000
2023-12-19,BVC.CL,8542.275391,11580.000000
2023-12-20,BVC.CL,8542.275391,11580.000000
2023-12-21,BVC.CL,8542.275391,11580.000000
2023-12-22,BVC.CL,8542.275391,11580.000000
2023-12-25,BVC.CL,8542.275391,11580.000000
2023-12-26,BVC.CL,8483.261719,11500.000000
2023-12-27,BVC.CL,8483.261719,11500.000000
2023-12-28,BVC.CL,8483.261719,11500.000000
2023-12-29,BVC.CL,8483.261719,11500.000000
2024-01-01,BVC.CL,8483.261719,11500.000000
2024-01-02,BVC.CL,8483.261719,11500.000000
2024-01-03,BVC.CL,8483.261719,11500.000000
2024-01-04,BVC.CL,8483.261719,11500.000000
2024-01-05,BVC.CL,8483.261719,11500.000000
2024-01-08,BVC.CL,8483.261719,11500.000000
2024-01-09,BVC.CL,8483.261719,11500.000000
2024-01-10,BVC.CL,8483.261719,11500.000000
2024-01-11,BVC.CL,8483.261719,11500.000000
2024-01-12,BVC.CL,8483.261719,11500.000000
2024-01-15,BVC.CL,8483.261719,11500.000000
2024-01-16,BVC.CL,8483.261719,11500.000000
2024-01-17,BVC.CL,8483.261719,11500.000000
2024-01-18,BVC.CL,8483.261719,11500.000000
2024-01-19,BVC.CL,8483.261719,11500.000000
2024-01-22,BVC.CL,8483.261719,11500.000000
2024-01-23,BVC.CL,7661.439941,10385.929688
2024-01-24,BVC.CL,7661.439941,10385.929688
2024-01-25,BVC.CL,7661.439941,10385.929688
2024-01-26,BVC.CL,7661.439941,10385.929688
2024-01-29,BVC.CL,7966.889160,10800.000000
2024-01-30,BVC.CL,7686.571289,10420.000000
2024-01-31,BVC.CL,7686.571289,10420.000000
2024-02-01,BVC.CL,7435.762695,10080.000000
2024-02-02,BVC.CL,7435.762695,10080.000000
2024-02-05,BVC.CL,7435.762695,10080.000000
2024-02-06,BVC.CL,7435.762695,10080.000000
2024-02-07,BVC.CL,7435.762695,10080.000000
2024-02-08,BVC.CL,7435.762695,10080.000000
2024-02-09,BVC.CL,7435.762695,10080.000000
2024-02-12,BVC.CL,7317.735352,9920.000000
2024-02-13,BVC.CL,7317.735352,9920.000000
2024-02-14,BVC.CL,7317.735352,9920.000000
2024-02-15,BVC.CL,7317.735352,9920.000000
2024-02-16,BVC.CL,7317.735352,9920.000000
2024-02-19,BVC.CL,7317.735352,9920.000000
2024-02-20,BVC.CL,7317.735352,9920.000000
2024-02-21,BVC.CL,7317.735352,9920.000000
2024-02-22,BVC.CL,7317.735352,9920.000000
2024-02-23,BVC.CL,7317.735352,9920.000000
2024-02-26,BVC.CL,7317.735352,9920.000000
2024-02-27,BVC.CL,7317.735352,9920.000000
2024-02-28,BVC.CL,7317.735352,9920.000000
2024-02-29,BVC.CL,7317.735352,9920.000000
2024-03-01,BVC.CL,7317.735352,9920.000000
2024-03-04,BVC.CL,6639.073730,9000.000000
2024-03-05,BVC.CL,6639.073730,9000.000000
2024-03-06,BVC.CL,6639.073730,9000.000000
2024-03-07,BVC.CL,6845.622559,9280.000000
2024-03-08,BVC.CL,6845.622559,9280.000000
2024-03-11,BVC.CL,6845.622559,9280.000000
2024-03-12,BVC.CL,6845.622559,9280.000000
2024-03-13,BVC.CL,6845.622559,9280.000000
2024-03-14,BVC.CL,6845.622559,9280.000000
2024-03-15,BVC.CL,6845.622559,9280.000000
2024-03-18,BVC.CL,6845.622559,9280.000000
2024-03-19,BVC.CL,6786.608887,9200.000000
2024-03-20,BVC.CL,6801.362305,9220.000000
2024-03-21,BVC.CL,6801.362305,9220.000000
2024-03-22,BVC.CL,7332.487793,9940.000000
2024-03-26,BVC.CL,7332.487793,9940.000000
2024-03-27,BVC.CL,7332.487793,9940.000000
2024-03-28,BVC.CL,7332.487793,9940.000000
2024-03-29,BVC.CL,7332.487793,9940.000000
2024-04-01,BVC.CL,7332.487793,9940.000000
2024-04-02,BVC.CL,7266.097656,9850.000000
2024-04-03,BVC.CL,7266.097656,9850.000000
2024-04-04,BVC.CL,7266.097656,9850.000000
2024-04-05,BVC.CL,7170.199219,9720.000000
2024-04-08,BVC.CL,7376.749023,10000.000000
2024-04-09,BVC.CL,7598.051270,10300.000000
2024-04-10,BVC.CL,7598.051270,10300.000000
2024-04-11,BVC.CL,7450.516113,10100.000000
2024-04-12,BVC.CL,7450.516113,10100.000000
2024-04-15,BVC.CL,7450.516113,10100.000000
2024-04-16,BVC.CL,7450.516113,10100.000000
2024-04-17,BVC.CL,7450.516113,10100.000000
2024-04-18,BVC.CL,7243.967285,9820.000000
2024-04-19,BVC.CL,7243.967285,9820.000000
2024-04-22,BVC.CL,7243.967285,9820.000000
2024-04-23,BVC.CL,7243.967285,9820.000000
2024-04-24,BVC.CL,7243.967285,9820.000000
2024-04-25,BVC.CL,7480.023438,10140.000000
2024-04-26,BVC.CL,7480.023438,10140.000000
2024-04-29,BVC.CL,7480.023438,10140.000000
2024-04-30,BVC.CL,7480.023438,10140.000000
2024-05-02,BVC.CL,7480.023438,10140.000000
2024-05-03,BVC.CL,6639.073730,9000.000000
2024-05-06,BVC.CL,7465.269531,10120.000000
2024-05-07,BVC.CL,7701.325684,10440.000000
2024-05-08,BVC.CL,7465.269531,10120.000000
2024-05-09,BVC.CL,7465.269531,10120.000000
2024-05-10,BVC.CL,7598.051270,10300.000000
2024-05-14,BVC.CL,7598.051270,10300.000000
2024-05-15,BVC.CL,7598.051270,10300.000000
2024-05-16,BVC.CL,7598.051270,10300.000000
2024-05-17,BVC.CL,7598.051270,10300.000000
2024-05-20,BVC.CL,7598.051270,10300.000000
2024-05-21,BVC.CL,7598.051270,10300.000000
2024-05-22,BVC.CL,7612.805176,10320.000000
2024-05-23,BVC.CL,7612.805176,10320.000000
2024-05-24,BVC.CL,7716.078613,10460.000000
2024-05-27,BVC.CL,7716.078613,10460.000000
2024-05-28,BVC.CL,7716.078613,10460.000000
2024-05-29,BVC.CL,7716.078613,10460.000000
2024-05-30,BVC.CL,7716.078613,10460.000000
2024-05-31,BVC.CL,7716.078613,10460.000000
2023-05-01,C,42.610828,47.250000
2023-05-02,C,41.483562,46.000000
2023-05-03,C,41.185959,45.669998
2023-05-04,C,40.491562,44.900002
2023-05-05,C,41.772133,46.320000
2023-05-08,C,41.808212,46.360001
2023-05-09,C,41.952503,46.520000
2023-05-10,C,41.817226,46.369999
2023-05-11,C,41.510605,46.029999
2023-05-12,C,40.987568,45.450001
2023-05-15,C,41.528648,46.049999
2023-05-16,C,40.834248,45.279999
2023-05-17,C,42.457520,47.080002
2023-05-18,C,41.835258,46.389999
2023-05-19,C,41.222031,45.709999
2023-05-22,C,41.294178,45.790001
2023-05-23,C,41.402390,45.910000
2023-05-24,C,40.121807,44.490002
2023-05-25,C,39.887341,44.230000
2023-05-26,C,40.221016,44.599998
2023-05-30,C,40.311195,44.700001
2023-05-31,C,39.968498,44.320000
2023-06-01,C,40.437447,44.840000
2023-06-02,C,41.772133,46.320000
2023-06-05,C,41.699993,46.240002
2023-06-06,C,42.583778,47.220001
2023-06-07,C,43.296207,48.009998
2023-06-08,C,43.377369,48.099998
2023-06-09,C,43.557728,48.299999
2023-06-12,C,43.693005,48.450001
2023-06-13,C,43.909447,48.689999
2023-06-14,C,43.503632,48.240002
2023-06-15,C,43.792202,48.560001
2023-06-16,C,43.458534,48.189999
2023-06-20,C,42.935486,47.610001
2023-06-21,C,42.755119,47.410000
2023-06-22,C,42.051701,46.630001
2023-06-23,C,41.501598,46.020000
2023-06-26,C,41.699993,46.240002
2023-06-27,C,41.844284,46.400002
2023-06-28,C,41.690975,46.230000
2023-06-29,C,41.745090,46.290001
2023-06-30,C,41.519638,46.040001
2023-07-03,C,42.150894,46.740002
2023-07-05,C,42.205009,46.799999
2023-07-06,C,40.924435,45.380001
2023-07-07,C,41.249088,45.740002
2023-07-10,C,41.185959,45.669998
2023-07-11,C,41.961514,46.529999
2023-07-12,C,42.728062,47.380001
2023-07-13,C,42.998611,47.680000
2023-07-14,C,41.258099,45.750000
2023-07-17,C,41.718025,46.259998
2023-07-18,C,42.403408,47.020000
2023-07-19,C,42.854321,47.520000
2023-07-20,C,42.755119,47.410000
2023-07-21,C,42.430458,47.049999
2023-07-24,C,42.980572,47.660000
2023-07-25,C,42.466537,47.090000
2023-07-26,C,42.827263,47.490002
2023-07-27,C,43.178970,47.880001
2023-07-28,C,42.755119,47.410000
2023-07-31,C,42.980572,47.660000
2023-08-01,C,42.448502,47.070000
2023-08-02,C,41.763123,46.310001
2023-08-03,C,41.672943,46.209999
2023-08-04,C,41.700306,45.709999
2023-08-07,C,41.809780,45.830002
2023-08-08,C,41.198551,45.160000
2023-08-09,C,40.541710,44.439999
2023-08-10,C,40.450485,44.340000
2023-08-11,C,40.660305,44.570000
2023-08-14,C,40.231525,44.099998
2023-08-15,C,39.419605,43.209999
2023-08-16,C,38.899612,42.639999
2023-08-17,C,38.735394,42.459999
2023-08-18,C,38.543816,42.250000
2023-08-21,C,38.379604,42.070000
2023-08-22,C,37.421707,41.020000
2023-08-23,C,37.476452,41.080002
2023-08-24,C,37.476452,41.080002
2023-08-25,C,37.622421,41.240002
2023-08-28,C,37.695400,41.320000
2023-08-29,C,38.060314,41.720001
2023-08-30,C,37.741009,41.369999
2023-08-31,C,37.668034,41.290001
2023-09-01,C,37.941715,41.590000
2023-09-05,C,37.731884,41.360001
2023-09-06,C,37.741009,41.369999
2023-09-07,C,37.157158,40.730000
2023-09-08,C,37.029434,40.590000
2023-09-11,C,37.029434,40.590000
2023-09-12,C,38.023815,41.680000
2023-09-13,C,38.653286,42.369999
2023-09-14,C,39.355743,43.139999
2023-09-15,C,38.963467,42.709999
2023-09-18,C,38.899612,42.639999
2023-09-19,C,38.936100,42.680000
2023-09-20,C,38.589432,42.299999
2023-09-21,C,38.051189,41.709999
2023-09-22,C,37.330486,40.919998
2023-09-25,C,37.421707,41.020000
2023-09-26,C,36.691891,40.220001
2023-09-27,C,36.910839,40.459999
2023-09-28,C,37.585926,41.200001
2023-09-29,C,37.522068,41.130001
2023-10-02,C,36.947330,40.500000
2023-10-03,C,36.363468,39.860001
2023-10-04,C,36.317863,39.810001
2023-10-05,C,36.381718,39.880001
2023-10-06,C,37.011192,40.570000
2023-10-09,C,37.166279,40.740002
2023-10-10,C,37.804874,41.439999
2023-10-11,C,37.886978,41.529999
2023-10-12,C,37.886978,41.529999
2023-10-13,C,37.795746,41.430000
2023-10-16,C,37.357861,40.950001
2023-10-17,C,37.585926,41.200001
2023-10-18,C,36.919964,40.470001
2023-10-19,C,36.545925,40.060001
2023-10-20,C,36.199265,39.680000
2023-10-23,C,35.478554,38.889999
2023-10-24,C,35.515045,38.930000
2023-10-25,C,35.223122,38.610001
2023-10-26,C,35.889091,39.340000
2023-10-27,C,34.885578,38.240002
2023-10-30,C,35.515045,38.930000
2023-10-31,C,36.025925,39.490002
2023-11-01,C,36.126274,39.599998
2023-11-02,C,37.722767,41.349998
2023-11-03,C,39.053497,42.259998
2023-11-06,C,38.850193,42.040001
2023-11-07,C,38.776272,41.959999
2023-11-08,C,38.646893,41.820000
2023-11-09,C,38.351170,41.500000
2023-11-10,C,38.887161,42.080002
2023-11-13,C,39.460121,42.700001
2023-11-14,C,40.994164,44.360001
2023-11-15,C,41.474712,44.880001
2023-11-16,C,41.280640,44.669998
2023-11-17,C,41.918293,45.360001
2023-11-20,C,41.825874,45.259998
2023-11-21,C,41.668770,45.090000
2023-11-22,C,41.604099,45.020000
2023-11-24,C,41.798153,45.230000
2023-11-27,C,41.659531,45.080002
2023-11-28,C,41.456226,44.860001
2023-11-29,C,42.278694,45.750000
2023-11-30,C,42.602139,46.099998
2023-12-01,C,43.646408,47.230000
2023-12-04,C,43.775776,47.369999
2023-12-05,C,43.156616,46.700001
2023-12-06,C,44.228603,47.860001
2023-12-07,C,44.820045,48.500000
2023-12-08,C,45.180450,48.889999
2023-12-11,C,44.496605,48.150002
2023-12-12,C,44.413422,48.060001
2023-12-13,C,45.596306,49.340000
2023-12-14,C,46.428020,50.240002
2023-12-15,C,46.049129,49.830002
2023-12-18,C,45.892025,49.660000
2023-12-19,C,47.065666,50.930000
2023-12-20,C,46.270920,50.070000
2023-12-21,C,46.760704,50.599998
2023-12-22,C,47.000980,50.860001
2023-12-26,C,47.444561,51.340000
2023-12-27,C,47.555450,51.459999
2023-12-28,C,47.610901,51.520000
2023-12-29,C,47.536968,51.439999
2024-01-02,C,49.015568,53.040001
2024-01-03,C,49.570038,53.639999
2024-01-04,C,49.690178,53.770000
2024-01-05,C,50.207691,54.330002
2024-01-08,C,49.911964,54.009998
2024-01-09,C,49.422184,53.480000
2024-01-10,C,48.997089,53.020000
2024-01-11,C,48.128407,52.080002
2024-01-12,C,48.627438,52.619999
2024-01-16,C,47.934338,51.869999
2024-01-17,C,47.463043,51.360001
2024-01-18,C,47.232006,51.110001
2024-01-19,C,47.610901,51.520000
2024-01-22,C,48.830742,52.840000
2024-01-23,C,49.255840,53.299999
2024-01-24,C,49.218868,53.259998
2024-01-25,C,49.653214,53.730000
2024-01-26,C,49.597767,53.669998
2024-01-29,C,50.004375,54.110001
2024-01-30,C,52.758266,57.090000
2024-01-31,C,51.908081,56.169998
2024-02-01,C,51.806423,56.060001
2024-02-02,C,51.815750,55.540001
2024-02-05,C,50.845493,54.500000
2024-02-06,C,50.705544,54.349998
2024-02-07,C,50.882801,54.540001
2024-02-08,C,50.649570,54.290001
2024-02-09,C,50.369694,53.990002
2024-02-12,C,50.304379,53.919998
2024-02-13,C,49.222160,52.759998
2024-02-14,C,50.360359,53.980000
2024-02-15,C,51.507877,55.209999
2024-02-16,C,51.172016,54.849998
2024-02-20,C,51.703800,55.419998
2024-02-21,C,51.619835,55.330002
2024-02-22,C,52.151611,55.900002
2024-02-23,C,52.179596,55.930000
2024-02-26,C,51.647823,55.360001
2024-02-27,C,51.974354,55.709999
2024-02-28,C,51.358612,55.049999
2024-02-29,C,51.769108,55.490002
2024-03-01,C,51.871723,55.599998
2024-03-04,C,52.375519,56.139999
2024-03-05,C,52.487465,56.259998
2024-03-06,C,53.448410,57.290001
2024-03-07,C,53.849575,57.720001
2024-03-08,C,53.653652,57.509998
2024-03-11,C,53.560364,57.410000
2024-03-12,C,53.597675,57.450001
2024-03-13,C,53.886890,57.759998
2024-03-14,C,53.261814,57.090000
2024-03-15,C,53.746948,57.610001
2024-03-18,C,54.698555,58.630001
2024-03-19,C,54.913124,58.860001
2024-03-20,C,56.097973,60.130001
2024-03-21,C,57.217503,61.330002
2024-03-22,C,56.741695,60.820000
2024-03-25,C,56.862980,60.950001
2024-03-26,C,57.525368,61.660000
2024-03-27,C,58.542286,62.750000
2024-03-28,C,58.999432,63.240002
2024-04-01,C,59.204674,63.459999
2024-04-02,C,58.626247,62.840000
2024-04-03,C,57.553364,61.689999
2024-04-04,C,56.825665,60.910000
2024-04-05,C,57.469395,61.599998
2024-04-08,C,57.590691,61.730000
2024-04-09,C,57.525368,61.660000
2024-04-10,C,56.144615,60.180000
2024-04-11,C,56.639080,60.709999
2024-04-12,C,55.678139,59.680000
2024-04-15,C,54.633251,58.560001
2024-04-16,C,53.196507,57.020000
2024-04-17,C,54.269394,58.169998
2024-04-18,C,54.409336,58.320000
2024-04-19,C,55.174358,59.139999
2024-04-22,C,56.862980,60.950001
2024-04-23,C,58.467651,62.669998
2024-04-24,C,58.281059,62.470001
2024-04-25,C,57.646652,61.790001
2024-04-26,C,58.458317,62.660000
2024-04-29,C,58.085136,62.259998
2024-04-30,C,57.217503,61.330002
2024-05-01,C,57.236160,61.349998
2024-05-02,C,57.413418,61.540001
2024-05-03,C,57.893353,61.520000
2024-05-06,C,59.107311,62.810001
2024-05-07,C,58.345058,62.000000
2024-05-08,C,59.050846,62.750000
2024-05-09,C,59.587242,63.320000
2024-05-10,C,59.784859,63.529999
2024-05-13,C,59.662533,63.400002
2024-05-14,C,59.841331,63.590000
2024-05-15,C,60.453011,64.239998
2024-05-16,C,60.358906,64.139999
2024-05-17,C,60.293034,64.070000
2024-05-20,C,59.436676,63.160000
2024-05-21,C,60.923531,64.739998
2024-05-22,C,60.057766,63.820000
2024-05-23,C,59.304932,63.020000
2024-05-24,C,59.831921,63.580002
2024-05-28,C,58.768532,62.450001
2024-05-29,C,58.354469,62.009998
2024-05-30,C,58.279186,61.930000
2024-05-31,C,58.636791,62.310001
2023-05-01,CELSIA.CL,2376.770996,2920.000000
2023-05-02,CELSIA.CL,2360.491699,2900.000000
2023-05-03,CELSIA.CL,2359.677734,2899.000000
2023-05-04,CELSIA.CL,2336.072754,2870.000000
2023-05-05,CELSIA.CL,2283.165527,2805.000000
2023-05-08,CELSIA.CL,2285.607178,2808.000000
2023-05-09,CELSIA.CL,2197.699219,2700.000000
2023-05-10,CELSIA.CL,2233.025146,2743.399902
2023-05-11,CELSIA.CL,2170.023926,2666.000000
2023-05-12,CELSIA.CL,2197.699219,2700.000000
2023-05-15,CELSIA.CL,2242.304443,2754.800049
2023-05-16,CELSIA.CL,2178.106934,2675.929932
2023-05-17,CELSIA.CL,2193.629639,2695.000000
2023-05-18,CELSIA.CL,2197.699219,2700.000000
2023-05-19,CELSIA.CL,2197.699219,2700.000000
2023-05-22,CELSIA.CL,2197.699219,2700.000000
2023-05-23,CELSIA.CL,2220.489990,2728.000000
2023-05-24,CELSIA.CL,2105.721191,2587.000000
2023-05-25,CELSIA.CL,2116.302734,2600.000000
2023-05-26,CELSIA.CL,2115.488525,2599.000000
2023-05-29,CELSIA.CL,2122.399414,2607.489990
2023-05-30,CELSIA.CL,2117.116699,2601.000000
2023-05-31,CELSIA.CL,2197.699219,2700.000000
2023-06-01,CELSIA.CL,2189.559570,2690.000000
2023-06-02,CELSIA.CL,2311.653809,2840.000000
2023-06-05,CELSIA.CL,2279.095215,2800.000000
2023-06-06,CELSIA.CL,2311.653809,2840.000000
2023-06-07,CELSIA.CL,2262.816162,2780.000000
2023-06-08,CELSIA.CL,2258.746338,2775.000000
2023-06-13,CELSIA.CL,2345.026367,2881.000000
2023-06-14,CELSIA.CL,2279.095215,2800.000000
2023-06-15,CELSIA.CL,2327.933105,2860.000000
2023-06-16,CELSIA.CL,2230.257568,2740.000000
2023-06-19,CELSIA.CL,2230.257568,2740.000000
2023-06-20,CELSIA.CL,2235.955322,2747.000000
2023-06-21,CELSIA.CL,2226.187744,2735.000000
2023-06-22,CELSIA.CL,2230.257568,2740.000000
2023-06-23,CELSIA.CL,2185.489990,2685.000000
2023-06-26,CELSIA.CL,2191.830566,2692.790039
2023-06-27,CELSIA.CL,2181.419922,2680.000000
2023-06-28,CELSIA.CL,2197.699219,2700.000000
2023-06-29,CELSIA.CL,2181.419922,2680.000000
2023-06-30,CELSIA.CL,2181.419922,2680.000000
2023-07-03,CELSIA.CL,2181.419922,2680.000000
2023-07-04,CELSIA.CL,2165.140137,2660.000000
2023-07-05,CELSIA.CL,2187.117676,2687.000000
2023-07-06,CELSIA.CL,2189.559570,2690.000000
2023-07-07,CELSIA.CL,2181.419922,2680.000000
2023-07-10,CELSIA.CL,2197.699219,2700.000000
2023-07-11,CELSIA.CL,2220.489990,2728.000000
2023-07-12,CELSIA.CL,2244.908447,2758.000000
2023-07-13,CELSIA.CL,2288.975830,2740.000000
2023-07-14,CELSIA.CL,2272.267578,2720.000000
2023-07-17,CELSIA.CL,2238.852051,2680.000000
2023-07-18,CELSIA.CL,2215.461182,2652.000000
2023-07-19,CELSIA.CL,2238.852051,2680.000000
2023-07-20,CELSIA.CL,2238.852051,2680.000000
2023-07-21,CELSIA.CL,2255.560059,2700.000000
2023-07-24,CELSIA.CL,2238.852051,2680.000000
2023-07-25,CELSIA.CL,2213.790527,2650.000000
2023-07-26,CELSIA.CL,2188.728516,2620.000000
2023-07-27,CELSIA.CL,2213.790527,2650.000000
2023-07-28,CELSIA.CL,2213.790527,2650.000000
2023-07-31,CELSIA.CL,2213.790527,2650.000000
2023-08-01,CELSIA.CL,2205.436523,2640.000000
2023-08-02,CELSIA.CL,2165.529541,2592.229980
2023-08-03,CELSIA.CL,2172.021240,2600.000000
2023-08-04,CELSIA.CL,2172.021240,2600.000000
2023-08-07,CELSIA.CL,2172.021240,2600.000000
2023-08-08,CELSIA.CL,2138.605469,2560.000000
2023-08-09,CELSIA.CL,2159.489990,2585.000000
2023-08-10,CELSIA.CL,2096.835693,2510.000000
2023-08-11,CELSIA.CL,2159.489990,2585.000000
2023-08-14,CELSIA.CL,2130.250977,2550.000000
2023-08-15,CELSIA.CL,2129.416016,2549.000000
2023-08-16,CELSIA.CL,2172.021240,2600.000000
2023-08-17,CELSIA.CL,2130.250977,2550.000000
2023-08-18,CELSIA.CL,2096.835693,2510.000000
2023-08-21,CELSIA.CL,2096.835693,2510.000000
2023-08-22,CELSIA.CL,2155.313232,2580.000000
2023-08-23,CELSIA.CL,2090.987549,2503.000000
2023-08-24,CELSIA.CL,2088.481445,2500.000000
2023-08-25,CELSIA.CL,2130.250977,2550.000000
2023-08-28,CELSIA.CL,2105.189209,2520.000000
2023-08-29,CELSIA.CL,2075.950684,2485.000000
2023-08-30,CELSIA.CL,2073.444824,2482.000000
2023-08-31,CELSIA.CL,2046.712280,2450.000000
2023-09-01,CELSIA.CL,2046.712280,2450.000000
2023-09-04,CELSIA.CL,1948.135986,2332.000000
2023-09-05,CELSIA.CL,1979.880493,2370.000000
2023-09-06,CELSIA.CL,1934.769531,2316.000000
2023-09-07,CELSIA.CL,1871.279541,2240.000000
2023-09-08,CELSIA.CL,1862.925659,2230.000000
2023-09-11,CELSIA.CL,1879.633057,2250.000000
2023-09-12,CELSIA.CL,1946.465088,2330.000000
2023-09-13,CELSIA.CL,1913.049438,2290.000000
2023-09-14,CELSIA.CL,1837.863892,2200.000000
2023-09-15,CELSIA.CL,1846.217896,2210.000000
2023-09-18,CELSIA.CL,1927.250732,2307.000000
2023-09-19,CELSIA.CL,1979.880493,2370.000000
2023-09-20,CELSIA.CL,1967.349731,2355.000000
2023-09-21,CELSIA.CL,1921.402954,2300.000000
2023-09-22,CELSIA.CL,1941.820312,2324.439941
2023-09-25,CELSIA.CL,1921.402954,2300.000000
2023-09-26,CELSIA.CL,2071.773682,2480.000000
2023-09-27,CELSIA.CL,2121.061768,2539.000000
2023-09-28,CELSIA.CL,2172.021240,2600.000000
2023-09-29,CELSIA.CL,2154.477783,2579.000000
2023-10-02,CELSIA.CL,2088.481445,2500.000000
2023-10-03,CELSIA.CL,2072.609619,2481.000000
2023-10-04,CELSIA.CL,2005.777710,2401.000000
2023-10-05,CELSIA.CL,2004.942505,2400.000000
2023-10-06,CELSIA.CL,2001.600708,2396.000000
2023-10-09,CELSIA.CL,2004.942505,2400.000000
2023-10-10,CELSIA.CL,2004.106812,2399.000000
2023-10-11,CELSIA.CL,2004.942505,2400.000000
2023-10-12,CELSIA.CL,2014.195679,2340.000000
2023-10-13,CELSIA.CL,2065.841553,2400.000000
2023-10-16,CELSIA.CL,2065.841553,2400.000000
2023-10-17,CELSIA.CL,2091.664551,2430.000000
2023-10-18,CELSIA.CL,2151.918701,2500.000000
2023-10-19,CELSIA.CL,2161.386719,2511.000000
2023-10-20,CELSIA.CL,2212.172119,2570.000000
2023-10-23,CELSIA.CL,2160.526123,2510.000000
2023-10-24,CELSIA.CL,2170.855225,2522.000000
2023-10-25,CELSIA.CL,2134.703125,2480.000000
2023-10-26,CELSIA.CL,2065.841553,2400.000000
2023-10-27,CELSIA.CL,2069.284912,2404.000000
2023-10-30,CELSIA.CL,2062.398682,2396.000000
2023-10-31,CELSIA.CL,2090.296143,2428.409912
2023-11-01,CELSIA.CL,2048.626221,2380.000000
2023-11-02,CELSIA.CL,2085.639404,2423.000000
2023-11-03,CELSIA.CL,2027.107056,2355.000000
2023-11-06,CELSIA.CL,2027.107056,2355.000000
2023-11-07,CELSIA.CL,2054.651367,2387.000000
2023-11-08,CELSIA.CL,2048.626221,2380.000000
2023-11-09,CELSIA.CL,2074.448730,2410.000000
2023-11-10,CELSIA.CL,2108.879395,2450.000000
2023-11-13,CELSIA.CL,2108.879395,2450.000000
2023-11-14,CELSIA.CL,2108.879395,2450.000000
2023-11-15,CELSIA.CL,2048.626221,2380.000000
2023-11-16,CELSIA.CL,2104.576416,2445.000000
2023-11-17,CELSIA.CL,2121.791260,2465.000000
2023-11-20,CELSIA.CL,2117.487549,2460.000000
2023-11-21,CELSIA.CL,2108.879395,2450.000000
2023-11-22,CELSIA.CL,2108.879395,2450.000000
2023-11-23,CELSIA.CL,2121.791260,2465.000000
2023-11-24,CELSIA.CL,2151.918701,2500.000000
2023-11-27,CELSIA.CL,2147.614746,2495.000000
2023-11-28,CELSIA.CL,2104.576416,2445.000000
2023-11-29,CELSIA.CL,2117.487549,2460.000000
2023-11-30,CELSIA.CL,2065.841553,2400.000000
2023-12-01,CELSIA.CL,2100.272217,2440.000000
2023-12-04,CELSIA.CL,2113.184082,2455.000000
2023-12-05,CELSIA.CL,2130.399170,2475.000000
2023-12-06,CELSIA.CL,2104.576416,2445.000000
2023-12-07,CELSIA.CL,2104.576416,2445.000000
2023-12-08,CELSIA.CL,2104.576416,2445.000000
2023-12-11,CELSIA.CL,2126.095459,2470.000000
2023-12-12,CELSIA.CL,2160.526123,2510.000000
2023-12-13,CELSIA.CL,2349.894775,2730.000000
2023-12-14,CELSIA.CL,2332.679932,2710.000000
2023-12-15,CELSIA.CL,2354.198975,2735.000000
2023-12-18,CELSIA.CL,2341.287354,2720.000000
2023-12-19,CELSIA.CL,2423.059814,2815.000000
2023-12-20,CELSIA.CL,2466.098389,2865.000000
2023-12-21,CELSIA.CL,2401.541016,2790.000000
2023-12-22,CELSIA.CL,2522.048340,2930.000000
2023-12-25,CELSIA.CL,2522.048340,2930.000000
2023-12-26,CELSIA.CL,2547.871582,2960.000000
2023-12-27,CELSIA.CL,2552.175293,2965.000000
2023-12-28,CELSIA.CL,2547.871582,2960.000000
2023-12-29,CELSIA.CL,2547.871582,2960.000000
2024-01-01,CELSIA.CL,2547.871582,2960.000000
2024-01-02,CELSIA.CL,2621.036377,3045.000000
2024-01-03,CELSIA.CL,2668.378418,3100.000000
2024-01-04,CELSIA.CL,2715.721191,3155.000000
2024-01-05,CELSIA.CL,2702.809326,3140.000000
2024-01-08,CELSIA.CL,2702.809326,3140.000000
2024-01-09,CELSIA.CL,2711.416992,3150.000000
2024-01-10,CELSIA.CL,2711.416992,3150.000000
2024-01-11,CELSIA.CL,2698.505615,3135.000000
2024-01-12,CELSIA.CL,2765.214111,3140.000000
2024-01-15,CELSIA.CL,2782.826660,3160.000000
2024-01-16,CELSIA.CL,2857.681885,3245.000000
2024-01-17,CELSIA.CL,2870.891602,3260.000000
2024-01-18,CELSIA.CL,2906.117676,3300.000000
2024-01-19,CELSIA.CL,2844.471680,3230.000000
2024-01-22,CELSIA.CL,2844.471680,3230.000000
2024-01-23,CELSIA.CL,2923.729736,3320.000000
2024-01-24,CELSIA.CL,2923.729736,3320.000000
2024-01-25,CELSIA.CL,2923.729736,3320.000000
2024-01-26,CELSIA.CL,2923.729736,3320.000000
2024-01-29,CELSIA.CL,2897.310791,3290.000000
2024-01-30,CELSIA.CL,2932.536377,3330.000000
2024-01-31,CELSIA.CL,2919.326904,3315.000000
2024-02-01,CELSIA.CL,2809.246338,3190.000000
2024-02-02,CELSIA.CL,2826.859375,3210.000000
2024-02-05,CELSIA.CL,2822.456299,3205.000000
2024-02-06,CELSIA.CL,2822.456299,3205.000000
2024-02-07,CELSIA.CL,2862.084961,3250.000000
2024-02-08,CELSIA.CL,2862.084961,3250.000000
2024-02-09,CELSIA.CL,2853.278076,3240.000000
2024-02-12,CELSIA.CL,2782.826660,3160.000000
2024-02-13,CELSIA.CL,2721.182373,3090.000000
2024-02-14,CELSIA.CL,2716.779053,3085.000000
2024-02-15,CELSIA.CL,2760.811035,3135.000000
2024-02-16,CELSIA.CL,2818.052734,3200.000000
2024-02-19,CELSIA.CL,2818.052734,3200.000000
2024-02-20,CELSIA.CL,2958.955566,3360.000000
2024-02-21,CELSIA.CL,3038.212891,3450.000000
2024-02-22,CELSIA.CL,3055.825684,3470.000000
2024-02-23,CELSIA.CL,3174.712402,3605.000000
2024-02-26,CELSIA.CL,3372.856689,3830.000000
2024-02-27,CELSIA.CL,3240.760742,3680.000000
2024-02-28,CELSIA.CL,3187.922119,3620.000000
2024-02-29,CELSIA.CL,3302.405518,3750.000000
2024-03-01,CELSIA.CL,3284.792725,3730.000000
2024-03-04,CELSIA.CL,3364.050293,3820.000000
2024-03-05,CELSIA.CL,3390.469727,3850.000000
2024-03-06,CELSIA.CL,3403.679443,3865.000000
2024-03-07,CELSIA.CL,3434.501709,3900.000000
2024-03-08,CELSIA.CL,3456.517822,3925.000000
2024-03-11,CELSIA.CL,3434.501709,3900.000000
2024-03-12,CELSIA.CL,3434.501709,3900.000000
2024-03-13,CELSIA.CL,3416.888916,3880.000000
2024-03-14,CELSIA.CL,3377.259766,3835.000000
2024-03-15,CELSIA.CL,3082.245361,3500.000000
2024-03-18,CELSIA.CL,3275.986084,3720.000000
2024-03-19,CELSIA.CL,3364.050293,3820.000000
2024-03-20,CELSIA.CL,3355.243896,3810.000000
2024-03-21,CELSIA.CL,3416.888916,3880.000000
2024-03-22,CELSIA.CL,3447.711182,3915.000000
2024-03-25,CELSIA.CL,3447.711182,3915.000000
2024-03-26,CELSIA.CL,3399.275879,3860.000000
2024-03-27,CELSIA.CL,3465.324219,3935.000000
2024-03-28,CELSIA.CL,3465.324219,3935.000000
2024-03-29,CELSIA.CL,3465.324219,3935.000000
2024-04-01,CELSIA.CL,3478.533936,3950.000000
2024-04-02,CELSIA.CL,3522.566162,4000.000000
2024-04-03,CELSIA.CL,3566.598145,4050.000000
2024-04-04,CELSIA.CL,3654.662354,4150.000000
2024-04-05,CELSIA.CL,3703.097168,4205.000000
2024-04-08,CELSIA.CL,3725.113770,4230.000000
2024-04-09,CELSIA.CL,3777.951904,4290.000000
2024-04-10,CELSIA.CL,3742.726074,4250.000000
2024-04-11,CELSIA.CL,3786.757812,4300.000000
2024-04-12,CELSIA.CL,3769.145508,4280.000000
2024-04-15,CELSIA.CL,3733.920410,4240.000000
2024-04-16,CELSIA.CL,3663.468506,4160.000000
2024-04-17,CELSIA.CL,3566.598145,4050.000000
2024-04-18,CELSIA.CL,3518.162842,3995.000000
2024-04-19,CELSIA.CL,3664.097900,4080.000000
2024-04-22,CELSIA.CL,3605.723633,4015.000000
2024-04-23,CELSIA.CL,3726.962402,4150.000000
2024-04-24,CELSIA.CL,3655.117188,4070.000000
2024-04-25,CELSIA.CL,3717.981934,4140.000000
2024-04-26,CELSIA.CL,3762.884521,4190.000000
2024-04-29,CELSIA.CL,3726.962402,4150.000000
2024-04-30,CELSIA.CL,3704.510498,4125.000000
2024-05-02,CELSIA.CL,3735.942871,4160.000000
2024-05-03,CELSIA.CL,3430.601318,3820.000000
2024-05-06,CELSIA.CL,3762.884521,4190.000000
2024-05-07,CELSIA.CL,3753.904297,4180.000000
2024-05-08,CELSIA.CL,3762.884521,4190.000000
2024-05-09,CELSIA.CL,3776.355713,4205.000000
2024-05-10,CELSIA.CL,3776.355713,4205.000000
2024-05-14,CELSIA.CL,3852.691650,4290.000000
2024-05-15,CELSIA.CL,3870.652588,4310.000000
2024-05-16,CELSIA.CL,3924.536377,4370.000000
2024-05-17,CELSIA.CL,3906.574951,4350.000000
2024-05-20,CELSIA.CL,3933.516846,4380.000000
2024-05-21,CELSIA.CL,3929.026367,4375.000000
2024-05-22,CELSIA.CL,3942.497314,4390.000000
2024-05-23,CELSIA.CL,3942.497314,4390.000000
2024-05-24,CELSIA.CL,3929.026367,4375.000000
2024-05-27,CELSIA.CL,3924.536377,4370.000000
2024-05-28,CELSIA.CL,3924.536377,4370.000000
2024-05-29,CELSIA.CL,3924.536377,4370.000000
2024-05-30,CELSIA.CL,3933.516846,4380.000000
2024-05-31,CELSIA.CL,3861.671387,4300.000000
2023-05-01,CEMARGOS.CL,2490.029785,3090.000000
2023-05-02,CEMARGOS.CL,2419.922119,3003.000000
2023-05-03,CEMARGOS.CL,2446.514893,3036.000000
2023-05-04,CEMARGOS.CL,2433.621582,3020.000000
2023-05-05,CEMARGOS.CL,2433.621582,3020.000000
2023-05-08,CEMARGOS.CL,2465.854736,3060.000000
2023-05-09,CEMARGOS.CL,2457.796387,3050.000000
2023-05-10,CEMARGOS.CL,2465.854736,3060.000000
2023-05-11,CEMARGOS.CL,2418.310303,3001.000000
2023-05-12,CEMARGOS.CL,2483.583252,3082.000000
2023-05-15,CEMARGOS.CL,2473.912842,3070.000000
2023-05-16,CEMARGOS.CL,2411.058105,2992.000000
2023-05-17,CEMARGOS.CL,2400.582275,2979.000000
2023-05-18,CEMARGOS.CL,2394.941162,2972.000000
2023-05-19,CEMARGOS.CL,2455.379150,3047.000000
2023-05-22,CEMARGOS.CL,2455.379150,3047.000000
2023-05-23,CEMARGOS.CL,2433.621582,3020.000000
2023-05-24,CEMARGOS.CL,2389.300537,2965.000000
2023-05-25,CEMARGOS.CL,2373.184082,2945.000000
2023-05-26,CEMARGOS.CL,2458.602295,3051.000000
2023-05-29,CEMARGOS.CL,2566.584229,3185.000000
2023-05-30,CEMARGOS.CL,2542.409180,3155.000000
2023-05-31,CEMARGOS.CL,2562.554688,3180.000000
2023-06-01,CEMARGOS.CL,2659.254883,3300.000000
2023-06-02,CEMARGOS.CL,2739.838379,3400.000000
2023-06-05,CEMARGOS.CL,2739.838379,3400.000000
2023-06-06,CEMARGOS.CL,2844.596924,3530.000000
2023-06-07,CEMARGOS.CL,2820.421875,3500.000000
2023-06-08,CEMARGOS.CL,2850.238037,3537.000000
2023-06-13,CEMARGOS.CL,2933.238770,3640.000000
2023-06-14,CEMARGOS.CL,2860.713623,3550.000000
2023-06-15,CEMARGOS.CL,2901.005371,3600.000000
2023-06-16,CEMARGOS.CL,2844.596924,3530.000000
2023-06-19,CEMARGOS.CL,2844.596924,3530.000000
2023-06-20,CEMARGOS.CL,2780.130127,3450.000000
2023-06-21,CEMARGOS.CL,2701.158203,3352.000000
2023-06-22,CEMARGOS.CL,2710.828613,3364.000000
2023-06-23,CEMARGOS.CL,2680.206787,3326.000000
2023-06-26,CEMARGOS.CL,2671.850098,3315.629883
2023-06-27,CEMARGOS.CL,2691.487793,3340.000000
2023-06-28,CEMARGOS.CL,2667.312988,3310.000000
2023-06-29,CEMARGOS.CL,2627.021973,3260.000000
2023-06-30,CEMARGOS.CL,2739.838379,3400.000000
2023-07-03,CEMARGOS.CL,2739.838379,3400.000000
2023-07-04,CEMARGOS.CL,2707.605225,3360.000000
2023-07-05,CEMARGOS.CL,2680.206787,3326.000000
2023-07-06,CEMARGOS.CL,2643.138428,3280.000000
2023-07-07,CEMARGOS.CL,2654.420166,3294.000000
2023-07-10,CEMARGOS.CL,2675.371826,3320.000000
2023-07-11,CEMARGOS.CL,2779.791260,3370.000000
2023-07-12,CEMARGOS.CL,2767.418213,3355.000000
2023-07-13,CEMARGOS.CL,2845.780273,3450.000000
2023-07-14,CEMARGOS.CL,2882.899414,3495.000000
2023-07-17,CEMARGOS.CL,2908.470215,3526.000000
2023-07-18,CEMARGOS.CL,2957.136719,3585.000000
2023-07-19,CEMARGOS.CL,2969.509766,3600.000000
2023-07-20,CEMARGOS.CL,2969.509766,3600.000000
2023-07-21,CEMARGOS.CL,2953.013184,3580.000000
2023-07-24,CEMARGOS.CL,2921.667969,3542.000000
2023-07-25,CEMARGOS.CL,2825.158447,3425.000000
2023-07-26,CEMARGOS.CL,2821.035156,3420.000000
2023-07-27,CEMARGOS.CL,2845.780273,3450.000000
2023-07-28,CEMARGOS.CL,2887.023438,3500.000000
2023-07-31,CEMARGOS.CL,2887.023438,3500.000000
2023-08-01,CEMARGOS.CL,2877.950195,3489.000000
2023-08-02,CEMARGOS.CL,2875.846680,3486.449951
2023-08-03,CEMARGOS.CL,2887.023438,3500.000000
2023-08-04,CEMARGOS.CL,2887.023438,3500.000000
2023-08-07,CEMARGOS.CL,2887.023438,3500.000000
2023-08-08,CEMARGOS.CL,2951.362549,3578.000000
2023-08-09,CEMARGOS.CL,2953.013184,3580.000000
2023-08-10,CEMARGOS.CL,2895.271973,3510.000000
2023-08-11,CEMARGOS.CL,2813.611084,3411.000000
2023-08-14,CEMARGOS.CL,2783.915527,3375.000000
2023-08-15,CEMARGOS.CL,2750.920898,3335.000000
2023-08-16,CEMARGOS.CL,2730.298828,3310.000000
2023-08-17,CEMARGOS.CL,2730.298828,3310.000000
2023-08-18,CEMARGOS.CL,2763.294189,3350.000000
2023-08-21,CEMARGOS.CL,2763.294189,3350.000000
2023-08-22,CEMARGOS.CL,2726.175049,3305.000000
2023-08-23,CEMARGOS.CL,2610.694092,3165.000000
2023-08-24,CEMARGOS.CL,2594.197266,3145.000000
2023-08-25,CEMARGOS.CL,2608.219238,3162.000000
2023-08-28,CEMARGOS.CL,2507.586426,3040.000000
2023-08-29,CEMARGOS.CL,2482.840088,3010.000000
2023-08-30,CEMARGOS.CL,2499.337402,3030.000000
2023-08-31,CEMARGOS.CL,2393.754883,2902.000000
2023-09-01,CEMARGOS.CL,2540.580078,3080.000000
2023-09-04,CEMARGOS.CL,2483.665039,3011.000000
2023-09-05,CEMARGOS.CL,2477.066406,3003.000000
2023-09-06,CEMARGOS.CL,2515.009766,3049.000000
2023-09-07,CEMARGOS.CL,3282.958008,3980.000000
2023-09-08,CEMARGOS.CL,3452.880127,4186.000000
2023-09-11,CEMARGOS.CL,3386.065918,4105.000000
2023-09-12,CEMARGOS.CL,3250.788574,3941.000000
2023-09-13,CEMARGOS.CL,3214.494629,3897.000000
2023-09-14,CEMARGOS.CL,3216.968994,3900.000000
2023-09-15,CEMARGOS.CL,3216.968994,3900.000000
2023-09-18,CEMARGOS.CL,3233.466309,3920.000000
2023-09-19,CEMARGOS.CL,3216.143799,3899.000000
2023-09-20,CEMARGOS.CL,3225.217773,3910.000000
2023-09-21,CEMARGOS.CL,3381.116699,4099.000000
2023-09-22,CEMARGOS.CL,3480.925049,4220.000000
2023-09-25,CEMARGOS.CL,3571.660400,4330.000000
2023-09-26,CEMARGOS.CL,3711.887207,4500.000000
2023-09-27,CEMARGOS.CL,3915.629639,4747.000000
2023-09-28,CEMARGOS.CL,4190.309082,5080.000000
2023-09-29,CEMARGOS.CL,4050.081299,4910.000000
2023-10-02,CEMARGOS.CL,4046.781982,4906.000000
2023-10-03,CEMARGOS.CL,3959.346680,4800.000000
2023-10-04,CEMARGOS.CL,4083.075439,4950.000000
2023-10-05,CEMARGOS.CL,4012.137451,4864.000000
2023-10-06,CEMARGOS.CL,3975.844238,4820.000000
2023-10-09,CEMARGOS.CL,3959.346680,4800.000000
2023-10-10,CEMARGOS.CL,3984.150146,4753.000000
2023-10-11,CEMARGOS.CL,3911.222900,4666.000000
2023-10-12,CEMARGOS.CL,3888.590576,4639.000000
2023-10-13,CEMARGOS.CL,3901.164551,4654.000000
2023-10-16,CEMARGOS.CL,3901.164551,4654.000000
2023-10-17,CEMARGOS.CL,4052.885742,4835.000000
2023-10-18,CEMARGOS.CL,4107.371582,4900.000000
2023-10-19,CEMARGOS.CL,3967.385254,4733.000000
2023-10-20,CEMARGOS.CL,3998.400146,4770.000000
2023-10-23,CEMARGOS.CL,4023.547363,4800.000000
2023-10-24,CEMARGOS.CL,4023.547363,4800.000000
2023-10-25,CEMARGOS.CL,4023.547363,4800.000000
2023-10-26,CEMARGOS.CL,4023.547363,4800.000000
2023-10-27,CEMARGOS.CL,4021.870605,4798.000000
2023-10-30,CEMARGOS.CL,3969.061279,4735.000000
2023-10-31,CEMARGOS.CL,3969.900391,4736.000000
2023-11-01,CEMARGOS.CL,4015.165527,4790.000000
2023-11-02,CEMARGOS.CL,3910.385254,4665.000000
2023-11-03,CEMARGOS.CL,3895.296631,4647.000000
2023-11-06,CEMARGOS.CL,3895.296631,4647.000000
2023-11-07,CEMARGOS.CL,3859.252197,4604.000000
2023-11-08,CEMARGOS.CL,4023.547363,4800.000000
2023-11-09,CEMARGOS.CL,4145.091797,4945.000000
2023-11-10,CEMARGOS.CL,4224.724121,5040.000000
2023-11-13,CEMARGOS.CL,4224.724121,5040.000000
2023-11-14,CEMARGOS.CL,4149.282227,4950.000000
2023-11-15,CEMARGOS.CL,4124.135742,4920.000000
2023-11-16,CEMARGOS.CL,4166.047852,4970.000000
2023-11-17,CEMARGOS.CL,4178.621582,4985.000000
2023-11-20,CEMARGOS.CL,4400.755371,5250.000000
2023-11-21,CEMARGOS.CL,4434.284668,5290.000000
2023-11-22,CEMARGOS.CL,4392.371582,5240.000000
2023-11-23,CEMARGOS.CL,4476.195312,5340.000000
2023-11-24,CEMARGOS.CL,4492.961426,5360.000000
2023-11-27,CEMARGOS.CL,4518.108398,5390.000000
2023-11-28,CEMARGOS.CL,4693.775879,5520.000000
2023-11-29,CEMARGOS.CL,4753.298828,5590.000000
2023-11-30,CEMARGOS.CL,4710.782227,5540.000000
2023-12-01,CEMARGOS.CL,4634.252441,5450.000000
2023-12-04,CEMARGOS.CL,4685.272461,5510.000000
2023-12-05,CEMARGOS.CL,4736.292969,5570.000000
2023-12-06,CEMARGOS.CL,4702.279785,5530.000000
2023-12-07,CEMARGOS.CL,4778.808594,5620.000000
2023-12-08,CEMARGOS.CL,4778.808594,5620.000000
2023-12-11,CEMARGOS.CL,4923.363281,5790.000000
2023-12-12,CEMARGOS.CL,5101.930176,6000.000000
2023-12-13,CEMARGOS.CL,5135.943359,6040.000000
2023-12-14,CEMARGOS.CL,5118.937012,6020.000000
2023-12-15,CEMARGOS.CL,5254.989258,6180.000000
2023-12-18,CEMARGOS.CL,5314.511230,6250.000000
2023-12-19,CEMARGOS.CL,5306.007812,6240.000000
2023-12-20,CEMARGOS.CL,5033.905273,5920.000000
2023-12-21,CEMARGOS.CL,5033.905273,5920.000000
2023-12-22,CEMARGOS.CL,5229.479004,6150.000000
2023-12-25,CEMARGOS.CL,5229.479004,6150.000000
2023-12-26,CEMARGOS.CL,5195.466309,6110.000000
2023-12-27,CEMARGOS.CL,5229.479004,6150.000000
2023-12-28,CEMARGOS.CL,5195.466309,6110.000000
2023-12-29,CEMARGOS.CL,5195.466309,6110.000000
2024-01-01,CEMARGOS.CL,5195.466309,6110.000000
2024-01-02,CEMARGOS.CL,5237.981445,6160.000000
2024-01-03,CEMARGOS.CL,5229.479004,6150.000000
2024-01-04,CEMARGOS.CL,5306.007812,6240.000000
2024-01-05,CEMARGOS.CL,5467.569336,6430.000000
2024-01-08,CEMARGOS.CL,5467.569336,6430.000000
2024-01-09,CEMARGOS.CL,5399.542969,6350.000000
2024-01-10,CEMARGOS.CL,5484.575684,6450.000000
2024-01-11,CEMARGOS.CL,5569.607422,6550.000000
2024-01-12,CEMARGOS.CL,5612.123535,6600.000000
2024-01-15,CEMARGOS.CL,5697.155762,6700.000000
2024-01-16,CEMARGOS.CL,5697.155762,6700.000000
2024-01-17,CEMARGOS.CL,5697.155762,6700.000000
2024-01-18,CEMARGOS.CL,5663.142578,6660.000000
2024-01-19,CEMARGOS.CL,5535.594727,6510.000000
2024-01-22,CEMARGOS.CL,5535.594727,6510.000000
2024-01-23,CEMARGOS.CL,5595.117188,6580.000000
2024-01-24,CEMARGOS.CL,5595.117188,6580.000000
2024-01-25,CEMARGOS.CL,5595.117188,6580.000000
2024-01-26,CEMARGOS.CL,5595.117188,6580.000000
2024-01-29,CEMARGOS.CL,5552.600586,6530.000000
2024-01-30,CEMARGOS.CL,5467.569336,6430.000000
2024-01-31,CEMARGOS.CL,5442.060059,6400.000000
2024-02-01,CEMARGOS.CL,5357.026367,6300.000000
2024-02-02,CEMARGOS.CL,5408.046387,6360.000000
2024-02-05,CEMARGOS.CL,5416.549316,6370.000000
2024-02-06,CEMARGOS.CL,5399.542969,6350.000000
2024-02-07,CEMARGOS.CL,5442.060059,6400.000000
2024-02-08,CEMARGOS.CL,5212.472656,6130.000000
2024-02-09,CEMARGOS.CL,5340.020020,6280.000000
2024-02-12,CEMARGOS.CL,5442.060059,6400.000000
2024-02-13,CEMARGOS.CL,5399.542969,6350.000000
2024-02-14,CEMARGOS.CL,5357.026367,6300.000000
2024-02-15,CEMARGOS.CL,5399.542969,6350.000000
2024-02-16,CEMARGOS.CL,5484.575684,6450.000000
2024-02-19,CEMARGOS.CL,5340.020020,6280.000000
2024-02-20,CEMARGOS.CL,5442.060059,6400.000000
2024-02-21,CEMARGOS.CL,5654.639160,6650.000000
2024-02-22,CEMARGOS.CL,5739.671875,6750.000000
2024-02-23,CEMARGOS.CL,5807.698242,6830.000000
2024-02-26,CEMARGOS.CL,5773.684570,6790.000000
2024-02-27,CEMARGOS.CL,5697.155762,6700.000000
2024-02-28,CEMARGOS.CL,5782.187988,6800.000000
2024-02-29,CEMARGOS.CL,5773.684570,6790.000000
2024-03-01,CEMARGOS.CL,5952.252930,7000.000000
2024-03-04,CEMARGOS.CL,6190.341797,7280.000000
2024-03-05,CEMARGOS.CL,6547.477051,7700.000000
2024-03-06,CEMARGOS.CL,6589.993164,7750.000000
2024-03-07,CEMARGOS.CL,6632.509766,7800.000000
2024-03-08,CEMARGOS.CL,6675.025879,7850.000000
2024-03-11,CEMARGOS.CL,6547.477051,7700.000000
2024-03-12,CEMARGOS.CL,6292.380859,7400.000000
2024-03-13,CEMARGOS.CL,6615.503418,7780.000000
2024-03-14,CEMARGOS.CL,6589.993164,7750.000000
2024-03-15,CEMARGOS.CL,6972.638184,8200.000000
2024-03-18,CEMARGOS.CL,6845.089844,8050.000000
2024-03-19,CEMARGOS.CL,6930.122559,8150.000000
2024-03-20,CEMARGOS.CL,6989.644043,8220.000000
2024-03-21,CEMARGOS.CL,7057.670410,8300.000000
2024-03-22,CEMARGOS.CL,7193.721191,8460.000000
2024-03-25,CEMARGOS.CL,7193.721191,8460.000000
2024-03-26,CEMARGOS.CL,7329.773438,8620.000000
2024-03-27,CEMARGOS.CL,7346.780273,8640.000000
2024-03-28,CEMARGOS.CL,7346.780273,8640.000000
2024-03-29,CEMARGOS.CL,7346.780273,8640.000000
2024-04-01,CEMARGOS.CL,7448.818848,8760.000000
2024-04-02,CEMARGOS.CL,7482.830566,8800.000000
2024-04-03,CEMARGOS.CL,7542.354980,8870.000000
2024-04-04,CEMARGOS.CL,7508.340820,8830.000000
2024-04-05,CEMARGOS.CL,7525.347168,8850.000000
2024-04-08,CEMARGOS.CL,7550.857422,8880.000000
2024-04-09,CEMARGOS.CL,7465.824707,8780.000000
2024-04-10,CEMARGOS.CL,7338.276855,8630.000000
2024-04-11,CEMARGOS.CL,7456.845703,8650.000000
2024-04-12,CEMARGOS.CL,7543.051758,8750.000000
2024-04-15,CEMARGOS.CL,7499.948730,8700.000000
2024-04-16,CEMARGOS.CL,7344.777344,8520.000000
2024-04-17,CEMARGOS.CL,7112.019531,8250.000000
2024-04-18,CEMARGOS.CL,6896.503906,8000.000000
2024-04-19,CEMARGOS.CL,7198.226562,8350.000000
2024-04-22,CEMARGOS.CL,7336.156738,8510.000000
2024-04-23,CEMARGOS.CL,7241.329102,8400.000000
2024-04-24,CEMARGOS.CL,7249.949219,8410.000000
2024-04-25,CEMARGOS.CL,7362.019043,8540.000000
2024-04-26,CEMARGOS.CL,7327.535156,8500.000000
2024-04-29,CEMARGOS.CL,7086.157227,8220.000000
2024-04-30,CEMARGOS.CL,6999.951660,8120.000000
2024-05-02,CEMARGOS.CL,6896.503906,8000.000000
2024-05-03,CEMARGOS.CL,6275.818359,7280.000000
2024-05-06,CEMARGOS.CL,6793.056152,7880.000000
2024-05-07,CEMARGOS.CL,6827.540039,7920.000000
2024-05-08,CEMARGOS.CL,7068.916504,8200.000000
2024-05-09,CEMARGOS.CL,7275.811035,8440.000000
2024-05-10,CEMARGOS.CL,7379.259277,8560.000000
2024-05-14,CEMARGOS.CL,7198.226562,8350.000000
2024-05-15,CEMARGOS.CL,7155.123047,8300.000000
2024-05-16,CEMARGOS.CL,7284.432617,8450.000000
2024-05-17,CEMARGOS.CL,7241.329102,8400.000000
2024-05-20,CEMARGOS.CL,7206.847168,8360.000000
2024-05-21,CEMARGOS.CL,7155.123047,8300.000000
2024-05-22,CEMARGOS.CL,7129.261230,8270.000000
2024-05-23,CEMARGOS.CL,7129.261230,8270.000000
2024-05-24,CEMARGOS.CL,7155.123047,8300.000000
2024-05-27,CEMARGOS.CL,7137.881836,8280.000000
2024-05-28,CEMARGOS.CL,7163.744629,8310.000000
2024-05-29,CEMARGOS.CL,7103.399414,8240.000000
2024-05-30,CEMARGOS.CL,7198.226562,8350.000000
2024-05-31,CEMARGOS.CL,7068.916504,8200.000000
2023-05-01,CHPT,169.199997,169.199997
2023-05-02,CHPT,164.800003,164.800003
2023-05-03,CHPT,171.199997,171.199997
2023-05-04,CHPT,174.199997,174.199997
2023-05-05,CHPT,175.399994,175.399994
2023-05-08,CHPT,181.199997,181.199997
2023-05-09,CHPT,180.199997,180.199997
2023-05-10,CHPT,175.399994,175.399994
2023-05-11,CHPT,171.600006,171.600006
2023-05-12,CHPT,164.600006,164.600006
2023-05-15,CHPT,172.600006,172.600006
2023-05-16,CHPT,160.199997,160.199997
2023-05-17,CHPT,166.600006,166.600006
2023-05-18,CHPT,163.600006,163.600006
2023-05-19,CHPT,158.600006,158.600006
2023-05-22,CHPT,166.199997,166.199997
2023-05-23,CHPT,169.800003,169.800003
2023-05-24,CHPT,167.199997,167.199997
2023-05-25,CHPT,166.399994,166.399994
2023-05-26,CHPT,169.800003,169.800003
2023-05-30,CHPT,193.800003,193.800003
2023-05-31,CHPT,193.399994,193.399994
2023-06-01,CHPT,195.000000,195.000000
2023-06-02,CHPT,181.399994,181.399994
2023-06-05,CHPT,175.000000,175.000000
2023-06-06,CHPT,189.399994,189.399994
2023-06-07,CHPT,195.600006,195.600006
2023-06-08,CHPT,192.199997,192.199997
2023-06-09,CHPT,166.800003,166.800003
2023-06-12,CHPT,178.000000,178.000000
2023-06-13,CHPT,192.399994,192.399994
2023-06-14,CHPT,181.000000,181.000000
2023-06-15,CHPT,181.000000,181.000000
2023-06-16,CHPT,177.600006,177.600006
2023-06-20,CHPT,164.000000,164.000000
2023-06-21,CHPT,159.800003,159.800003
2023-06-22,CHPT,152.000000,152.000000
2023-06-23,CHPT,147.199997,147.199997
2023-06-26,CHPT,148.399994,148.399994
2023-06-27,CHPT,157.399994,157.399994
2023-06-28,CHPT,167.199997,167.199997
2023-06-29,CHPT,173.800003,173.800003
2023-06-30,CHPT,175.800003,175.800003
2023-07-03,CHPT,174.000000,174.000000
2023-07-05,CHPT,177.000000,177.000000
2023-07-06,CHPT,173.199997,173.199997
2023-07-07,CHPT,173.399994,173.399994
2023-07-10,CHPT,180.399994,180.399994
2023-07-11,CHPT,178.600006,178.600006
2023-07-12,CHPT,179.800003,179.800003
2023-07-13,CHPT,177.000000,177.000000
2023-07-14,CHPT,165.199997,165.199997
2023-07-17,CHPT,173.199997,173.199997
2023-07-18,CHPT,171.000000,171.000000
2023-07-19,CHPT,173.800003,173.800003
2023-07-20,CHPT,165.199997,165.199997
2023-07-21,CHPT,166.600006,166.600006
2023-07-24,CHPT,166.800003,166.800003
2023-07-25,CHPT,162.399994,162.399994
2023-07-26,CHPT,164.399994,164.399994
2023-07-27,CHPT,158.600006,158.600006
2023-07-28,CHPT,164.600006,164.600006
2023-07-31,CHPT,173.199997,173.199997
2023-08-01,CHPT,168.000000,168.000000
2023-08-02,CHPT,162.399994,162.399994
2023-08-03,CHPT,162.199997,162.199997
2023-08-04,CHPT,161.000000,161.000000
2023-08-07,CHPT,160.199997,160.199997
2023-08-08,CHPT,159.800003,159.800003
2023-08-09,CHPT,159.399994,159.399994
2023-08-10,CHPT,156.199997,156.199997
2023-08-11,CHPT,156.199997,156.199997
2023-08-14,CHPT,156.199997,156.199997
2023-08-15,CHPT,151.800003,151.800003
2023-08-16,CHPT,145.800003,145.800003
2023-08-17,CHPT,144.000000,144.000000
2023-08-18,CHPT,141.199997,141.199997
2023-08-21,CHPT,139.399994,139.399994
2023-08-22,CHPT,140.399994,140.399994
2023-08-23,CHPT,141.399994,141.399994
2023-08-24,CHPT,135.800003,135.800003
2023-08-25,CHPT,136.600006,136.600006
2023-08-28,CHPT,138.600006,138.600006
2023-08-29,CHPT,144.800003,144.800003
2023-08-30,CHPT,146.399994,146.399994
2023-08-31,CHPT,143.199997,143.199997
2023-09-01,CHPT,148.800003,148.800003
2023-09-05,CHPT,145.199997,145.199997
2023-09-06,CHPT,141.199997,141.199997
2023-09-07,CHPT,125.800003,125.800003
2023-09-08,CHPT,114.400002,114.400002
2023-09-11,CHPT,115.000000,115.000000
2023-09-12,CHPT,113.400002,113.400002
2023-09-13,CHPT,116.000000,116.000000
2023-09-14,CHPT,121.000000,121.000000
2023-09-15,CHPT,112.400002,112.400002
2023-09-18,CHPT,107.400002,107.400002
2023-09-19,CHPT,107.400002,107.400002
2023-09-20,CHPT,103.599998,103.599998
2023-09-21,CHPT,101.800003,101.800003
2023-09-22,CHPT,100.400002,100.400002
2023-09-25,CHPT,98.400002,98.400002
2023-09-26,CHPT,97.000000,97.000000
2023-09-27,CHPT,100.400002,100.400002
2023-09-28,CHPT,99.599998,99.599998
2023-09-29,CHPT,99.400002,99.400002
2023-10-02,CHPT,95.000000,95.000000
2023-10-03,CHPT,87.599998,87.599998
2023-10-04,CHPT,88.000000,88.000000
2023-10-05,CHPT,83.199997,83.199997
2023-10-06,CHPT,86.199997,86.199997
2023-10-09,CHPT,81.800003,81.800003
2023-10-10,CHPT,89.800003,89.800003
2023-10-11,CHPT,75.599998,75.599998
2023-10-12,CHPT,71.599998,71.599998
2023-10-13,CHPT,68.800003,68.800003
2023-10-16,CHPT,67.599998,67.599998
2023-10-17,CHPT,72.800003,72.800003
2023-10-18,CHPT,64.800003,64.800003
2023-10-19,CHPT,62.200001,62.200001
2023-10-20,CHPT,59.400002,59.400002
2023-10-23,CHPT,56.000000,56.000000
2023-10-24,CHPT,55.400002,55.400002
2023-10-25,CHPT,52.200001,52.200001
2023-10-26,CHPT,49.799999,49.799999
2023-10-27,CHPT,49.799999,49.799999
2023-10-30,CHPT,49.200001,49.200001
2023-10-31,CHPT,50.799999,50.799999
2023-11-01,CHPT,50.200001,50.200001
2023-11-02,CHPT,57.799999,57.799999
2023-11-03,CHPT,61.599998,61.599998
2023-11-06,CHPT,56.400002,56.400002
2023-11-07,CHPT,56.599998,56.599998
2023-11-08,CHPT,54.799999,54.799999
2023-11-09,CHPT,53.799999,53.799999
2023-11-10,CHPT,54.200001,54.200001
2023-11-13,CHPT,55.000000,55.000000
2023-11-14,CHPT,64.599998,64.599998
2023-11-15,CHPT,66.400002,66.400002
2023-11-16,CHPT,62.599998,62.599998
2023-11-17,CHPT,40.400002,40.400002
2023-11-20,CHPT,42.400002,42.400002
2023-11-21,CHPT,39.400002,39.400002
2023-11-22,CHPT,39.400002,39.400002
2023-11-24,CHPT,40.799999,40.799999
2023-11-27,CHPT,39.799999,39.799999
2023-11-28,CHPT,38.599998,38.599998
2023-11-29,CHPT,39.200001,39.200001
2023-11-30,CHPT,37.200001,37.200001
2023-12-01,CHPT,40.400002,40.400002
2023-12-04,CHPT,41.799999,41.799999
2023-12-05,CHPT,39.799999,39.799999
2023-12-06,CHPT,41.000000,41.000000
2023-12-07,CHPT,45.000000,45.000000
2023-12-08,CHPT,47.000000,47.000000
2023-12-11,CHPT,46.599998,46.599998
2023-12-12,CHPT,44.400002,44.400002
2023-12-13,CHPT,48.000000,48.000000
2023-12-14,CHPT,58.000000,58.000000
2023-12-15,CHPT,54.400002,54.400002
2023-12-18,CHPT,53.599998,53.599998
2023-12-19,CHPT,52.599998,52.599998
2023-12-20,CHPT,49.599998,49.599998
2023-12-21,CHPT,48.799999,48.799999
2023-12-22,CHPT,49.400002,49.400002
2023-12-26,CHPT,49.799999,49.799999
2023-12-27,CHPT,49.599998,49.599998
2023-12-28,CHPT,48.400002,48.400002
2023-12-29,CHPT,46.799999,46.799999
2024-01-02,CHPT,43.400002,43.400002
2024-01-03,CHPT,41.200001,41.200001
2024-01-04,CHPT,42.200001,42.200001
2024-01-05,CHPT,44.599998,44.599998
2024-01-08,CHPT,44.599998,44.599998
2024-01-09,CHPT,42.599998,42.599998
2024-01-10,CHPT,38.799999,38.799999
2024-01-11,CHPT,40.200001,40.200001
2024-01-12,CHPT,38.000000,38.000000
2024-01-16,CHPT,36.000000,36.000000
2024-01-17,CHPT,34.400002,34.400002
2024-01-18,CHPT,33.000000,33.000000
2024-01-19,CHPT,34.799999,34.799999
2024-01-22,CHPT,39.200001,39.200001
2024-01-23,CHPT,43.200001,43.200001
2024-01-24,CHPT,40.599998,40.599998
2024-01-25,CHPT,39.200001,39.200001
2024-01-26,CHPT,38.799999,38.799999
2024-01-29,CHPT,40.799999,40.799999
2024-01-30,CHPT,38.799999,38.799999
2024-01-31,CHPT,38.000000,38.000000
2024-02-01,CHPT,41.000000,41.000000
2024-02-02,CHPT,39.799999,39.799999
2024-02-05,CHPT,37.599998,37.599998
2024-02-06,CHPT,40.400002,40.400002
2024-02-07,CHPT,39.000000,39.000000
2024-02-08,CHPT,42.000000,42.000000
2024-02-09,CHPT,43.000000,43.000000
2024-02-12,CHPT,45.400002,45.400002
2024-02-13,CHPT,41.200001,41.200001
2024-02-14,CHPT,46.400002,46.400002
2024-02-15,CHPT,45.000000,45.000000
2024-02-16,CHPT,42.799999,42.799999
2024-02-20,CHPT,41.200001,41.200001
2024-02-21,CHPT,38.599998,38.599998
2024-02-22,CHPT,38.400002,38.400002
2024-02-23,CHPT,38.000000,38.000000
2024-02-26,CHPT,39.200001,39.200001
2024-02-27,CHPT,40.200001,40.200001
2024-02-28,CHPT,39.799999,39.799999
2024-02-29,CHPT,41.400002,41.400002
2024-03-01,CHPT,41.599998,41.599998
2024-03-04,CHPT,41.400002,41.400002
2024-03-05,CHPT,40.000000,40.000000
2024-03-06,CHPT,38.599998,38.599998
2024-03-07,CHPT,39.000000,39.000000
2024-03-08,CHPT,38.400002,38.400002
2024-03-11,CHPT,38.400002,38.400002
2024-03-12,CHPT,36.599998,36.599998
2024-03-13,CHPT,35.599998,35.599998
2024-03-14,CHPT,33.799999,33.799999
2024-03-15,CHPT,33.599998,33.599998
2024-03-18,CHPT,34.400002,34.400002
2024-03-19,CHPT,34.200001,34.200001
2024-03-20,CHPT,36.599998,36.599998
2024-03-21,CHPT,37.799999,37.799999
2024-03-22,CHPT,34.799999,34.799999
2024-03-25,CHPT,34.599998,34.599998
2024-03-26,CHPT,34.799999,34.799999
2024-03-27,CHPT,38.000000,38.000000
2024-03-28,CHPT,38.000000,38.000000
2024-04-01,CHPT,36.400002,36.400002
2024-04-02,CHPT,34.799999,34.799999
2024-04-03,CHPT,36.599998,36.599998
2024-04-04,CHPT,36.400002,36.400002
2024-04-05,CHPT,36.599998,36.599998
2024-04-08,CHPT,37.000000,37.000000
2024-04-09,CHPT,35.400002,35.400002
2024-04-10,CHPT,33.200001,33.200001
2024-04-11,CHPT,33.000000,33.000000
2024-04-12,CHPT,32.200001,32.200001
2024-04-15,CHPT,31.600000,31.600000
2024-04-16,CHPT,30.000000,30.000000
2024-04-17,CHPT,28.000000,28.000000
2024-04-18,CHPT,27.600000,27.600000
2024-04-19,CHPT,27.200001,27.200001
2024-04-22,CHPT,27.200001,27.200001
2024-04-23,CHPT,26.799999,26.799999
2024-04-24,CHPT,25.799999,25.799999
2024-04-25,CHPT,25.200001,25.200001
2024-04-26,CHPT,25.400000,25.400000
2024-04-29,CHPT,26.600000,26.600000
2024-04-30,CHPT,26.600000,26.600000
2024-05-01,CHPT,28.400000,28.400000
2024-05-02,CHPT,30.400000,30.400000
2024-05-03,CHPT,33.200001,33.200001
2024-05-06,CHPT,35.599998,35.599998
2024-05-07,CHPT,35.200001,35.200001
2024-05-08,CHPT,34.799999,34.799999
2024-05-09,CHPT,33.799999,33.799999
2024-05-10,CHPT,30.600000,30.600000
2024-05-13,CHPT,34.400002,34.400002
2024-05-14,CHPT,37.000000,37.000000
2024-05-15,CHPT,37.799999,37.799999
2024-05-16,CHPT,37.200001,37.200001
2024-05-17,CHPT,38.200001,38.200001
2024-05-20,CHPT,35.400002,35.400002
2024-05-21,CHPT,34.799999,34.799999
2024-05-22,CHPT,36.000000,36.000000
2024-05-23,CHPT,34.400002,34.400002
2024-05-24,CHPT,35.599998,35.599998
2024-05-28,CHPT,34.200001,34.200001
2024-05-29,CHPT,32.799999,32.799999
2024-05-30,CHPT,35.200001,35.200001
2024-05-31,CHPT,33.599998,33.599998
2023-05-01,CIB,14.633440,23.620001
2023-05-02,CIB,14.689193,23.709999
2023-05-03,CIB,14.583875,23.540001
2023-05-04,CIB,14.701586,23.730000
2023-05-05,CIB,15.482202,24.990000
2023-05-08,CIB,15.488399,25.000000
2023-05-09,CIB,15.135263,24.430000
2023-05-10,CIB,15.160043,24.469999
2023-05-11,CIB,14.974181,24.170000
2023-05-12,CIB,15.246778,24.610001
2023-05-15,CIB,15.420250,24.889999
2023-05-16,CIB,14.930818,24.100000
2023-05-17,CIB,14.949400,24.129999
2023-05-18,CIB,14.744957,23.799999
2023-05-19,CIB,14.701586,23.730000
2023-05-22,CIB,15.091898,24.360001
2023-05-23,CIB,15.023744,24.250000
2023-05-24,CIB,14.955596,24.139999
2023-05-25,CIB,14.732564,23.780001
2023-05-26,CIB,14.906034,24.059999
2023-05-30,CIB,14.713979,23.750000
2023-05-31,CIB,14.503337,23.410000
2023-06-01,CIB,15.277758,24.660000
2023-06-02,CIB,16.101736,25.990000
2023-06-05,CIB,16.380529,26.440001
2023-06-06,CIB,17.755901,28.660000
2023-06-07,CIB,17.724922,28.610001
2023-06-08,CIB,17.786877,28.709999
2023-06-09,CIB,17.811655,28.750000
2023-06-12,CIB,17.532864,28.299999
2023-06-13,CIB,17.223097,27.799999
2023-06-14,CIB,17.210707,27.780001
2023-06-15,CIB,17.464718,28.190001
2023-06-16,CIB,17.012457,27.459999
2023-06-20,CIB,16.907135,27.290001
2023-06-21,CIB,17.092995,27.590000
2023-06-22,CIB,16.739861,27.020000
2023-06-23,CIB,16.281401,26.280001
2023-06-26,CIB,16.467264,26.580000
2023-06-27,CIB,16.640738,26.860001
2023-06-28,CIB,16.919527,27.309999
2023-06-29,CIB,17.016727,26.610001
2023-06-30,CIB,17.061493,26.680000
2023-07-03,CIB,17.087070,26.719999
2023-07-05,CIB,16.888828,26.410000
2023-07-06,CIB,16.370844,25.600000
2023-07-07,CIB,17.080677,26.709999
2023-07-10,CIB,17.163809,26.840000
2023-07-11,CIB,17.330076,27.100000
2023-07-12,CIB,17.611454,27.540001
2023-07-13,CIB,18.372440,28.730000
2023-07-14,CIB,18.346863,28.690001
2023-07-17,CIB,18.717760,29.270000
2023-07-18,CIB,18.896816,29.549999
2023-07-19,CIB,19.152615,29.950001
2023-07-20,CIB,19.127033,29.910000
2023-07-21,CIB,19.139824,29.930000
2023-07-24,CIB,19.069481,29.820000
2023-07-25,CIB,18.928795,29.600000
2023-07-26,CIB,19.024714,29.750000
2023-07-27,CIB,19.043898,29.780001
2023-07-28,CIB,19.242140,30.090000
2023-07-31,CIB,19.542698,30.559999
2023-08-01,CIB,19.127033,29.910000
2023-08-02,CIB,18.289305,28.600000
2023-08-03,CIB,18.398018,28.770000
2023-08-04,CIB,18.807289,29.410000
2023-08-07,CIB,18.845657,29.469999
2023-08-08,CIB,18.711363,29.260000
2023-08-09,CIB,18.500338,28.930000
2023-08-10,CIB,18.302095,28.620001
2023-08-11,CIB,18.033510,28.200001
2023-08-14,CIB,17.745745,27.750000
2023-08-15,CIB,17.093468,26.730000
2023-08-16,CIB,17.413208,27.230000
2023-08-17,CIB,17.349257,27.129999
2023-08-18,CIB,17.368446,27.160000
2023-08-21,CIB,17.515526,27.389999
2023-08-22,CIB,17.285313,27.030001
2023-08-23,CIB,17.534712,27.420000
2023-08-24,CIB,17.394024,27.200001
2023-08-25,CIB,17.278915,27.020000
2023-08-28,CIB,17.515526,27.389999
2023-08-29,CIB,17.669001,27.629999
2023-08-30,CIB,17.496340,27.360001
2023-08-31,CIB,17.074282,26.700001
2023-09-01,CIB,17.336472,27.110001
2023-09-05,CIB,16.274923,25.450001
2023-09-06,CIB,16.172607,25.290001
2023-09-07,CIB,15.948783,24.940001
2023-09-08,CIB,16.210976,25.350000
2023-09-11,CIB,16.415611,25.670000
2023-09-12,CIB,17.119045,26.770000
2023-09-13,CIB,17.266127,27.000000
2023-09-14,CIB,17.579473,27.490000
2023-09-15,CIB,17.662611,27.620001
2023-09-18,CIB,18.110247,28.320000
2023-09-19,CIB,18.039907,28.209999
2023-09-20,CIB,17.969563,28.100000
2023-09-21,CIB,17.157413,26.830000
2023-09-22,CIB,17.547503,27.440001
2023-09-25,CIB,17.336472,27.110001
2023-09-26,CIB,17.061493,26.680000
2023-09-27,CIB,17.227758,26.940001
2023-09-28,CIB,17.414270,26.330000
2023-09-29,CIB,17.645752,26.680000
2023-10-02,CIB,17.295219,26.150000
2023-10-03,CIB,16.666906,25.200001
2023-10-04,CIB,16.488329,24.930000
2023-10-05,CIB,16.157639,24.430000
2023-10-06,CIB,16.594151,25.090000
2023-10-09,CIB,16.594151,25.090000
2023-10-10,CIB,17.149715,25.930000
2023-10-11,CIB,16.905001,25.559999
2023-10-12,CIB,16.686745,25.230000
2023-10-13,CIB,16.521399,24.980000
2023-10-16,CIB,16.508173,24.959999
2023-10-17,CIB,16.719816,25.280001
2023-10-18,CIB,16.825636,25.440001
2023-10-19,CIB,16.805794,25.410000
2023-10-20,CIB,16.805794,25.410000
2023-10-23,CIB,16.686745,25.230000
2023-10-24,CIB,16.673519,25.209999
2023-10-25,CIB,16.627222,25.139999
2023-10-26,CIB,16.885160,25.530001
2023-10-27,CIB,16.871929,25.510000
2023-10-30,CIB,17.196011,26.000000
2023-10-31,CIB,16.785955,25.379999
2023-11-01,CIB,16.964523,25.650000
2023-11-02,CIB,17.566385,26.559999
2023-11-03,CIB,17.936762,27.120001
2023-11-06,CIB,17.837553,26.969999
2023-11-07,CIB,17.692051,26.750000
2023-11-08,CIB,17.460566,26.400000
2023-11-09,CIB,17.632526,26.660000
2023-11-10,CIB,17.936762,27.120001
2023-11-13,CIB,17.824327,26.950001
2023-11-14,CIB,18.373280,27.780001
2023-11-15,CIB,18.260843,27.610001
2023-11-16,CIB,18.009516,27.230000
2023-11-17,CIB,18.115337,27.389999
2023-11-20,CIB,18.161634,27.459999
2023-11-21,CIB,17.824327,26.950001
2023-11-22,CIB,18.452641,27.900000
2023-11-24,CIB,18.267452,27.620001
2023-11-27,CIB,18.690741,28.260000
2023-11-28,CIB,18.624603,28.160000
2023-11-29,CIB,18.472486,27.930000
2023-11-30,CIB,18.247614,27.590000
2023-12-01,CIB,18.697353,28.270000
2023-12-04,CIB,18.505554,27.980000
2023-12-05,CIB,18.472486,27.930000
2023-12-06,CIB,18.439417,27.879999
2023-12-07,CIB,18.406345,27.830000
2023-12-08,CIB,18.598148,28.120001
2023-12-11,CIB,18.432798,27.870001
2023-12-12,CIB,18.670902,28.230000
2023-12-13,CIB,19.259535,29.120001
2023-12-14,CIB,19.510860,29.500000
2023-12-15,CIB,19.107414,28.889999
2023-12-18,CIB,19.186781,29.010000
2023-12-19,CIB,19.279375,29.150000
2023-12-20,CIB,19.358740,29.270000
2023-12-21,CIB,19.669594,29.740000
2023-12-22,CIB,20.159016,30.480000
2023-12-26,CIB,20.502937,31.000000
2023-12-27,CIB,20.948177,30.770000
2023-12-28,CIB,20.934565,30.750000
2023-12-29,CIB,20.948177,30.770000
2024-01-02,CIB,21.268154,31.240000
2024-01-03,CIB,21.322618,31.320000
2024-01-04,CIB,22.350626,32.830002
2024-01-05,CIB,23.181200,34.049999
2024-01-08,CIB,22.391472,32.889999
2024-01-09,CIB,22.323391,32.790001
2024-01-10,CIB,22.160000,32.549999
2024-01-11,CIB,21.717482,31.900000
2024-01-12,CIB,21.669825,31.830000
2024-01-16,CIB,21.111570,31.010000
2024-01-17,CIB,21.349850,31.360001
2024-01-18,CIB,21.921724,32.200001
2024-01-19,CIB,21.717482,31.900000
2024-01-22,CIB,21.540472,31.639999
2024-01-23,CIB,21.206881,31.150000
2024-01-24,CIB,21.383890,31.410000
2024-01-25,CIB,21.220499,31.170000
2024-01-26,CIB,21.635788,31.780001
2024-01-29,CIB,21.560896,31.670000
2024-01-30,CIB,21.615364,31.750000
2024-01-31,CIB,21.417929,31.459999
2024-02-01,CIB,21.853642,32.099998
2024-02-02,CIB,21.778755,31.990000
2024-02-05,CIB,21.622173,31.760000
2024-02-06,CIB,21.635788,31.780001
2024-02-07,CIB,21.628977,31.770000
2024-02-08,CIB,21.363466,31.379999
2024-02-09,CIB,21.499626,31.580000
2024-02-12,CIB,21.465588,31.530001
2024-02-13,CIB,21.070723,30.950001
2024-02-14,CIB,21.513241,31.600000
2024-02-15,CIB,21.486012,31.559999
2024-02-16,CIB,21.615364,31.750000
2024-02-20,CIB,21.397507,31.430000
2024-02-21,CIB,21.962570,32.259998
2024-02-22,CIB,22.214466,32.630001
2024-02-23,CIB,22.622944,33.230000
2024-02-26,CIB,22.561670,33.139999
2024-02-27,CIB,22.194040,32.599998
2024-02-28,CIB,22.153194,32.540001
2024-02-29,CIB,22.139578,32.520000
2024-03-01,CIB,22.302969,32.759998
2024-03-04,CIB,22.234890,32.660000
2024-03-05,CIB,22.439127,32.959999
2024-03-06,CIB,22.793142,33.480000
2024-03-07,CIB,22.779530,33.459999
2024-03-08,CIB,22.248507,32.680000
2024-03-11,CIB,22.214466,32.630001
2024-03-12,CIB,22.010225,32.330002
2024-03-13,CIB,22.207657,32.619999
2024-03-14,CIB,22.057882,32.400002
2024-03-15,CIB,21.996607,32.310001
2024-03-18,CIB,22.575285,33.160000
2024-03-19,CIB,22.473167,33.009998
2024-03-20,CIB,23.045038,33.849998
2024-03-21,CIB,23.521597,34.549999
2024-03-22,CIB,23.671375,34.770000
2024-03-25,CIB,23.419479,34.400002
2024-03-26,CIB,23.889229,35.090000
2024-03-27,CIB,23.814342,34.980000
2024-03-28,CIB,23.916382,34.220001
2024-04-01,CIB,24.000250,34.340000
2024-04-02,CIB,24.545393,35.119999
2024-04-03,CIB,24.796997,35.480000
2024-04-04,CIB,25.691589,36.759998
2024-04-05,CIB,25.426010,36.380001
2024-04-08,CIB,25.321173,36.230000
2024-04-09,CIB,25.537830,36.540001
2024-04-10,CIB,25.027636,35.810001
2024-04-11,CIB,25.006666,35.779999
2024-04-12,CIB,24.112074,34.500000
2024-04-15,CIB,23.559942,33.709999
2024-04-16,CIB,23.392208,33.470001
2024-04-17,CIB,23.266407,33.290001
2024-04-18,CIB,22.553528,32.270000
2024-04-19,CIB,22.819111,32.650002
2024-04-22,CIB,22.861040,32.709999
2024-04-23,CIB,22.798141,32.619999
2024-04-24,CIB,22.413744,32.070000
2024-04-25,CIB,21.938492,31.389999
2024-04-26,CIB,22.937920,32.820000
2024-04-29,CIB,23.545963,33.689999
2024-04-30,CIB,22.868031,32.720001
2024-05-01,CIB,23.028782,32.950001
2024-05-02,CIB,23.343283,33.400002
2024-05-03,CIB,23.713697,33.930000
2024-05-06,CIB,23.951328,34.270000
2024-05-07,CIB,23.783588,34.029999
2024-05-08,CIB,23.825527,34.090000
2024-05-09,CIB,23.811546,34.070000
2024-05-10,CIB,23.916382,34.220001
2024-05-13,CIB,24.216909,34.650002
2024-05-14,CIB,24.517437,35.080002
2024-05-15,CIB,24.922798,35.660000
2024-05-16,CIB,25.090536,35.900002
2024-05-17,CIB,25.391064,36.330002
2024-05-20,CIB,26.075983,37.310001
2024-05-21,CIB,26.048033,37.270000
2024-05-22,CIB,25.118492,35.939999
2024-05-23,CIB,25.083548,35.889999
2024-05-24,CIB,24.671194,35.299999
2024-05-28,CIB,25.062580,35.860001
2024-05-29,CIB,24.482491,35.029999
2024-05-30,CIB,24.859896,35.570000
2024-05-31,CIB,24.783018,35.459999
2023-05-01,CNEC.CL,34789.027344,34790.000000
2023-05-02,CNEC.CL,34789.027344,34790.000000
2023-05-03,CNEC.CL,34659.031250,34660.000000
2023-05-04,CNEC.CL,34679.031250,34680.000000
2023-05-05,CNEC.CL,35019.023438,35020.000000
2023-05-08,CNEC.CL,34799.027344,34800.000000
2023-05-09,CNEC.CL,34819.027344,34820.000000
2023-05-10,CNEC.CL,35179.019531,35180.000000
2023-05-11,CNEC.CL,34749.031250,34750.000000
2023-05-12,CNEC.CL,34749.031250,34750.000000
2023-05-15,CNEC.CL,35009.023438,35010.000000
2023-05-16,CNEC.CL,35519.011719,35520.000000
2023-05-17,CNEC.CL,36578.980469,36580.000000
2023-05-18,CNEC.CL,36918.968750,36920.000000
2023-05-19,CNEC.CL,37608.953125,37610.000000
2023-05-22,CNEC.CL,37608.953125,37610.000000
2023-05-23,CNEC.CL,36998.968750,37000.000000
2023-05-24,CNEC.CL,36498.984375,36500.000000
2023-05-25,CNEC.CL,36498.984375,36500.000000
2023-05-26,CNEC.CL,36698.976562,36700.000000
2023-05-29,CNEC.CL,36883.269531,36884.300781
2023-05-30,CNEC.CL,36868.968750,36870.000000
2023-05-31,CNEC.CL,37198.960938,37200.000000
2023-06-01,CNEC.CL,37068.828125,37069.859375
2023-06-02,CNEC.CL,37558.953125,37560.000000
2023-06-05,CNEC.CL,37268.960938,37270.000000
2023-06-06,CNEC.CL,36498.984375,36500.000000
2023-06-07,CNEC.CL,37068.968750,37070.000000
2023-06-08,CNEC.CL,37068.968750,37070.000000
2023-06-13,CNEC.CL,36298.984375,36300.000000
2023-06-14,CNEC.CL,36598.980469,36600.000000
2023-06-15,CNEC.CL,36198.992188,36200.000000
2023-06-16,CNEC.CL,36398.984375,36400.000000
2023-06-19,CNEC.CL,36398.984375,36400.000000
2023-06-20,CNEC.CL,36028.996094,36030.000000
2023-06-21,CNEC.CL,35549.011719,35550.000000
2023-06-22,CNEC.CL,34749.031250,34750.000000
2023-06-23,CNEC.CL,34469.039062,34470.000000
2023-06-26,CNEC.CL,34719.031250,34720.000000
2023-06-27,CNEC.CL,36448.984375,36450.000000
2023-06-28,CNEC.CL,33969.054688,33970.000000
2023-06-29,CNEC.CL,34049.308594,34050.000000
2023-06-30,CNEC.CL,30659.376953,30660.000000
2023-07-03,CNEC.CL,30659.376953,30660.000000
2023-07-04,CNEC.CL,34049.308594,34050.000000
2023-07-05,CNEC.CL,33549.320312,33550.000000
2023-07-06,CNEC.CL,33309.324219,33310.000000
2023-07-07,CNEC.CL,32999.332031,33000.000000
2023-07-10,CNEC.CL,33679.320312,33680.000000
2023-07-11,CNEC.CL,34449.300781,34450.000000
2023-07-12,CNEC.CL,33769.312500,33770.000000
2023-07-13,CNEC.CL,34139.308594,34140.000000
2023-07-14,CNEC.CL,34009.312500,34010.000000
2023-07-17,CNEC.CL,33749.316406,33750.000000
2023-07-18,CNEC.CL,34119.308594,34120.000000
2023-07-19,CNEC.CL,34589.300781,34590.000000
2023-07-20,CNEC.CL,34589.300781,34590.000000
2023-07-21,CNEC.CL,33929.312500,33930.000000
2023-07-24,CNEC.CL,33929.312500,33930.000000
2023-07-25,CNEC.CL,33929.312500,33930.000000
2023-07-26,CNEC.CL,34189.308594,34190.000000
2023-07-27,CNEC.CL,34189.308594,34190.000000
2023-07-28,CNEC.CL,33539.320312,33540.000000
2023-07-31,CNEC.CL,33539.320312,33540.000000
2023-08-01,CNEC.CL,36499.261719,36500.000000
2023-08-02,CNEC.CL,36063.281250,36064.011719
2023-08-03,CNEC.CL,37549.238281,37550.000000
2023-08-04,CNEC.CL,37549.238281,37550.000000
2023-08-07,CNEC.CL,37549.238281,37550.000000
2023-08-08,CNEC.CL,36489.261719,36490.000000
2023-08-09,CNEC.CL,36569.257812,36570.000000
2023-08-10,CNEC.CL,36029.269531,36030.000000
2023-08-11,CNEC.CL,36049.269531,36050.000000
2023-08-14,CNEC.CL,35029.289062,35030.000000
2023-08-15,CNEC.CL,34499.300781,34500.000000
2023-08-16,CNEC.CL,34269.304688,34270.000000
2023-08-17,CNEC.CL,33599.320312,33600.000000
2023-08-18,CNEC.CL,34789.292969,34790.000000
2023-08-21,CNEC.CL,34789.292969,34790.000000
2023-08-22,CNEC.CL,33979.312500,33980.000000
2023-08-23,CNEC.CL,32989.332031,32990.000000
2023-08-24,CNEC.CL,33449.320312,33450.000000
2023-08-25,CNEC.CL,34059.308594,34060.000000
2023-08-28,CNEC.CL,34519.300781,34520.000000
2023-08-29,CNEC.CL,34679.296875,34680.000000
2023-08-30,CNEC.CL,34119.308594,34120.000000
2023-08-31,CNEC.CL,32749.335938,32750.000000
2023-09-01,CNEC.CL,34409.300781,34410.000000
2023-09-04,CNEC.CL,34099.308594,34100.000000
2023-09-05,CNEC.CL,34089.308594,34090.000000
2023-09-06,CNEC.CL,34189.308594,34190.000000
2023-09-07,CNEC.CL,33599.320312,33600.000000
2023-09-08,CNEC.CL,34149.308594,34150.000000
2023-09-11,CNEC.CL,34013.691406,34014.378906
2023-09-12,CNEC.CL,33999.312500,34000.000000
2023-09-13,CNEC.CL,33499.320312,33500.000000
2023-09-14,CNEC.CL,33299.324219,33300.000000
2023-09-15,CNEC.CL,33099.328125,33100.000000
2023-09-18,CNEC.CL,32779.332031,32780.000000
2023-09-19,CNEC.CL,32419.341797,32420.000000
2023-09-20,CNEC.CL,33039.332031,33040.000000
2023-09-21,CNEC.CL,32729.335938,32730.000000
2023-09-22,CNEC.CL,32919.332031,32920.000000
2023-09-25,CNEC.CL,33279.324219,33280.000000
2023-09-26,CNEC.CL,33299.324219,33300.000000
2023-09-27,CNEC.CL,33349.324219,33350.000000
2023-09-28,CNEC.CL,32569.593750,32570.000000
2023-09-29,CNEC.CL,32879.589844,32880.000000
2023-10-02,CNEC.CL,32109.599609,32110.000000
2023-10-03,CNEC.CL,31479.607422,31480.000000
2023-10-04,CNEC.CL,31479.607422,31480.000000
2023-10-05,CNEC.CL,31979.601562,31980.000000
2023-10-06,CNEC.CL,32199.599609,32200.000000
2023-10-09,CNEC.CL,32199.599609,32200.000000
2023-10-10,CNEC.CL,32149.599609,32150.000000
2023-10-11,CNEC.CL,31749.603516,31750.000000
2023-10-12,CNEC.CL,31789.603516,31790.000000
2023-10-13,CNEC.CL,31799.603516,31800.000000
2023-10-16,CNEC.CL,31799.603516,31800.000000
2023-10-17,CNEC.CL,31599.605469,31600.000000
2023-10-18,CNEC.CL,31599.605469,31600.000000
2023-10-19,CNEC.CL,31399.609375,31400.000000
2023-10-20,CNEC.CL,28189.648438,28190.000000
2023-10-23,CNEC.CL,22999.712891,23000.000000
2023-10-24,CNEC.CL,20889.740234,20890.000000
2023-10-25,CNEC.CL,21299.734375,21300.000000
2023-10-26,CNEC.CL,21299.734375,21300.000000
2023-10-27,CNEC.CL,21099.736328,21100.000000
2023-10-30,CNEC.CL,20609.744141,20610.000000
2023-10-31,CNEC.CL,20299.748047,20300.000000
2023-11-01,CNEC.CL,19749.753906,19750.000000
2023-11-02,CNEC.CL,21279.734375,21280.000000
2023-11-03,CNEC.CL,19909.751953,19910.000000
2023-11-06,CNEC.CL,19909.751953,19910.000000
2023-11-07,CNEC.CL,20399.746094,20400.000000
2023-11-08,CNEC.CL,20479.744141,20480.000000
2023-11-09,CNEC.CL,20179.748047,20180.000000
2023-11-10,CNEC.CL,19499.757812,19500.000000
2023-11-13,CNEC.CL,19499.757812,19500.000000
2023-11-14,CNEC.CL,19639.755859,19640.000000
2023-11-15,CNEC.CL,20599.744141,20600.000000
2023-11-16,CNEC.CL,20599.744141,20600.000000
2023-11-17,CNEC.CL,21099.736328,21100.000000
2023-11-20,CNEC.CL,22199.722656,22200.000000
2023-11-21,CNEC.CL,21959.726562,21960.000000
2023-11-22,CNEC.CL,21959.726562,21960.000000
2023-11-23,CNEC.CL,21139.736328,21140.000000
2023-11-24,CNEC.CL,20699.742188,20700.000000
2023-11-27,CNEC.CL,20239.748047,20240.000000
2023-11-28,CNEC.CL,19899.751953,19900.000000
2023-11-29,CNEC.CL,20139.750000,20140.000000
2023-11-30,CNEC.CL,20179.748047,20180.000000
2023-12-01,CNEC.CL,20179.748047,20180.000000
2023-12-04,CNEC.CL,20199.748047,20200.000000
2023-12-05,CNEC.CL,20219.748047,20220.000000
2023-12-06,CNEC.CL,19999.750000,20000.000000
2023-12-07,CNEC.CL,19999.750000,20000.000000
2023-12-08,CNEC.CL,19999.750000,20000.000000
2023-12-11,CNEC.CL,19919.751953,19920.000000
2023-12-12,CNEC.CL,19299.759766,19300.000000
2023-12-13,CNEC.CL,19199.761719,19200.000000
2023-12-14,CNEC.CL,19959.751953,19960.000000
2023-12-15,CNEC.CL,19139.761719,19140.000000
2023-12-18,CNEC.CL,18939.763672,18940.000000
2023-12-19,CNEC.CL,18559.769531,18560.000000
2023-12-20,CNEC.CL,18519.769531,18520.000000
2023-12-21,CNEC.CL,19479.757812,19480.000000
2023-12-22,CNEC.CL,20859.740234,20860.000000
2023-12-25,CNEC.CL,20859.740234,20860.000000
2023-12-26,CNEC.CL,21259.734375,21260.000000
2023-12-27,CNEC.CL,20899.740234,20900.000000
2023-12-28,CNEC.CL,20800.000000,20800.000000
2023-12-29,CNEC.CL,20800.000000,20800.000000
2024-01-01,CNEC.CL,20800.000000,20800.000000
2024-01-02,CNEC.CL,20100.000000,20100.000000
2024-01-03,CNEC.CL,20100.000000,20100.000000
2024-01-04,CNEC.CL,19600.000000,19600.000000
2024-01-05,CNEC.CL,19900.000000,19900.000000
2024-01-08,CNEC.CL,19900.000000,19900.000000
2024-01-09,CNEC.CL,19600.000000,19600.000000
2024-01-10,CNEC.CL,19660.000000,19660.000000
2024-01-11,CNEC.CL,19540.000000,19540.000000
2024-01-12,CNEC.CL,19400.000000,19400.000000
2024-01-15,CNEC.CL,20060.000000,20060.000000
2024-01-16,CNEC.CL,19400.000000,19400.000000
2024-01-17,CNEC.CL,19380.000000,19380.000000
2024-01-18,CNEC.CL,19300.000000,19300.000000
2024-01-19,CNEC.CL,19100.000000,19100.000000
2024-01-22,CNEC.CL,19100.000000,19100.000000
2024-01-23,CNEC.CL,18900.000000,18900.000000
2024-01-24,CNEC.CL,18900.000000,18900.000000
2024-01-25,CNEC.CL,18900.000000,18900.000000
2024-01-26,CNEC.CL,18900.000000,18900.000000
2024-01-29,CNEC.CL,19000.000000,19000.000000
2024-01-30,CNEC.CL,18600.000000,18600.000000
2024-01-31,CNEC.CL,18120.000000,18120.000000
2024-02-01,CNEC.CL,17700.000000,17700.000000
2024-02-02,CNEC.CL,17520.000000,17520.000000
2024-02-05,CNEC.CL,17600.000000,17600.000000
2024-02-06,CNEC.CL,17880.000000,17880.000000
2024-02-07,CNEC.CL,17500.000000,17500.000000
2024-02-08,CNEC.CL,17440.000000,17440.000000
2024-02-09,CNEC.CL,17100.000000,17100.000000
2024-02-12,CNEC.CL,16060.000000,16060.000000
2024-02-13,CNEC.CL,15200.000000,15200.000000
2024-02-14,CNEC.CL,15080.000000,15080.000000
2024-02-15,CNEC.CL,15160.000000,15160.000000
2024-02-16,CNEC.CL,15960.000000,15960.000000
2024-02-19,CNEC.CL,16920.000000,16920.000000
2024-02-20,CNEC.CL,15940.000000,15940.000000
2024-02-21,CNEC.CL,16400.000000,16400.000000
2024-02-22,CNEC.CL,16420.000000,16420.000000
2024-02-23,CNEC.CL,15900.000000,15900.000000
2024-02-26,CNEC.CL,15700.000000,15700.000000
2024-02-27,CNEC.CL,15260.000000,15260.000000
2024-02-28,CNEC.CL,15100.000000,15100.000000
2024-02-29,CNEC.CL,14700.000000,14700.000000
2024-03-01,CNEC.CL,15040.000000,15040.000000
2024-03-04,CNEC.CL,15260.000000,15260.000000
2024-03-05,CNEC.CL,15260.000000,15260.000000
2024-03-06,CNEC.CL,15300.000000,15300.000000
2024-03-07,CNEC.CL,15200.000000,15200.000000
2024-03-08,CNEC.CL,15200.000000,15200.000000
2024-03-11,CNEC.CL,15400.000000,15400.000000
2024-03-12,CNEC.CL,15880.000000,15880.000000
2024-03-13,CNEC.CL,16360.000000,16360.000000
2024-03-14,CNEC.CL,15900.000000,15900.000000
2024-03-15,CNEC.CL,16200.000000,16200.000000
2024-03-18,CNEC.CL,15980.000000,15980.000000
2024-03-19,CNEC.CL,16200.000000,16200.000000
2024-03-20,CNEC.CL,16600.000000,16600.000000
2024-03-21,CNEC.CL,17400.000000,17400.000000
2024-03-22,CNEC.CL,14260.000000,14260.000000
2024-03-25,CNEC.CL,14260.000000,14260.000000
2024-03-26,CNEC.CL,12920.000000,12920.000000
2024-03-27,CNEC.CL,13460.000000,13460.000000
2024-03-28,CNEC.CL,13460.000000,13460.000000
2024-03-29,CNEC.CL,13460.000000,13460.000000
2024-04-01,CNEC.CL,13400.000000,13400.000000
2024-04-02,CNEC.CL,13300.000000,13300.000000
2024-04-03,CNEC.CL,13120.000000,13120.000000
2024-04-04,CNEC.CL,13100.000000,13100.000000
2024-04-05,CNEC.CL,13100.000000,13100.000000
2024-04-08,CNEC.CL,13180.000000,13180.000000
2024-04-09,CNEC.CL,12700.000000,12700.000000
2024-04-10,CNEC.CL,12940.000000,12940.000000
2024-04-11,CNEC.CL,12900.000000,12900.000000
2024-04-12,CNEC.CL,12700.000000,12700.000000
2024-04-15,CNEC.CL,12700.000000,12700.000000
2024-04-16,CNEC.CL,12380.000000,12380.000000
2024-04-17,CNEC.CL,12460.000000,12460.000000
2024-04-18,CNEC.CL,12800.000000,12800.000000
2024-04-19,CNEC.CL,12800.000000,12800.000000
2024-04-22,CNEC.CL,13060.000000,13060.000000
2024-04-23,CNEC.CL,13280.000000,13280.000000
2024-04-24,CNEC.CL,13700.000000,13700.000000
2024-04-25,CNEC.CL,14080.000000,14080.000000
2024-04-26,CNEC.CL,14200.000000,14200.000000
2024-04-29,CNEC.CL,14120.000000,14120.000000
2024-04-30,CNEC.CL,14000.000000,14000.000000
2024-05-02,CNEC.CL,13940.000000,13940.000000
2024-05-03,CNEC.CL,15260.000000,15260.000000
2024-05-06,CNEC.CL,14000.000000,14000.000000
2024-05-07,CNEC.CL,14000.000000,14000.000000
2024-05-08,CNEC.CL,13760.000000,13760.000000
2024-05-09,CNEC.CL,13920.000000,13920.000000
2024-05-10,CNEC.CL,14000.000000,14000.000000
2024-05-14,CNEC.CL,14100.000000,14100.000000
2024-05-15,CNEC.CL,14000.000000,14000.000000
2024-05-16,CNEC.CL,14240.000000,14240.000000
2024-05-17,CNEC.CL,14200.000000,14200.000000
2024-05-20,CNEC.CL,14000.000000,14000.000000
2024-05-21,CNEC.CL,14000.000000,14000.000000
2024-05-22,CNEC.CL,13400.000000,13400.000000
2024-05-23,CNEC.CL,13400.000000,13400.000000
2024-05-24,CNEC.CL,13700.000000,13700.000000
2024-05-27,CNEC.CL,13720.000000,13720.000000
2024-05-28,CNEC.CL,12900.000000,12900.000000
2024-05-29,CNEC.CL,13080.000000,13080.000000
2024-05-30,CNEC.CL,12980.000000,12980.000000
2024-05-31,CNEC.CL,12520.000000,12520.000000
2023-05-01,CONCONCRET.CL,250.000000,250.000000
2023-05-02,CONCONCRET.CL,260.000000,260.000000
2023-05-03,CONCONCRET.CL,256.000000,256.000000
2023-05-04,CONCONCRET.CL,255.000000,255.000000
2023-05-05,CONCONCRET.CL,254.000000,254.000000
2023-05-08,CONCONCRET.CL,256.799988,256.799988
2023-05-09,CONCONCRET.CL,252.679993,252.679993
2023-05-10,CONCONCRET.CL,250.000000,250.000000
2023-05-11,CONCONCRET.CL,245.000000,245.000000
2023-05-12,CONCONCRET.CL,246.000000,246.000000
2023-05-15,CONCONCRET.CL,245.000000,245.000000
2023-05-16,CONCONCRET.CL,244.649994,244.649994
2023-05-17,CONCONCRET.CL,250.000000,250.000000
2023-05-18,CONCONCRET.CL,241.380005,241.380005
2023-05-19,CONCONCRET.CL,240.000000,240.000000
2023-05-22,CONCONCRET.CL,240.000000,240.000000
2023-05-23,CONCONCRET.CL,244.619995,244.619995
2023-05-24,CONCONCRET.CL,249.899994,249.899994
2023-05-25,CONCONCRET.CL,238.169998,238.169998
2023-05-26,CONCONCRET.CL,249.000000,249.000000
2023-05-29,CONCONCRET.CL,248.139999,248.139999
2023-05-30,CONCONCRET.CL,249.000000,249.000000
2023-05-31,CONCONCRET.CL,235.000000,235.000000
2023-06-01,CONCONCRET.CL,249.500000,249.500000
2023-06-02,CONCONCRET.CL,248.940002,248.940002
2023-06-05,CONCONCRET.CL,246.949997,246.949997
2023-06-06,CONCONCRET.CL,246.589996,246.589996
2023-06-07,CONCONCRET.CL,249.500000,249.500000
2023-06-08,CONCONCRET.CL,245.000000,245.000000
2023-06-13,CONCONCRET.CL,246.500000,246.500000
2023-06-14,CONCONCRET.CL,238.830002,238.830002
2023-06-15,CONCONCRET.CL,237.669998,237.669998
2023-06-16,CONCONCRET.CL,238.000000,238.000000
2023-06-19,CONCONCRET.CL,238.000000,238.000000
2023-06-20,CONCONCRET.CL,236.770004,236.770004
2023-06-21,CONCONCRET.CL,239.770004,239.770004
2023-06-22,CONCONCRET.CL,235.000000,235.000000
2023-06-23,CONCONCRET.CL,234.000000,234.000000
2023-06-26,CONCONCRET.CL,234.000000,234.000000
2023-06-27,CONCONCRET.CL,244.800003,244.800003
2023-06-28,CONCONCRET.CL,237.339996,237.339996
2023-06-29,CONCONCRET.CL,242.919998,242.919998
2023-06-30,CONCONCRET.CL,238.000000,238.000000
2023-07-03,CONCONCRET.CL,238.000000,238.000000
2023-07-04,CONCONCRET.CL,236.509995,236.509995
2023-07-05,CONCONCRET.CL,236.000000,236.000000
2023-07-06,CONCONCRET.CL,236.000000,236.000000
2023-07-07,CONCONCRET.CL,253.880005,253.880005
2023-07-10,CONCONCRET.CL,236.000000,236.000000
2023-07-11,CONCONCRET.CL,236.000000,236.000000
2023-07-12,CONCONCRET.CL,240.520004,240.520004
2023-07-13,CONCONCRET.CL,236.000000,236.000000
2023-07-14,CONCONCRET.CL,237.270004,237.270004
2023-07-17,CONCONCRET.CL,249.699997,249.699997
2023-07-18,CONCONCRET.CL,253.000000,253.000000
2023-07-19,CONCONCRET.CL,253.000000,253.000000
2023-07-20,CONCONCRET.CL,253.000000,253.000000
2023-07-21,CONCONCRET.CL,268.899994,268.899994
2023-07-24,CONCONCRET.CL,267.000000,267.000000
2023-07-25,CONCONCRET.CL,267.000000,267.000000
2023-07-26,CONCONCRET.CL,264.000000,264.000000
2023-07-27,CONCONCRET.CL,262.000000,262.000000
2023-07-28,CONCONCRET.CL,260.000000,260.000000
2023-07-31,CONCONCRET.CL,260.000000,260.000000
2023-08-01,CONCONCRET.CL,263.000000,263.000000
2023-08-02,CONCONCRET.CL,260.899994,260.899994
2023-08-03,CONCONCRET.CL,265.000000,265.000000
2023-08-04,CONCONCRET.CL,265.000000,265.000000
2023-08-07,CONCONCRET.CL,265.000000,265.000000
2023-08-08,CONCONCRET.CL,264.000000,264.000000
2023-08-09,CONCONCRET.CL,260.100006,260.100006
2023-08-10,CONCONCRET.CL,258.000000,258.000000
2023-08-11,CONCONCRET.CL,259.989990,259.989990
2023-08-14,CONCONCRET.CL,251.399994,251.399994
2023-08-15,CONCONCRET.CL,252.000000,252.000000
2023-08-16,CONCONCRET.CL,250.000000,250.000000
2023-08-17,CONCONCRET.CL,255.000000,255.000000
2023-08-18,CONCONCRET.CL,250.000000,250.000000
2023-08-21,CONCONCRET.CL,250.000000,250.000000
2023-08-22,CONCONCRET.CL,250.000000,250.000000
2023-08-23,CONCONCRET.CL,246.779999,246.779999
2023-08-24,CONCONCRET.CL,250.000000,250.000000
2023-08-25,CONCONCRET.CL,241.779999,241.779999
2023-08-28,CONCONCRET.CL,237.000000,237.000000
2023-08-29,CONCONCRET.CL,235.000000,235.000000
2023-08-30,CONCONCRET.CL,236.389999,236.389999
2023-08-31,CONCONCRET.CL,230.000000,230.000000
2023-09-01,CONCONCRET.CL,225.000000,225.000000
2023-09-04,CONCONCRET.CL,224.470001,224.470001
2023-09-05,CONCONCRET.CL,211.000000,211.000000
2023-09-06,CONCONCRET.CL,212.000000,212.000000
2023-09-07,CONCONCRET.CL,219.550003,219.550003
2023-09-08,CONCONCRET.CL,229.000000,229.000000
2023-09-11,CONCONCRET.CL,234.440002,234.440002
2023-09-12,CONCONCRET.CL,229.000000,229.000000
2023-09-13,CONCONCRET.CL,233.690002,233.690002
2023-09-14,CONCONCRET.CL,230.000000,230.000000
2023-09-15,CONCONCRET.CL,211.000000,211.000000
2023-09-18,CONCONCRET.CL,221.500000,221.500000
2023-09-19,CONCONCRET.CL,232.000000,232.000000
2023-09-20,CONCONCRET.CL,230.000000,230.000000
2023-09-21,CONCONCRET.CL,228.000000,228.000000
2023-09-22,CONCONCRET.CL,230.000000,230.000000
2023-09-25,CONCONCRET.CL,225.000000,225.000000
2023-09-26,CONCONCRET.CL,227.000000,227.000000
2023-09-27,CONCONCRET.CL,227.000000,227.000000
2023-09-28,CONCONCRET.CL,227.000000,227.000000
2023-09-29,CONCONCRET.CL,230.000000,230.000000
2023-10-02,CONCONCRET.CL,229.610001,229.610001
2023-10-03,CONCONCRET.CL,230.000000,230.000000
2023-10-04,CONCONCRET.CL,230.000000,230.000000
2023-10-05,CONCONCRET.CL,228.119995,228.119995
2023-10-06,CONCONCRET.CL,219.389999,219.389999
2023-10-09,CONCONCRET.CL,230.000000,230.000000
2023-10-10,CONCONCRET.CL,229.000000,229.000000
2023-10-11,CONCONCRET.CL,226.000000,226.000000
2023-10-12,CONCONCRET.CL,230.899994,230.899994
2023-10-13,CONCONCRET.CL,230.899994,230.899994
2023-10-16,CONCONCRET.CL,230.899994,230.899994
2023-10-17,CONCONCRET.CL,230.000000,230.000000
2023-10-18,CONCONCRET.CL,229.660004,229.660004
2023-10-19,CONCONCRET.CL,230.399994,230.399994
2023-10-20,CONCONCRET.CL,235.000000,235.000000
2023-10-23,CONCONCRET.CL,235.000000,235.000000
2023-10-24,CONCONCRET.CL,242.000000,242.000000
2023-10-25,CONCONCRET.CL,241.020004,241.020004
2023-10-26,CONCONCRET.CL,243.000000,243.000000
2023-10-27,CONCONCRET.CL,249.899994,249.899994
2023-10-30,CONCONCRET.CL,251.000000,251.000000
2023-10-31,CONCONCRET.CL,243.470001,243.470001
2023-11-01,CONCONCRET.CL,251.000000,251.000000
2023-11-02,CONCONCRET.CL,251.000000,251.000000
2023-11-03,CONCONCRET.CL,251.000000,251.000000
2023-11-06,CONCONCRET.CL,251.000000,251.000000
2023-11-07,CONCONCRET.CL,251.000000,251.000000
2023-11-08,CONCONCRET.CL,240.000000,240.000000
2023-11-09,CONCONCRET.CL,240.000000,240.000000
2023-11-10,CONCONCRET.CL,239.000000,239.000000
2023-11-13,CONCONCRET.CL,239.000000,239.000000
2023-11-14,CONCONCRET.CL,236.000000,236.000000
2023-11-15,CONCONCRET.CL,237.000000,237.000000
2023-11-16,CONCONCRET.CL,233.000000,233.000000
2023-11-17,CONCONCRET.CL,239.000000,239.000000
2023-11-20,CONCONCRET.CL,239.000000,239.000000
2023-11-21,CONCONCRET.CL,239.000000,239.000000
2023-11-22,CONCONCRET.CL,239.000000,239.000000
2023-11-23,CONCONCRET.CL,239.000000,239.000000
2023-11-24,CONCONCRET.CL,239.000000,239.000000
2023-11-27,CONCONCRET.CL,233.000000,233.000000
2023-11-28,CONCONCRET.CL,233.000000,233.000000
2023-11-29,CONCONCRET.CL,230.000000,230.000000
2023-11-30,CONCONCRET.CL,226.000000,226.000000
2023-12-01,CONCONCRET.CL,226.000000,226.000000
2023-12-04,CONCONCRET.CL,226.000000,226.000000
2023-12-05,CONCONCRET.CL,221.000000,221.000000
2023-12-06,CONCONCRET.CL,221.000000,221.000000
2023-12-07,CONCONCRET.CL,221.000000,221.000000
2023-12-08,CONCONCRET.CL,221.000000,221.000000
2023-12-11,CONCONCRET.CL,221.000000,221.000000
2023-12-12,CONCONCRET.CL,221.000000,221.000000
2023-12-13,CONCONCRET.CL,235.000000,235.000000
2023-12-14,CONCONCRET.CL,235.000000,235.000000
2023-12-15,CONCONCRET.CL,235.000000,235.000000
2023-12-18,CONCONCRET.CL,231.000000,231.000000
2023-12-19,CONCONCRET.CL,231.000000,231.000000
2023-12-20,CONCONCRET.CL,253.000000,253.000000
2023-12-21,CONCONCRET.CL,254.000000,254.000000
2023-12-22,CONCONCRET.CL,261.000000,261.000000
2023-12-25,CONCONCRET.CL,261.000000,261.000000
2023-12-26,CONCONCRET.CL,260.000000,260.000000
2023-12-27,CONCONCRET.CL,260.000000,260.000000
2023-12-28,CONCONCRET.CL,262.000000,262.000000
2023-12-29,CONCONCRET.CL,262.000000,262.000000
2024-01-01,CONCONCRET.CL,262.000000,262.000000
2024-01-02,CONCONCRET.CL,264.000000,264.000000
2024-01-03,CONCONCRET.CL,265.000000,265.000000
2024-01-04,CONCONCRET.CL,266.000000,266.000000
2024-01-05,CONCONCRET.CL,287.000000,287.000000
2024-01-08,CONCONCRET.CL,287.000000,287.000000
2024-01-09,CONCONCRET.CL,277.000000,277.000000
2024-01-10,CONCONCRET.CL,270.000000,270.000000
2024-01-11,CONCONCRET.CL,300.000000,300.000000
2024-01-12,CONCONCRET.CL,315.000000,315.000000
2024-01-15,CONCONCRET.CL,319.000000,319.000000
2024-01-16,CONCONCRET.CL,330.000000,330.000000
2024-01-17,CONCONCRET.CL,329.000000,329.000000
2024-01-18,CONCONCRET.CL,322.000000,322.000000
2024-01-19,CONCONCRET.CL,316.000000,316.000000
2024-01-22,CONCONCRET.CL,316.000000,316.000000
2024-01-23,CONCONCRET.CL,320.000000,320.000000
2024-01-24,CONCONCRET.CL,320.000000,320.000000
2024-01-25,CONCONCRET.CL,320.000000,320.000000
2024-01-26,CONCONCRET.CL,320.000000,320.000000
2024-01-29,CONCONCRET.CL,315.000000,315.000000
2024-01-30,CONCONCRET.CL,315.000000,315.000000
2024-01-31,CONCONCRET.CL,315.000000,315.000000
2024-02-01,CONCONCRET.CL,309.000000,309.000000
2024-02-02,CONCONCRET.CL,308.000000,308.000000
2024-02-05,CONCONCRET.CL,301.000000,301.000000
2024-02-06,CONCONCRET.CL,312.000000,312.000000
2024-02-07,CONCONCRET.CL,307.000000,307.000000
2024-02-08,CONCONCRET.CL,312.000000,312.000000
2024-02-09,CONCONCRET.CL,313.000000,313.000000
2024-02-12,CONCONCRET.CL,314.000000,314.000000
2024-02-13,CONCONCRET.CL,308.000000,308.000000
2024-02-14,CONCONCRET.CL,308.000000,308.000000
2024-02-15,CONCONCRET.CL,308.000000,308.000000
2024-02-16,CONCONCRET.CL,290.000000,290.000000
2024-02-19,CONCONCRET.CL,295.000000,295.000000
2024-02-20,CONCONCRET.CL,299.000000,299.000000
2024-02-21,CONCONCRET.CL,307.000000,307.000000
2024-02-22,CONCONCRET.CL,307.000000,307.000000
2024-02-23,CONCONCRET.CL,298.000000,298.000000
2024-02-26,CONCONCRET.CL,300.000000,300.000000
2024-02-27,CONCONCRET.CL,304.000000,304.000000
2024-02-28,CONCONCRET.CL,306.000000,306.000000
2024-02-29,CONCONCRET.CL,306.000000,306.000000
2024-03-01,CONCONCRET.CL,298.000000,298.000000
2024-03-04,CONCONCRET.CL,294.000000,294.000000
2024-03-05,CONCONCRET.CL,291.000000,291.000000
2024-03-06,CONCONCRET.CL,297.000000,297.000000
2024-03-07,CONCONCRET.CL,295.000000,295.000000
2024-03-08,CONCONCRET.CL,295.000000,295.000000
2024-03-11,CONCONCRET.CL,286.000000,286.000000
2024-03-12,CONCONCRET.CL,286.000000,286.000000
2024-03-13,CONCONCRET.CL,286.000000,286.000000
2024-03-14,CONCONCRET.CL,286.000000,286.000000
2024-03-15,CONCONCRET.CL,270.000000,270.000000
2024-03-18,CONCONCRET.CL,286.000000,286.000000
2024-03-19,CONCONCRET.CL,282.000000,282.000000
2024-03-20,CONCONCRET.CL,282.000000,282.000000
2024-03-21,CONCONCRET.CL,280.000000,280.000000
2024-03-22,CONCONCRET.CL,280.000000,280.000000
2024-03-26,CONCONCRET.CL,280.000000,280.000000
2024-03-27,CONCONCRET.CL,280.000000,280.000000
2024-03-28,CONCONCRET.CL,280.000000,280.000000
2024-03-29,CONCONCRET.CL,280.000000,280.000000
2024-04-01,CONCONCRET.CL,278.000000,278.000000
2024-04-02,CONCONCRET.CL,277.000000,277.000000
2024-04-03,CONCONCRET.CL,280.000000,280.000000
2024-04-04,CONCONCRET.CL,284.000000,284.000000
2024-04-05,CONCONCRET.CL,283.000000,283.000000
2024-04-08,CONCONCRET.CL,287.000000,287.000000
2024-04-09,CONCONCRET.CL,285.000000,285.000000
2024-04-10,CONCONCRET.CL,289.000000,289.000000
2024-04-11,CONCONCRET.CL,308.000000,308.000000
2024-04-12,CONCONCRET.CL,311.000000,311.000000
2024-04-15,CONCONCRET.CL,305.000000,305.000000
2024-04-16,CONCONCRET.CL,304.000000,304.000000
2024-04-17,CONCONCRET.CL,304.000000,304.000000
2024-04-18,CONCONCRET.CL,296.000000,296.000000
2024-04-19,CONCONCRET.CL,296.000000,296.000000
2024-04-22,CONCONCRET.CL,301.000000,301.000000
2024-04-23,CONCONCRET.CL,305.000000,305.000000
2024-04-24,CONCONCRET.CL,294.000000,294.000000
2024-04-25,CONCONCRET.CL,303.000000,303.000000
2024-04-26,CONCONCRET.CL,306.000000,306.000000
2024-04-29,CONCONCRET.CL,303.000000,303.000000
2024-04-30,CONCONCRET.CL,300.000000,300.000000
2024-05-02,CONCONCRET.CL,300.000000,300.000000
2024-05-03,CONCONCRET.CL,294.000000,294.000000
2024-05-06,CONCONCRET.CL,304.000000,304.000000
2024-05-07,CONCONCRET.CL,302.000000,302.000000
2024-05-08,CONCONCRET.CL,295.000000,295.000000
2024-05-09,CONCONCRET.CL,295.000000,295.000000
2024-05-10,CONCONCRET.CL,296.000000,296.000000
2024-05-14,CONCONCRET.CL,300.000000,300.000000
2024-05-15,CONCONCRET.CL,297.000000,297.000000
2024-05-16,CONCONCRET.CL,297.000000,297.000000
2024-05-17,CONCONCRET.CL,300.000000,300.000000
2024-05-20,CONCONCRET.CL,327.000000,327.000000
2024-05-21,CONCONCRET.CL,334.000000,334.000000
2024-05-22,CONCONCRET.CL,319.000000,319.000000
2024-05-23,CONCONCRET.CL,319.000000,319.000000
2024-05-24,CONCONCRET.CL,328.000000,328.000000
2024-05-27,CONCONCRET.CL,334.000000,334.000000
2024-05-28,CONCONCRET.CL,326.000000,326.000000
2024-05-29,CONCONCRET.CL,322.000000,322.000000
2024-05-30,CONCONCRET.CL,318.000000,318.000000
2024-05-31,CONCONCRET.CL,318.000000,318.000000
2023-05-01,CORFICOLCF.CL,11915.665039,13290.000000
2023-05-02,CORFICOLCF.CL,11754.279297,13110.000000
2023-05-03,CORFICOLCF.CL,11745.312500,13100.000000
2023-05-04,CORFICOLCF.CL,11727.381836,13080.000000
2023-05-05,CORFICOLCF.CL,11915.665039,13290.000000
2023-05-08,CORFICOLCF.CL,11565.995117,12900.000000
2023-05-09,CORFICOLCF.CL,11682.551758,13030.000000
2023-05-10,CORFICOLCF.CL,12068.084961,13460.000000
2023-05-11,CORFICOLCF.CL,12068.084961,13460.000000
2023-05-12,CORFICOLCF.CL,11852.904297,13220.000000
2023-05-15,CORFICOLCF.CL,12005.323242,13390.000000
2023-05-16,CORFICOLCF.CL,11915.665039,13290.000000
2023-05-17,CORFICOLCF.CL,12077.050781,13470.000000
2023-05-18,CORFICOLCF.CL,12059.119141,13450.000000
2023-05-19,CORFICOLCF.CL,11655.653320,13000.000000
2023-05-22,CORFICOLCF.CL,11655.653320,13000.000000
2023-05-23,CORFICOLCF.CL,12014.289062,13400.000000
2023-05-24,CORFICOLCF.CL,12157.743164,13560.000000
2023-05-25,CORFICOLCF.CL,12121.880859,13520.000000
2023-05-26,CORFICOLCF.CL,12148.778320,13550.000000
2023-05-29,CORFICOLCF.CL,12283.266602,13700.000000
2023-05-30,CORFICOLCF.CL,12761.834961,13760.000000
2023-05-31,CORFICOLCF.CL,13355.408203,14400.000000
2023-06-01,CORFICOLCF.CL,13355.408203,14400.000000
2023-06-02,CORFICOLCF.CL,13438.879883,14490.000000
2023-06-05,CORFICOLCF.CL,13615.097656,14680.000000
2023-06-06,CORFICOLCF.CL,14245.769531,15360.000000
2023-06-07,CORFICOLCF.CL,14180.847656,15290.000000
2023-06-08,CORFICOLCF.CL,14013.904297,15110.000000
2023-06-13,CORFICOLCF.CL,14282.867188,15400.000000
2023-06-14,CORFICOLCF.CL,14375.613281,15500.000000
2023-06-15,CORFICOLCF.CL,14366.338867,15490.000000
2023-06-16,CORFICOLCF.CL,13911.883789,15000.000000
2023-06-19,CORFICOLCF.CL,13911.883789,15000.000000
2023-06-20,CORFICOLCF.CL,13893.334961,14980.000000
2023-06-21,CORFICOLCF.CL,13401.782227,14450.000000
2023-06-22,CORFICOLCF.CL,13355.408203,14400.000000
2023-06-23,CORFICOLCF.CL,13355.408203,14400.000000
2023-06-26,CORFICOLCF.CL,13169.916992,14200.000000
2023-06-27,CORFICOLCF.CL,13661.469727,14730.000000
2023-06-28,CORFICOLCF.CL,13633.646484,14700.000000
2023-06-29,CORFICOLCF.CL,13633.646484,14700.000000
2023-06-30,CORFICOLCF.CL,13772.765625,14850.000000
2023-07-03,CORFICOLCF.CL,13772.765625,14850.000000
2023-07-04,CORFICOLCF.CL,13911.883789,15000.000000
2023-07-05,CORFICOLCF.CL,13735.666016,14810.000000
2023-07-06,CORFICOLCF.CL,13800.589844,14880.000000
2023-07-07,CORFICOLCF.CL,13911.883789,15000.000000
2023-07-10,CORFICOLCF.CL,13893.334961,14980.000000
2023-07-11,CORFICOLCF.CL,14468.359375,15600.000000
2023-07-12,CORFICOLCF.CL,14690.949219,15840.000000
2023-07-13,CORFICOLCF.CL,14616.752930,15760.000000
2023-07-14,CORFICOLCF.CL,14347.790039,15470.000000
2023-07-17,CORFICOLCF.CL,14013.904297,15110.000000
2023-07-18,CORFICOLCF.CL,14190.122070,15300.000000
2023-07-19,CORFICOLCF.CL,14551.831055,15690.000000
2023-07-20,CORFICOLCF.CL,14551.831055,15690.000000
2023-07-21,CORFICOLCF.CL,14644.577148,15790.000000
2023-07-24,CORFICOLCF.CL,14459.084961,15590.000000
2023-07-25,CORFICOLCF.CL,14375.613281,15500.000000
2023-07-26,CORFICOLCF.CL,14375.613281,15500.000000
2023-07-27,CORFICOLCF.CL,14375.613281,15500.000000
2023-07-28,CORFICOLCF.CL,14366.338867,15490.000000
2023-07-31,CORFICOLCF.CL,14366.338867,15490.000000
2023-08-01,CORFICOLCF.CL,14421.987305,15550.000000
2023-08-02,CORFICOLCF.CL,14556.079102,15694.580078
2023-08-03,CORFICOLCF.CL,14375.613281,15500.000000
2023-08-04,CORFICOLCF.CL,14375.613281,15500.000000
2023-08-07,CORFICOLCF.CL,14375.613281,15500.000000
2023-08-08,CORFICOLCF.CL,14052.059570,15151.139648
2023-08-09,CORFICOLCF.CL,14384.887695,15510.000000
2023-08-10,CORFICOLCF.CL,14375.613281,15500.000000
2023-08-11,CORFICOLCF.CL,14412.711914,15540.000000
2023-08-14,CORFICOLCF.CL,14412.711914,15540.000000
2023-08-15,CORFICOLCF.CL,13355.408203,14400.000000
2023-08-16,CORFICOLCF.CL,12993.699219,14010.000000
2023-08-17,CORFICOLCF.CL,13429.605469,14480.000000
2023-08-18,CORFICOLCF.CL,13540.900391,14600.000000
2023-08-21,CORFICOLCF.CL,13540.900391,14600.000000
2023-08-22,CORFICOLCF.CL,13253.388672,14290.000000
2023-08-23,CORFICOLCF.CL,12520.695312,13500.000000
2023-08-24,CORFICOLCF.CL,12149.711914,13100.000000
2023-08-25,CORFICOLCF.CL,11695.257812,12610.000000
2023-08-28,CORFICOLCF.CL,11778.728516,12700.000000
2023-08-29,CORFICOLCF.CL,12448.280273,12940.000000
2023-08-30,CORFICOLCF.CL,12188.540039,12670.000000
2023-08-31,CORFICOLCF.CL,11303.500000,11750.000000
2023-09-01,CORFICOLCF.CL,11303.500000,11750.000000
2023-09-04,CORFICOLCF.CL,11255.400391,11700.000000
2023-09-05,CORFICOLCF.CL,11063.000000,11500.000000
2023-09-06,CORFICOLCF.CL,11024.520508,11460.000000
2023-09-07,CORFICOLCF.CL,10918.700195,11350.000000
2023-09-08,CORFICOLCF.CL,10707.060547,11130.000000
2023-09-11,CORFICOLCF.CL,11236.160156,11680.000000
2023-09-12,CORFICOLCF.CL,11822.980469,12290.000000
2023-09-13,CORFICOLCF.CL,12101.959961,12580.000000
2023-09-14,CORFICOLCF.CL,12698.400391,13200.000000
2023-09-15,CORFICOLCF.CL,13083.200195,13600.000000
2023-09-18,CORFICOLCF.CL,12890.799805,13400.000000
2023-09-19,CORFICOLCF.CL,12265.500000,12750.000000
2023-09-20,CORFICOLCF.CL,12621.440430,13120.000000
2023-09-21,CORFICOLCF.CL,12563.719727,13060.000000
2023-09-22,CORFICOLCF.CL,12173.658203,12654.530273
2023-09-25,CORFICOLCF.CL,12246.259766,12730.000000
2023-09-26,CORFICOLCF.CL,12005.759766,12480.000000
2023-09-27,CORFICOLCF.CL,12602.200195,13100.000000
2023-09-28,CORFICOLCF.CL,12987.000000,13500.000000
2023-09-29,CORFICOLCF.CL,13227.500000,13750.000000
2023-10-02,CORFICOLCF.CL,12621.440430,13120.000000
2023-10-03,CORFICOLCF.CL,12659.919922,13160.000000
2023-10-04,CORFICOLCF.CL,12659.919922,13160.000000
2023-10-05,CORFICOLCF.CL,12659.919922,13160.000000
2023-10-06,CORFICOLCF.CL,12890.799805,13400.000000
2023-10-09,CORFICOLCF.CL,12890.799805,13400.000000
2023-10-10,CORFICOLCF.CL,12557.958008,13054.009766
2023-10-11,CORFICOLCF.CL,12890.799805,13400.000000
2023-10-12,CORFICOLCF.CL,13227.500000,13750.000000
2023-10-13,CORFICOLCF.CL,12938.900391,13450.000000
2023-10-16,CORFICOLCF.CL,12938.900391,13450.000000
2023-10-17,CORFICOLCF.CL,12506.000000,13000.000000
2023-10-18,CORFICOLCF.CL,12515.620117,13010.000000
2023-10-19,CORFICOLCF.CL,12506.000000,13000.000000
2023-10-20,CORFICOLCF.CL,12506.000000,13000.000000
2023-10-23,CORFICOLCF.CL,12506.000000,13000.000000
2023-10-24,CORFICOLCF.CL,12506.000000,13000.000000
2023-10-25,CORFICOLCF.CL,12467.433594,12959.910156
2023-10-26,CORFICOLCF.CL,12140.440430,12620.000000
2023-10-27,CORFICOLCF.CL,12506.000000,13000.000000
2023-10-30,CORFICOLCF.CL,12486.759766,12980.000000
2023-10-31,CORFICOLCF.CL,12140.440430,12620.000000
2023-11-01,CORFICOLCF.CL,12073.100586,12550.000000
2023-11-02,CORFICOLCF.CL,11909.560547,12380.000000
2023-11-03,CORFICOLCF.CL,12506.000000,13000.000000
2023-11-06,CORFICOLCF.CL,12506.000000,13000.000000
2023-11-07,CORFICOLCF.CL,12130.820312,12610.000000
2023-11-08,CORFICOLCF.CL,12217.400391,12700.000000
2023-11-09,CORFICOLCF.CL,12313.600586,12800.000000
2023-11-10,CORFICOLCF.CL,12044.240234,12520.000000
2023-11-13,CORFICOLCF.CL,12044.240234,12520.000000
2023-11-14,CORFICOLCF.CL,12275.120117,12760.000000
2023-11-15,CORFICOLCF.CL,12063.480469,12540.000000
2023-11-16,CORFICOLCF.CL,12082.719727,12560.000000
2023-11-17,CORFICOLCF.CL,12217.400391,12700.000000
2023-11-20,CORFICOLCF.CL,11928.799805,12400.000000
2023-11-21,CORFICOLCF.CL,11948.040039,12420.000000
2023-11-22,CORFICOLCF.CL,11640.200195,12100.000000
2023-11-23,CORFICOLCF.CL,11640.200195,12100.000000
2023-11-24,CORFICOLCF.CL,11582.480469,12040.000000
2023-11-27,CORFICOLCF.CL,11544.000000,12000.000000
2023-11-28,CORFICOLCF.CL,11920.000000,11920.000000
2023-11-29,CORFICOLCF.CL,11800.000000,11800.000000
2023-11-30,CORFICOLCF.CL,11940.000000,11940.000000
2023-12-01,CORFICOLCF.CL,11940.000000,11940.000000
2023-12-04,CORFICOLCF.CL,11400.000000,11400.000000
2023-12-05,CORFICOLCF.CL,11420.000000,11420.000000
2023-12-06,CORFICOLCF.CL,11300.000000,11300.000000
2023-12-07,CORFICOLCF.CL,11700.000000,11700.000000
2023-12-08,CORFICOLCF.CL,11700.000000,11700.000000
2023-12-11,CORFICOLCF.CL,11500.000000,11500.000000
2023-12-12,CORFICOLCF.CL,11320.000000,11320.000000
2023-12-13,CORFICOLCF.CL,11320.000000,11320.000000
2023-12-14,CORFICOLCF.CL,11600.000000,11600.000000
2023-12-15,CORFICOLCF.CL,11980.000000,11980.000000
2023-12-18,CORFICOLCF.CL,11980.000000,11980.000000
2023-12-19,CORFICOLCF.CL,11900.000000,11900.000000
2023-12-20,CORFICOLCF.CL,12820.000000,12820.000000
2023-12-21,CORFICOLCF.CL,12500.000000,12500.000000
2023-12-22,CORFICOLCF.CL,12300.000000,12300.000000
2023-12-25,CORFICOLCF.CL,12300.000000,12300.000000
2023-12-26,CORFICOLCF.CL,12480.000000,12480.000000
2023-12-27,CORFICOLCF.CL,12980.000000,12980.000000
2023-12-28,CORFICOLCF.CL,13500.000000,13500.000000
2023-12-29,CORFICOLCF.CL,13500.000000,13500.000000
2024-01-01,CORFICOLCF.CL,13500.000000,13500.000000
2024-01-02,CORFICOLCF.CL,13840.000000,13840.000000
2024-01-03,CORFICOLCF.CL,13700.000000,13700.000000
2024-01-04,CORFICOLCF.CL,14480.000000,14480.000000
2024-01-05,CORFICOLCF.CL,15080.000000,15080.000000
2024-01-08,CORFICOLCF.CL,15080.000000,15080.000000
2024-01-09,CORFICOLCF.CL,16080.000000,16080.000000
2024-01-10,CORFICOLCF.CL,16640.000000,16640.000000
2024-01-11,CORFICOLCF.CL,16480.000000,16480.000000
2024-01-12,CORFICOLCF.CL,16920.000000,16920.000000
2024-01-15,CORFICOLCF.CL,16940.000000,16940.000000
2024-01-16,CORFICOLCF.CL,17000.000000,17000.000000
2024-01-17,CORFICOLCF.CL,16140.000000,16140.000000
2024-01-18,CORFICOLCF.CL,15840.000000,15840.000000
2024-01-19,CORFICOLCF.CL,16100.000000,16100.000000
2024-01-22,CORFICOLCF.CL,16100.000000,16100.000000
2024-01-23,CORFICOLCF.CL,16120.000000,16120.000000
2024-01-24,CORFICOLCF.CL,16120.000000,16120.000000
2024-01-25,CORFICOLCF.CL,16120.000000,16120.000000
2024-01-26,CORFICOLCF.CL,16120.000000,16120.000000
2024-01-29,CORFICOLCF.CL,16480.000000,16480.000000
2024-01-30,CORFICOLCF.CL,16500.000000,16500.000000
2024-01-31,CORFICOLCF.CL,16500.000000,16500.000000
2024-02-01,CORFICOLCF.CL,16300.000000,16300.000000
2024-02-02,CORFICOLCF.CL,16300.000000,16300.000000
2024-02-05,CORFICOLCF.CL,16300.000000,16300.000000
2024-02-06,CORFICOLCF.CL,16200.000000,16200.000000
2024-02-07,CORFICOLCF.CL,16200.000000,16200.000000
2024-02-08,CORFICOLCF.CL,16000.000000,16000.000000
2024-02-09,CORFICOLCF.CL,15340.000000,15340.000000
2024-02-12,CORFICOLCF.CL,15200.000000,15200.000000
2024-02-13,CORFICOLCF.CL,15420.000000,15420.000000
2024-02-14,CORFICOLCF.CL,14840.000000,14840.000000
2024-02-15,CORFICOLCF.CL,14820.000000,14820.000000
2024-02-16,CORFICOLCF.CL,15000.000000,15000.000000
2024-02-19,CORFICOLCF.CL,14920.000000,14920.000000
2024-02-20,CORFICOLCF.CL,14780.000000,14780.000000
2024-02-21,CORFICOLCF.CL,14660.000000,14660.000000
2024-02-22,CORFICOLCF.CL,14160.000000,14160.000000
2024-02-23,CORFICOLCF.CL,14420.000000,14420.000000
2024-02-26,CORFICOLCF.CL,14500.000000,14500.000000
2024-02-27,CORFICOLCF.CL,14600.000000,14600.000000
2024-02-28,CORFICOLCF.CL,14540.000000,14540.000000
2024-02-29,CORFICOLCF.CL,14000.000000,14000.000000
2024-03-01,CORFICOLCF.CL,14300.000000,14300.000000
2024-03-04,CORFICOLCF.CL,14540.000000,14540.000000
2024-03-05,CORFICOLCF.CL,14460.000000,14460.000000
2024-03-06,CORFICOLCF.CL,14260.000000,14260.000000
2024-03-07,CORFICOLCF.CL,14200.000000,14200.000000
2024-03-08,CORFICOLCF.CL,13900.000000,13900.000000
2024-03-11,CORFICOLCF.CL,13860.000000,13860.000000
2024-03-12,CORFICOLCF.CL,13640.000000,13640.000000
2024-03-13,CORFICOLCF.CL,13480.000000,13480.000000
2024-03-14,CORFICOLCF.CL,13200.000000,13200.000000
2024-03-15,CORFICOLCF.CL,13040.000000,13040.000000
2024-03-18,CORFICOLCF.CL,13900.000000,13900.000000
2024-03-19,CORFICOLCF.CL,13800.000000,13800.000000
2024-03-20,CORFICOLCF.CL,13280.000000,13280.000000
2024-03-21,CORFICOLCF.CL,13480.000000,13480.000000
2024-03-22,CORFICOLCF.CL,13540.000000,13540.000000
2024-03-25,CORFICOLCF.CL,13540.000000,13540.000000
2024-03-26,CORFICOLCF.CL,13280.000000,13280.000000
2024-03-27,CORFICOLCF.CL,13300.000000,13300.000000
2024-03-28,CORFICOLCF.CL,13300.000000,13300.000000
2024-03-29,CORFICOLCF.CL,13300.000000,13300.000000
2024-04-01,CORFICOLCF.CL,13900.000000,13900.000000
2024-04-02,CORFICOLCF.CL,13660.000000,13660.000000
2024-04-03,CORFICOLCF.CL,13620.000000,13620.000000
2024-04-04,CORFICOLCF.CL,14300.000000,14300.000000
2024-04-05,CORFICOLCF.CL,14500.000000,14500.000000
2024-04-08,CORFICOLCF.CL,15400.000000,15400.000000
2024-04-09,CORFICOLCF.CL,16080.000000,16080.000000
2024-04-10,CORFICOLCF.CL,16100.000000,16100.000000
2024-04-11,CORFICOLCF.CL,15960.000000,15960.000000
2024-04-12,CORFICOLCF.CL,16060.000000,16060.000000
2024-04-15,CORFICOLCF.CL,15940.000000,15940.000000
2024-04-16,CORFICOLCF.CL,15320.000000,15320.000000
2024-04-17,CORFICOLCF.CL,14840.000000,14840.000000
2024-04-18,CORFICOLCF.CL,14700.000000,14700.000000
2024-04-19,CORFICOLCF.CL,15160.000000,15160.000000
2024-04-22,CORFICOLCF.CL,15000.000000,15000.000000
2024-04-23,CORFICOLCF.CL,15120.000000,15120.000000
2024-04-24,CORFICOLCF.CL,14700.000000,14700.000000
2024-04-25,CORFICOLCF.CL,14500.000000,14500.000000
2024-04-26,CORFICOLCF.CL,14900.000000,14900.000000
2024-04-29,CORFICOLCF.CL,15040.000000,15040.000000
2024-04-30,CORFICOLCF.CL,14800.000000,14800.000000
2024-05-02,CORFICOLCF.CL,14780.000000,14780.000000
2024-05-03,CORFICOLCF.CL,14540.000000,14540.000000
2024-05-06,CORFICOLCF.CL,14800.000000,14800.000000
2024-05-07,CORFICOLCF.CL,14800.000000,14800.000000
2024-05-08,CORFICOLCF.CL,14800.000000,14800.000000
2024-05-09,CORFICOLCF.CL,14800.000000,14800.000000
2024-05-10,CORFICOLCF.CL,14900.000000,14900.000000
2024-05-14,CORFICOLCF.CL,15000.000000,15000.000000
2024-05-15,CORFICOLCF.CL,15260.000000,15260.000000
2024-05-16,CORFICOLCF.CL,15500.000000,15500.000000
2024-05-17,CORFICOLCF.CL,15900.000000,15900.000000
2024-05-20,CORFICOLCF.CL,16200.000000,16200.000000
2024-05-21,CORFICOLCF.CL,15860.000000,15860.000000
2024-05-22,CORFICOLCF.CL,15760.000000,15760.000000
2024-05-23,CORFICOLCF.CL,15760.000000,15760.000000
2024-05-24,CORFICOLCF.CL,15320.000000,15320.000000
2024-05-27,CORFICOLCF.CL,15620.000000,15620.000000
2024-05-28,CORFICOLCF.CL,15960.000000,15960.000000
2024-05-29,CORFICOLCF.CL,15780.000000,15780.000000
2024-05-30,CORFICOLCF.CL,15400.000000,15400.000000
2024-05-31,CORFICOLCF.CL,15020.000000,15020.000000
2023-05-01,DIS,99.099060,102.209999
2023-05-02,DIS,97.538055,100.599998
2023-05-03,DIS,97.790146,100.860001
2023-05-04,DIS,94.483932,97.449997
2023-05-05,DIS,97.460487,100.519997
2023-05-08,DIS,99.835930,102.970001
2023-05-09,DIS,99.069962,102.180000
2023-05-10,DIS,98.061615,101.139999
2023-05-11,DIS,89.500381,92.309998
2023-05-12,DIS,89.190109,91.989998
2023-05-15,DIS,90.033646,92.860001
2023-05-16,DIS,88.210861,90.980003
2023-05-17,DIS,89.946373,92.769997
2023-05-18,DIS,90.906250,93.760002
2023-05-19,DIS,88.569588,91.349998
2023-05-22,DIS,89.025299,91.820000
2023-05-23,DIS,87.086159,89.820000
2023-05-24,DIS,86.358994,89.070000
2023-05-25,DIS,85.457306,88.139999
2023-05-26,DIS,85.602730,88.290001
2023-05-30,DIS,85.147034,87.820000
2023-05-31,DIS,85.282784,87.959999
2023-06-01,DIS,85.893600,88.589996
2023-06-02,DIS,88.007248,90.769997
2023-06-05,DIS,88.230247,91.000000
2023-06-06,DIS,89.354942,92.160004
2023-06-07,DIS,89.703979,92.519997
2023-06-08,DIS,89.713669,92.529999
2023-06-09,DIS,89.131943,91.930000
2023-06-12,DIS,90.305115,93.139999
2023-06-13,DIS,90.993507,93.849998
2023-06-14,DIS,89.636108,92.449997
2023-06-15,DIS,90.111206,92.940002
2023-06-16,DIS,88.540520,91.320000
2023-06-20,DIS,87.018295,89.750000
2023-06-21,DIS,85.942085,88.639999
2023-06-22,DIS,85.796646,88.489998
2023-06-23,DIS,85.418510,88.099998
2023-06-26,DIS,86.000252,88.699997
2023-06-27,DIS,86.349297,89.059998
2023-06-28,DIS,86.126305,88.830002
2023-06-29,DIS,86.242638,88.949997
2023-06-30,DIS,86.562599,89.279999
2023-07-03,DIS,87.745468,90.500000
2023-07-05,DIS,87.057076,89.790001
2023-07-06,DIS,86.039024,88.739998
2023-07-07,DIS,85.942085,88.639999
2023-07-10,DIS,85.418510,88.099998
2023-07-11,DIS,86.766205,89.489998
2023-07-12,DIS,87.406136,90.150002
2023-07-13,DIS,87.716377,90.470001
2023-07-14,DIS,85.922691,88.620003
2023-07-17,DIS,82.955826,85.559998
2023-07-18,DIS,83.333954,85.949997
2023-07-19,DIS,84.390778,87.040001
2023-07-20,DIS,83.586029,86.209999
2023-07-21,DIS,84.526512,87.180000
2023-07-24,DIS,83.964180,86.599998
2023-07-25,DIS,83.023689,85.629997
2023-07-26,DIS,83.246689,85.860001
2023-07-27,DIS,82.761917,85.360001
2023-07-28,DIS,83.508476,86.129997
2023-07-31,DIS,86.184479,88.889999
2023-08-01,DIS,86.320221,89.029999
2023-08-02,DIS,83.673302,86.300003
2023-08-03,DIS,82.887962,85.489998
2023-08-04,DIS,83.673302,86.300003
2023-08-07,DIS,84.187164,86.830002
2023-08-08,DIS,85.447609,88.129997
2023-08-09,DIS,84.827087,87.489998
2023-08-10,DIS,88.967117,91.760002
2023-08-11,DIS,86.310516,89.019997
2023-08-14,DIS,86.106903,88.809998
2023-08-15,DIS,84.410164,87.059998
2023-08-16,DIS,83.721779,86.349998
2023-08-17,DIS,83.304863,85.919998
2023-08-18,DIS,83.343658,85.959999
2023-08-21,DIS,83.266083,85.879997
2023-08-22,DIS,83.178825,85.790001
2023-08-23,DIS,83.217606,85.830002
2023-08-24,DIS,79.959885,82.470001
2023-08-25,DIS,80.822792,83.360001
2023-08-28,DIS,81.598434,84.160004
2023-08-29,DIS,81.831131,84.400002
2023-08-30,DIS,81.714783,84.279999
2023-08-31,DIS,81.133049,83.680000
2023-09-01,DIS,79.155136,81.639999
2023-09-05,DIS,78.718849,81.190002
2023-09-06,DIS,78.515221,80.980003
2023-09-07,DIS,78.117706,80.570000
2023-09-08,DIS,79.096962,81.580002
2023-09-11,DIS,80.008347,82.519997
2023-09-12,DIS,81.133049,83.680000
2023-09-13,DIS,80.939148,83.480003
2023-09-14,DIS,81.908707,84.480003
2023-09-15,DIS,82.975227,85.580002
2023-09-18,DIS,82.432259,85.019997
2023-09-19,DIS,79.446014,81.940002
2023-09-20,DIS,80.047134,82.559998
2023-09-21,DIS,80.211960,82.730003
2023-09-22,DIS,78.777008,81.250000
2023-09-25,DIS,78.544319,81.010002
2023-09-26,DIS,77.613541,80.050003
2023-09-27,DIS,77.468109,79.900002
2023-09-28,DIS,77.691101,80.129997
2023-09-29,DIS,78.583099,81.050003
2023-10-02,DIS,79.184227,81.669998
2023-10-03,DIS,77.119057,79.540001
2023-10-04,DIS,76.905754,79.320000
2023-10-05,DIS,78.350403,80.809998
2023-10-06,DIS,80.415581,82.940002
2023-10-09,DIS,82.122002,84.699997
2023-10-10,DIS,82.403175,84.989998
2023-10-11,DIS,82.267433,84.849998
2023-10-12,DIS,81.782661,84.349998
2023-10-13,DIS,81.782661,84.349998
2023-10-16,DIS,83.101257,85.709999
2023-10-17,DIS,83.576340,86.199997
2023-10-18,DIS,82.102600,84.680000
2023-10-19,DIS,80.716133,83.250000
2023-10-20,DIS,80.134392,82.650002
2023-10-23,DIS,80.570694,83.099998
2023-10-24,DIS,80.047134,82.559998
2023-10-25,DIS,78.137093,80.589996
2023-10-26,DIS,77.351753,79.779999
2023-10-27,DIS,76.915451,79.330002
2023-10-30,DIS,78.224358,80.680000
2023-10-31,DIS,79.106659,81.589996
2023-11-01,DIS,78.602486,81.070000
2023-11-02,DIS,80.754913,83.290001
2023-11-03,DIS,82.480743,85.070000
2023-11-06,DIS,81.462692,84.019997
2023-11-07,DIS,82.015343,84.589996
2023-11-08,DIS,81.928093,84.500000
2023-11-09,DIS,87.590324,90.339996
2023-11-10,DIS,85.583336,88.269997
2023-11-13,DIS,86.717735,89.440002
2023-11-14,DIS,88.298119,91.070000
2023-11-15,DIS,91.071060,93.930000
2023-11-16,DIS,91.633408,94.510002
2023-11-17,DIS,91.284378,94.150002
2023-11-20,DIS,92.137589,95.029999
2023-11-21,DIS,91.575233,94.449997
2023-11-22,DIS,92.176369,95.070000
2023-11-24,DIS,93.136230,96.059998
2023-11-27,DIS,92.273315,95.169998
2023-11-28,DIS,89.684601,92.500000
2023-11-29,DIS,89.684601,92.500000
2023-11-30,DIS,89.868820,92.690002
2023-12-01,DIS,89.762161,92.580002
2023-12-04,DIS,89.209503,92.010002
2023-12-05,DIS,88.026649,90.790001
2023-12-06,DIS,88.715034,91.500000
2023-12-07,DIS,89.539162,92.349998
2023-12-08,DIS,90.288170,92.820000
2023-12-11,DIS,89.685074,92.199997
2023-12-12,DIS,88.585884,91.070000
2023-12-13,DIS,90.297890,92.830002
2023-12-14,DIS,91.377602,93.940002
2023-12-15,DIS,90.910698,93.459999
2023-12-18,DIS,90.327072,92.860001
2023-12-19,DIS,91.367874,93.930000
2023-12-20,DIS,88.780434,91.269997
2023-12-21,DIS,89.509972,92.019997
2023-12-22,DIS,88.537247,91.019997
2023-12-26,DIS,88.469162,90.949997
2023-12-27,DIS,87.914703,90.379997
2023-12-28,DIS,87.934166,90.400002
2023-12-29,DIS,87.827164,90.290001
2024-01-02,DIS,88.235718,90.709999
2024-01-03,DIS,89.150070,91.650002
2024-01-04,DIS,88.089806,90.559998
2024-01-05,DIS,88.420525,90.900002
2024-01-08,DIS,89.052803,91.550003
2024-01-09,DIS,87.224083,89.669998
2024-01-10,DIS,86.854446,89.290001
2024-01-11,DIS,87.010078,89.449997
2024-01-12,DIS,87.885529,90.349998
2024-01-16,DIS,90.511879,93.050003
2024-01-17,DIS,87.875793,90.339996
2024-01-18,DIS,89.694794,92.209999
2024-01-19,DIS,90.521606,93.059998
2024-01-22,DIS,92.486504,95.080002
2024-01-23,DIS,91.212242,93.769997
2024-01-24,DIS,90.949600,93.500000
2024-01-25,DIS,92.272514,94.860001
2024-01-26,DIS,92.758881,95.360001
2024-01-29,DIS,94.830765,97.489998
2024-01-30,DIS,94.295776,96.940002
2024-01-31,DIS,93.430054,96.050003
2024-02-01,DIS,94.412498,97.059998
2024-02-02,DIS,94.480591,97.129997
2024-02-05,DIS,94.013687,96.650002
2024-02-06,DIS,96.581680,99.290001
2024-02-07,DIS,96.435760,99.139999
2024-02-08,DIS,107.524811,110.540001
2024-02-09,DIS,105.433456,108.389999
2024-02-12,DIS,106.308899,109.290001
2024-02-13,DIS,107.446999,110.459999
2024-02-14,DIS,108.516991,111.559998
2024-02-15,DIS,109.382706,112.449997
2024-02-16,DIS,108.555908,111.599998
2024-02-20,DIS,106.454819,109.440002
2024-02-21,DIS,104.733093,107.669998
2024-02-22,DIS,104.703911,107.639999
2024-02-23,DIS,104.801186,107.739998
2024-02-26,DIS,104.742828,107.680000
2024-02-27,DIS,106.435356,109.419998
2024-02-28,DIS,107.777725,110.800003
2024-02-29,DIS,108.536446,111.580002
2024-03-01,DIS,108.896347,111.949997
2024-03-04,DIS,110.588898,113.690002
2024-03-05,DIS,109.791260,112.870003
2024-03-06,DIS,107.057892,110.059998
2024-03-07,DIS,107.174622,110.180000
2024-03-08,DIS,107.310814,110.320000
2024-03-11,DIS,109.246521,112.309998
2024-03-12,DIS,109.392433,112.459999
2024-03-13,DIS,109.431351,112.500000
2024-03-14,DIS,109.003349,112.059998
2024-03-15,DIS,108.896347,111.949997
2024-03-18,DIS,110.744522,113.849998
2024-03-19,DIS,111.386528,114.510002
2024-03-20,DIS,113.283333,116.459999
2024-03-21,DIS,113.516785,116.699997
2024-03-22,DIS,112.709427,115.870003
2024-03-25,DIS,116.104233,119.360001
2024-03-26,DIS,116.658684,119.930000
2024-03-27,DIS,117.680038,120.980003
2024-03-28,DIS,119.022400,122.360001
2024-04-01,DIS,118.215034,121.529999
2024-04-02,DIS,119.469849,122.820000
2024-04-03,DIS,115.734589,118.980003
2024-04-04,DIS,113.896149,117.089996
2024-04-05,DIS,115.150955,118.379997
2024-04-08,DIS,114.149040,117.349998
2024-04-09,DIS,114.752144,117.970001
2024-04-10,DIS,113.993423,117.190002
2024-04-11,DIS,113.954514,117.150002
2024-04-12,DIS,110.900169,114.010002
2024-04-15,DIS,109.869072,112.949997
2024-04-16,DIS,110.773705,113.879997
2024-04-17,DIS,109.859344,112.940002
2024-04-18,DIS,109.363266,112.430000
2024-04-19,DIS,109.538353,112.610001
2024-04-22,DIS,108.935257,111.989998
2024-04-23,DIS,110.608330,113.709999
2024-04-24,DIS,110.812614,113.919998
2024-04-25,DIS,109.693970,112.769997
2024-04-26,DIS,109.655075,112.730003
2024-04-29,DIS,109.022804,112.080002
2024-04-30,DIS,108.069534,111.099998
2024-05-01,DIS,107.466454,110.480003
2024-05-02,DIS,109.548088,112.620003
2024-05-03,DIS,110.559715,113.660004
2024-05-06,DIS,113.293060,116.470001
2024-05-07,DIS,102.515282,105.389999
2024-05-08,DIS,102.563919,105.440002
2024-05-09,DIS,102.914116,105.800003
2024-05-10,DIS,102.904373,105.790001
2024-05-13,DIS,102.943283,105.830002
2024-05-14,DIS,102.476379,105.349998
2024-05-15,DIS,99.966743,102.769997
2024-05-16,DIS,100.550392,103.370003
2024-05-17,DIS,100.433662,103.250000
2024-05-20,DIS,100.093201,102.900002
2024-05-21,DIS,100.200211,103.010002
2024-05-22,DIS,100.209930,103.019997
2024-05-23,DIS,97.914314,100.660004
2024-05-24,DIS,98.984299,101.760002
2024-05-28,DIS,99.645752,102.440002
2024-05-29,DIS,98.128304,100.879997
2024-05-30,DIS,98.925949,101.699997
2024-05-31,DIS,101.075653,103.910004
2023-05-01,ECOPETROL.CL,1439.789429,2288.000000
2023-05-02,ECOPETROL.CL,1304.494629,2073.000000
2023-05-03,ECOPETROL.CL,1286.874878,2045.000000
2023-05-04,ECOPETROL.CL,1252.264404,1990.000000
2023-05-05,ECOPETROL.CL,1309.528809,2081.000000
2023-05-08,ECOPETROL.CL,1296.313965,2060.000000
2023-05-09,ECOPETROL.CL,1313.304443,2087.000000
2023-05-10,ECOPETROL.CL,1308.270264,2079.000000
2023-05-11,ECOPETROL.CL,1315.192139,2090.000000
2023-05-12,ECOPETROL.CL,1337.217041,2125.000000
2023-05-15,ECOPETROL.CL,1314.562988,2089.000000
2023-05-16,ECOPETROL.CL,1298.831055,2064.000000
2023-05-17,ECOPETROL.CL,1324.002319,2104.000000
2023-05-18,ECOPETROL.CL,1329.665527,2113.000000
2023-05-19,ECOPETROL.CL,1343.509888,2135.000000
2023-05-22,ECOPETROL.CL,1343.509888,2135.000000
2023-05-23,ECOPETROL.CL,1334.699951,2121.000000
2023-05-24,ECOPETROL.CL,1330.924316,2115.000000
2023-05-25,ECOPETROL.CL,1312.675293,2086.000000
2023-05-26,ECOPETROL.CL,1299.460205,2065.000000
2023-05-29,ECOPETROL.CL,1296.313965,2060.000000
2023-05-30,ECOPETROL.CL,1268.625732,2016.000000
2023-05-31,ECOPETROL.CL,1281.211304,2036.000000
2023-06-01,ECOPETROL.CL,1298.831055,2064.000000
2023-06-02,ECOPETROL.CL,1331.553467,2116.000000
2023-06-05,ECOPETROL.CL,1315.192139,2090.000000
2023-06-06,ECOPETROL.CL,1348.543945,2143.000000
2023-06-07,ECOPETROL.CL,1365.534668,2170.000000
2023-06-08,ECOPETROL.CL,1366.163940,2171.000000
2023-06-13,ECOPETROL.CL,1342.880493,2134.000000
2023-06-14,ECOPETROL.CL,1348.543945,2143.000000
2023-06-15,ECOPETROL.CL,1354.836792,2153.000000
2023-06-16,ECOPETROL.CL,1384.412964,2200.000000
2023-06-19,ECOPETROL.CL,1384.412964,2200.000000
2023-06-20,ECOPETROL.CL,1342.880493,2134.000000
2023-06-21,ECOPETROL.CL,1374.973755,2185.000000
2023-06-22,ECOPETROL.CL,1351.690552,2148.000000
2023-06-23,ECOPETROL.CL,1346.656250,2140.000000
2023-06-26,ECOPETROL.CL,1374.973755,2185.000000
2023-06-27,ECOPETROL.CL,1346.656250,2140.000000
2023-06-28,ECOPETROL.CL,1352.949097,2150.000000
2023-06-29,ECOPETROL.CL,1354.836792,2153.000000
2023-06-30,ECOPETROL.CL,1346.656250,2140.000000
2023-07-03,ECOPETROL.CL,1346.656250,2140.000000
2023-07-04,ECOPETROL.CL,1344.768311,2137.000000
2023-07-05,ECOPETROL.CL,1344.768311,2137.000000
2023-07-06,ECOPETROL.CL,1340.363525,2130.000000
2023-07-07,ECOPETROL.CL,1359.241821,2160.000000
2023-07-10,ECOPETROL.CL,1357.354004,2157.000000
2023-07-11,ECOPETROL.CL,1393.222900,2214.000000
2023-07-12,ECOPETROL.CL,1407.067017,2236.000000
2023-07-13,ECOPETROL.CL,1407.067017,2236.000000
2023-07-14,ECOPETROL.CL,1363.646851,2167.000000
2023-07-17,ECOPETROL.CL,1363.017456,2166.000000
2023-07-18,ECOPETROL.CL,1375.603027,2186.000000
2023-07-19,ECOPETROL.CL,1372.456665,2181.000000
2023-07-20,ECOPETROL.CL,1372.456665,2181.000000
2023-07-21,ECOPETROL.CL,1379.378662,2192.000000
2023-07-24,ECOPETROL.CL,1396.369263,2219.000000
2023-07-25,ECOPETROL.CL,1411.472046,2243.000000
2023-07-26,ECOPETROL.CL,1399.515747,2224.000000
2023-07-27,ECOPETROL.CL,1383.783813,2199.000000
2023-07-28,ECOPETROL.CL,1388.188599,2206.000000
2023-07-31,ECOPETROL.CL,1388.188599,2206.000000
2023-08-01,ECOPETROL.CL,1441.047974,2290.000000
2023-08-02,ECOPETROL.CL,1422.855591,2261.090088
2023-08-03,ECOPETROL.CL,1466.219238,2330.000000
2023-08-04,ECOPETROL.CL,1466.219238,2330.000000
2023-08-07,ECOPETROL.CL,1466.219238,2330.000000
2023-08-08,ECOPETROL.CL,1488.243896,2365.000000
2023-08-09,ECOPETROL.CL,1437.272461,2284.000000
2023-08-10,ECOPETROL.CL,1428.462646,2270.000000
2023-08-11,ECOPETROL.CL,1447.340698,2300.000000
2023-08-14,ECOPETROL.CL,1431.608765,2275.000000
2023-08-15,ECOPETROL.CL,1425.316040,2265.000000
2023-08-16,ECOPETROL.CL,1451.745728,2307.000000
2023-08-17,ECOPETROL.CL,1445.452881,2297.000000
2023-08-18,ECOPETROL.CL,1466.219238,2330.000000
2023-08-21,ECOPETROL.CL,1466.219238,2330.000000
2023-08-22,ECOPETROL.CL,1462.443359,2324.000000
2023-08-23,ECOPETROL.CL,1453.633667,2310.000000
2023-08-24,ECOPETROL.CL,1449.858032,2304.000000
2023-08-25,ECOPETROL.CL,1453.633667,2310.000000
2023-08-28,ECOPETROL.CL,1475.658325,2345.000000
2023-08-29,ECOPETROL.CL,1503.975952,2390.000000
2023-08-30,ECOPETROL.CL,1535.439819,2440.000000
2023-08-31,ECOPETROL.CL,1483.209717,2357.000000
2023-09-01,ECOPETROL.CL,1500.829468,2385.000000
2023-09-04,ECOPETROL.CL,1491.390137,2370.000000
2023-09-05,ECOPETROL.CL,1520.337036,2416.000000
2023-09-06,ECOPETROL.CL,1523.483643,2421.000000
2023-09-07,ECOPETROL.CL,1500.829468,2385.000000
2023-09-08,ECOPETROL.CL,1528.517700,2429.000000
2023-09-11,ECOPETROL.CL,1507.751709,2396.000000
2023-09-12,ECOPETROL.CL,1543.620483,2453.000000
2023-09-13,ECOPETROL.CL,1515.932251,2409.000000
2023-09-14,ECOPETROL.CL,1545.508423,2456.000000
2023-09-15,ECOPETROL.CL,1517.190552,2411.000000
2023-09-18,ECOPETROL.CL,1536.698364,2442.000000
2023-09-19,ECOPETROL.CL,1566.274536,2489.000000
2023-09-20,ECOPETROL.CL,1581.377197,2513.000000
2023-09-21,ECOPETROL.CL,1553.059570,2468.000000
2023-09-22,ECOPETROL.CL,1593.870972,2330.000000
2023-09-25,ECOPETROL.CL,1617.129150,2364.000000
2023-09-26,ECOPETROL.CL,1578.137329,2307.000000
2023-09-27,ECOPETROL.CL,1607.552368,2350.000000
2023-09-28,ECOPETROL.CL,1595.923340,2333.000000
2023-09-29,ECOPETROL.CL,1617.813232,2365.000000
2023-10-02,ECOPETROL.CL,1588.398438,2322.000000
2023-10-03,ECOPETROL.CL,1624.653931,2375.000000
2023-10-04,ECOPETROL.CL,1581.557739,2312.000000
2023-10-05,ECOPETROL.CL,1587.714355,2321.000000
2023-10-06,ECOPETROL.CL,1613.708862,2359.000000
2023-10-09,ECOPETROL.CL,1696.480713,2480.000000
2023-10-10,ECOPETROL.CL,1698.532837,2483.000000
2023-10-11,ECOPETROL.CL,1714.950439,2507.000000
2023-10-12,ECOPETROL.CL,1737.524780,2540.000000
2023-10-13,ECOPETROL.CL,1768.307373,2585.000000
2023-10-16,ECOPETROL.CL,1768.307373,2585.000000
2023-10-17,ECOPETROL.CL,1782.672729,2606.000000
2023-10-18,ECOPETROL.CL,1809.351440,2645.000000
2023-10-19,ECOPETROL.CL,1791.565796,2619.000000
2023-10-20,ECOPETROL.CL,1761.466797,2575.000000
2023-10-23,ECOPETROL.CL,1727.263672,2525.000000
2023-10-24,ECOPETROL.CL,1723.843140,2520.000000
2023-10-25,ECOPETROL.CL,1738.892700,2542.000000
2023-10-26,ECOPETROL.CL,1693.060303,2475.000000
2023-10-27,ECOPETROL.CL,1689.639893,2470.000000
2023-10-30,ECOPETROL.CL,1638.335083,2395.000000
2023-10-31,ECOPETROL.CL,1657.488770,2423.000000
2023-11-01,ECOPETROL.CL,1696.480713,2480.000000
2023-11-02,ECOPETROL.CL,1696.480713,2480.000000
2023-11-03,ECOPETROL.CL,1682.799561,2460.000000
2023-11-06,ECOPETROL.CL,1682.799561,2460.000000
2023-11-07,ECOPETROL.CL,1600.711426,2340.000000
2023-11-08,ECOPETROL.CL,1597.291138,2335.000000
2023-11-09,ECOPETROL.CL,1607.552368,2350.000000
2023-11-10,ECOPETROL.CL,1607.552368,2350.000000
2023-11-13,ECOPETROL.CL,1607.552368,2350.000000
2023-11-14,ECOPETROL.CL,1621.233398,2370.000000
2023-11-15,ECOPETROL.CL,1638.335083,2395.000000
2023-11-16,ECOPETROL.CL,1638.335083,2395.000000
2023-11-17,ECOPETROL.CL,1696.480713,2480.000000
2023-11-20,ECOPETROL.CL,1710.161865,2500.000000
2023-11-21,ECOPETROL.CL,1740.944702,2545.000000
2023-11-22,ECOPETROL.CL,1720.422852,2515.000000
2023-11-23,ECOPETROL.CL,1710.161865,2500.000000
2023-11-24,ECOPETROL.CL,1761.466797,2575.000000
2023-11-27,ECOPETROL.CL,1723.843140,2520.000000
2023-11-28,ECOPETROL.CL,1737.524780,2540.000000
2023-11-29,ECOPETROL.CL,1734.104248,2535.000000
2023-11-30,ECOPETROL.CL,1723.843140,2520.000000
2023-12-01,ECOPETROL.CL,1740.944702,2545.000000
2023-12-04,ECOPETROL.CL,1740.944702,2545.000000
2023-12-05,ECOPETROL.CL,1720.422852,2515.000000
2023-12-06,ECOPETROL.CL,1679.379028,2455.000000
2023-12-07,ECOPETROL.CL,1686.219604,2465.000000
2023-12-08,ECOPETROL.CL,1686.219604,2465.000000
2023-12-11,ECOPETROL.CL,1717.002686,2510.000000
2023-12-12,ECOPETROL.CL,1682.799561,2460.000000
2023-12-13,ECOPETROL.CL,1710.161865,2500.000000
2023-12-14,ECOPETROL.CL,1747.785522,2555.000000
2023-12-15,ECOPETROL.CL,1753.465088,2365.000000
2023-12-18,ECOPETROL.CL,1734.929443,2340.000000
2023-12-19,ECOPETROL.CL,1757.171997,2370.000000
2023-12-20,ECOPETROL.CL,1731.222290,2335.000000
2023-12-21,ECOPETROL.CL,1746.050659,2355.000000
2023-12-22,ECOPETROL.CL,1742.343506,2350.000000
2023-12-25,ECOPETROL.CL,1742.343506,2350.000000
2023-12-26,ECOPETROL.CL,1749.757812,2360.000000
2023-12-27,ECOPETROL.CL,1720.100708,2320.000000
2023-12-28,ECOPETROL.CL,1734.929443,2340.000000
2023-12-29,ECOPETROL.CL,1734.929443,2340.000000
2024-01-01,ECOPETROL.CL,1734.929443,2340.000000
2024-01-02,ECOPETROL.CL,1746.050659,2355.000000
2024-01-03,ECOPETROL.CL,1794.243164,2420.000000
2024-01-04,ECOPETROL.CL,1783.121948,2405.000000
2024-01-05,ECOPETROL.CL,1812.778687,2445.000000
2024-01-08,ECOPETROL.CL,1812.778687,2445.000000
2024-01-09,ECOPETROL.CL,1775.707520,2395.000000
2024-01-10,ECOPETROL.CL,1738.636475,2345.000000
2024-01-11,ECOPETROL.CL,1746.050659,2355.000000
2024-01-12,ECOPETROL.CL,1760.879150,2375.000000
2024-01-15,ECOPETROL.CL,1760.879150,2375.000000
2024-01-16,ECOPETROL.CL,1731.222290,2335.000000
2024-01-17,ECOPETROL.CL,1716.393677,2315.000000
2024-01-18,ECOPETROL.CL,1705.272339,2300.000000
2024-01-19,ECOPETROL.CL,1690.443970,2280.000000
2024-01-22,ECOPETROL.CL,1690.443970,2280.000000
2024-01-23,ECOPETROL.CL,1701.565308,2295.000000
2024-01-24,ECOPETROL.CL,1701.565308,2295.000000
2024-01-25,ECOPETROL.CL,1701.565308,2295.000000
2024-01-26,ECOPETROL.CL,1701.565308,2295.000000
2024-01-29,ECOPETROL.CL,1775.707520,2395.000000
2024-01-30,ECOPETROL.CL,1772.000366,2390.000000
2024-01-31,ECOPETROL.CL,1731.222290,2335.000000
2024-02-01,ECOPETROL.CL,1738.636475,2345.000000
2024-02-02,ECOPETROL.CL,1720.100708,2320.000000
2024-02-05,ECOPETROL.CL,1720.100708,2320.000000
2024-02-06,ECOPETROL.CL,1746.050659,2355.000000
2024-02-07,ECOPETROL.CL,1753.465088,2365.000000
2024-02-08,ECOPETROL.CL,1734.929443,2340.000000
2024-02-09,ECOPETROL.CL,1716.393677,2315.000000
2024-02-12,ECOPETROL.CL,1712.686646,2310.000000
2024-02-13,ECOPETROL.CL,1686.736694,2275.000000
2024-02-14,ECOPETROL.CL,1686.736694,2275.000000
2024-02-15,ECOPETROL.CL,1701.565308,2295.000000
2024-02-16,ECOPETROL.CL,1708.979614,2305.000000
2024-02-19,ECOPETROL.CL,1683.029785,2270.000000
2024-02-20,ECOPETROL.CL,1690.443970,2280.000000
2024-02-21,ECOPETROL.CL,1727.515015,2330.000000
2024-02-22,ECOPETROL.CL,1734.929443,2340.000000
2024-02-23,ECOPETROL.CL,1727.515015,2330.000000
2024-02-26,ECOPETROL.CL,1738.636475,2345.000000
2024-02-27,ECOPETROL.CL,1749.757812,2360.000000
2024-02-28,ECOPETROL.CL,1705.272339,2300.000000
2024-02-29,ECOPETROL.CL,1697.858154,2290.000000
2024-03-01,ECOPETROL.CL,1660.787109,2240.000000
2024-03-04,ECOPETROL.CL,1571.816284,2120.000000
2024-03-05,ECOPETROL.CL,1553.280762,2095.000000
2024-03-06,ECOPETROL.CL,1545.866455,2085.000000
2024-03-07,ECOPETROL.CL,1549.573608,2090.000000
2024-03-08,ECOPETROL.CL,1523.623779,2055.000000
2024-03-11,ECOPETROL.CL,1527.330811,2060.000000
2024-03-12,ECOPETROL.CL,1538.452271,2075.000000
2024-03-13,ECOPETROL.CL,1542.159546,2080.000000
2024-03-14,ECOPETROL.CL,1571.816284,2120.000000
2024-03-15,ECOPETROL.CL,1638.544312,2210.000000
2024-03-18,ECOPETROL.CL,1556.987915,2100.000000
2024-03-19,ECOPETROL.CL,1571.816284,2120.000000
2024-03-20,ECOPETROL.CL,1575.523315,2125.000000
2024-03-21,ECOPETROL.CL,1575.523315,2125.000000
2024-03-22,ECOPETROL.CL,1568.109253,2115.000000
2024-03-25,ECOPETROL.CL,1568.109253,2115.000000
2024-03-26,ECOPETROL.CL,1596.925903,1995.000000
2024-03-27,ECOPETROL.CL,1660.963013,2075.000000
2024-03-28,ECOPETROL.CL,1660.963013,2075.000000
2024-03-29,ECOPETROL.CL,1660.963013,2075.000000
2024-04-01,ECOPETROL.CL,1753.016357,2190.000000
2024-04-02,ECOPETROL.CL,1797.041870,2245.000000
2024-04-03,ECOPETROL.CL,1833.062744,2290.000000
2024-04-04,ECOPETROL.CL,1857.076782,2320.000000
2024-04-05,ECOPETROL.CL,1833.062744,2290.000000
2024-04-08,ECOPETROL.CL,1841.067383,2300.000000
2024-04-09,ECOPETROL.CL,1825.058105,2280.000000
2024-04-10,ECOPETROL.CL,1797.041870,2245.000000
2024-04-11,ECOPETROL.CL,1809.048828,2260.000000
2024-04-12,ECOPETROL.CL,1793.039673,2240.000000
2024-04-15,ECOPETROL.CL,1793.039673,2240.000000
2024-04-16,ECOPETROL.CL,1793.039673,2240.000000
2024-04-17,ECOPETROL.CL,1785.034912,2230.000000
2024-04-18,ECOPETROL.CL,1781.032471,2225.000000
2024-04-19,ECOPETROL.CL,1793.039673,2240.000000
2024-04-22,ECOPETROL.CL,1809.048828,2260.000000
2024-04-23,ECOPETROL.CL,1821.055664,2275.000000
2024-04-24,ECOPETROL.CL,1841.067383,2300.000000
2024-04-25,ECOPETROL.CL,1845.069824,2305.000000
2024-04-26,ECOPETROL.CL,1841.067383,2300.000000
2024-04-29,ECOPETROL.CL,1849.072021,2310.000000
2024-04-30,ECOPETROL.CL,1825.058105,2280.000000
2024-05-02,ECOPETROL.CL,1805.046387,2255.000000
2024-05-03,ECOPETROL.CL,1696.983887,2120.000000
2024-05-06,ECOPETROL.CL,1801.044067,2250.000000
2024-05-07,ECOPETROL.CL,1817.053467,2270.000000
2024-05-08,ECOPETROL.CL,1825.058105,2280.000000
2024-05-09,ECOPETROL.CL,1825.058105,2280.000000
2024-05-10,ECOPETROL.CL,1813.051147,2265.000000
2024-05-14,ECOPETROL.CL,1857.076782,2320.000000
2024-05-15,ECOPETROL.CL,1829.060547,2285.000000
2024-05-16,ECOPETROL.CL,1841.067383,2300.000000
2024-05-17,ECOPETROL.CL,1857.076782,2320.000000
2024-05-20,ECOPETROL.CL,1873.085938,2340.000000
2024-05-21,ECOPETROL.CL,1873.085938,2340.000000
2024-05-22,ECOPETROL.CL,1817.053467,2270.000000
2024-05-23,ECOPETROL.CL,1817.053467,2270.000000
2024-05-24,ECOPETROL.CL,1845.069824,2305.000000
2024-05-27,ECOPETROL.CL,1841.067383,2300.000000
2024-05-28,ECOPETROL.CL,1905.104370,2380.000000
2024-05-29,ECOPETROL.CL,1901.102173,2375.000000
2024-05-30,ECOPETROL.CL,1881.090576,2350.000000
2024-05-31,ECOPETROL.CL,1889.095215,2360.000000
2023-05-01,EEM,36.030514,39.000000
2023-05-02,EEM,35.679443,38.619999
2023-05-03,EEM,35.624012,38.560001
2023-05-04,EEM,35.910404,38.869999
2023-05-05,EEM,36.390816,39.389999
2023-05-08,EEM,36.409286,39.410000
2023-05-09,EEM,36.187565,39.169998
2023-05-10,EEM,36.169086,39.150002
2023-05-11,EEM,36.039749,39.009998
2023-05-12,EEM,35.614773,38.549999
2023-05-15,EEM,36.270706,39.259998
2023-05-16,EEM,36.012028,38.980000
2023-05-17,EEM,36.178329,39.160000
2023-05-18,EEM,35.984318,38.950001
2023-05-19,EEM,36.012028,38.980000
2023-05-22,EEM,36.307663,39.299999
2023-05-23,EEM,35.744114,38.689999
2023-05-24,EEM,35.476192,38.400002
2023-05-25,EEM,35.402279,38.320000
2023-05-26,EEM,36.030514,39.000000
2023-05-30,EEM,35.614773,38.549999
2023-05-31,EEM,35.282185,38.189999
2023-06-01,EEM,35.910404,38.869999
2023-06-02,EEM,36.529392,39.540001
2023-06-05,EEM,36.520149,39.529999
2023-06-06,EEM,36.843506,39.880001
2023-06-07,EEM,36.685223,39.400002
2023-06-08,EEM,36.945927,39.680000
2023-06-09,EEM,37.113525,39.860001
2023-06-12,EEM,37.188011,39.939999
2023-06-13,EEM,37.560452,40.340000
2023-06-14,EEM,37.839779,40.639999
2023-06-15,EEM,38.193596,41.020000
2023-06-16,EEM,38.063240,40.880001
2023-06-20,EEM,37.318367,40.080002
2023-06-21,EEM,37.141453,39.889999
2023-06-22,EEM,37.011101,39.750000
2023-06-23,EEM,36.471062,39.169998
2023-06-26,EEM,36.592110,39.299999
2023-06-27,EEM,36.964546,39.700001
2023-06-28,EEM,36.741081,39.459999
2023-06-29,EEM,36.545555,39.250000
2023-06-30,EEM,36.834190,39.560001
2023-07-03,EEM,37.243874,40.000000
2023-07-05,EEM,37.020409,39.759998
2023-07-06,EEM,36.266232,38.950001
2023-07-07,EEM,36.675907,39.389999
2023-07-10,EEM,36.703842,39.419998
2023-07-11,EEM,37.076279,39.820000
2023-07-12,EEM,37.904957,40.709999
2023-07-13,EEM,38.398438,41.240002
2023-07-14,EEM,38.184280,41.009998
2023-07-17,EEM,38.230843,41.060001
2023-07-18,EEM,37.951508,40.759998
2023-07-19,EEM,37.877022,40.680000
2023-07-20,EEM,37.597691,40.380001
2023-07-21,EEM,37.541832,40.320000
2023-07-24,EEM,38.053932,40.869999
2023-07-25,EEM,38.370502,41.209999
2023-07-26,EEM,38.593967,41.450001
2023-07-27,EEM,38.119106,40.939999
2023-07-28,EEM,39.040890,41.930000
2023-07-31,EEM,39.059517,41.950001
2023-08-01,EEM,38.566032,41.419998
2023-08-02,EEM,37.644241,40.430000
2023-08-03,EEM,37.793228,40.590000
2023-08-04,EEM,37.746670,40.540001
2023-08-07,EEM,37.690804,40.480000
2023-08-08,EEM,37.234570,39.990002
2023-08-09,EEM,37.327675,40.090000
2023-08-10,EEM,37.383537,40.150002
2023-08-11,EEM,36.834190,39.560001
2023-08-14,EEM,36.657284,39.369999
2023-08-15,EEM,36.238289,38.919998
2023-08-16,EEM,35.912411,38.570000
2023-08-17,EEM,35.996204,38.660000
2023-08-18,EEM,35.754120,38.400002
2023-08-21,EEM,35.837929,38.490002
2023-08-22,EEM,35.763435,38.410000
2023-08-23,EEM,36.331406,39.020000
2023-08-24,EEM,36.191738,38.869999
2023-08-25,EEM,36.228981,38.910000
2023-08-28,EEM,36.582802,39.290001
2023-08-29,EEM,37.048351,39.790001
2023-08-30,EEM,36.927303,39.660000
2023-08-31,EEM,36.471062,39.169998
2023-09-01,EEM,36.899372,39.630001
2023-09-05,EEM,36.601418,39.310001
2023-09-06,EEM,36.396580,39.090000
2023-09-07,EEM,35.968273,38.630001
2023-09-08,EEM,36.042759,38.709999
2023-09-11,EEM,36.489681,39.189999
2023-09-12,EEM,36.377956,39.070000
2023-09-13,EEM,36.331406,39.020000
2023-09-14,EEM,36.573486,39.279999
2023-09-15,EEM,36.433823,39.130001
2023-09-18,EEM,36.387264,39.080002
2023-09-19,EEM,36.173115,38.849998
2023-09-20,EEM,36.024139,38.689999
2023-09-21,EEM,35.400307,38.020000
2023-09-22,EEM,35.819302,38.470001
2023-09-25,EEM,35.661015,38.299999
2023-09-26,EEM,35.158218,37.759998
2023-09-27,EEM,35.214081,37.820000
2023-09-28,EEM,35.307194,37.919998
2023-09-29,EEM,35.335129,37.950001
2023-10-02,EEM,35.158218,37.759998
2023-10-03,EEM,34.692665,37.259998
2023-10-04,EEM,34.590252,37.150002
2023-10-05,EEM,34.720604,37.290001
2023-10-06,EEM,35.223396,37.830002
2023-10-09,EEM,35.055801,37.650002
2023-10-10,EEM,35.558590,38.189999
2023-10-11,EEM,35.782055,38.430000
2023-10-12,EEM,35.381687,38.000000
2023-10-13,EEM,35.251331,37.860001
2023-10-16,EEM,35.512035,38.139999
2023-10-17,EEM,35.418926,38.040001
2023-10-18,EEM,34.878891,37.459999
2023-10-19,EEM,34.674049,37.240002
2023-10-20,EEM,34.255054,36.790001
2023-10-23,EEM,34.227119,36.759998
2023-10-24,EEM,34.664742,37.230000
2023-10-25,EEM,34.208504,36.740002
2023-10-26,EEM,34.040901,36.560001
2023-10-27,EEM,34.012970,36.529999
2023-10-30,EEM,34.366791,36.910000
2023-10-31,EEM,34.171257,36.700001
2023-11-01,EEM,34.487839,37.040001
2023-11-02,EEM,35.093040,37.689999
2023-11-03,EEM,35.809990,38.459999
2023-11-06,EEM,36.098625,38.770000
2023-11-07,EEM,36.033447,38.700001
2023-11-08,EEM,35.791363,38.439999
2023-11-09,EEM,35.456173,38.080002
2023-11-10,EEM,35.707565,38.349998
2023-11-13,EEM,35.698257,38.340000
2023-11-14,EEM,36.647980,39.360001
2023-11-15,EEM,36.955231,39.689999
2023-11-16,EEM,36.601418,39.310001
2023-11-17,EEM,36.647980,39.360001
2023-11-20,EEM,37.104210,39.849998
2023-11-21,EEM,36.871437,39.599998
2023-11-22,EEM,36.796951,39.520000
2023-11-24,EEM,36.815575,39.540001
2023-11-27,EEM,36.666595,39.380001
2023-11-28,EEM,36.973858,39.709999
2023-11-29,EEM,36.759705,39.480000
2023-11-30,EEM,36.834190,39.560001
2023-12-01,EEM,36.992481,39.730000
2023-12-04,EEM,36.573486,39.279999
2023-12-05,EEM,36.350021,39.040001
2023-12-06,EEM,36.303474,38.990002
2023-12-07,EEM,36.480373,39.180000
2023-12-08,EEM,36.322090,39.009998
2023-12-11,EEM,36.536247,39.240002
2023-12-12,EEM,36.545555,39.250000
2023-12-13,EEM,36.908684,39.639999
2023-12-14,EEM,37.448723,40.220001
2023-12-15,EEM,37.225254,39.980000
2023-12-18,EEM,37.206627,39.959999
2023-12-19,EEM,37.523205,40.299999
2023-12-20,EEM,36.847729,38.840000
2023-12-21,EEM,37.540279,39.570000
2023-12-22,EEM,37.360027,39.380001
2023-12-26,EEM,37.654121,39.689999
2023-12-27,EEM,37.872330,39.919998
2023-12-28,EEM,38.166428,40.230000
2023-12-29,EEM,38.147457,40.209999
2024-01-02,EEM,37.701565,39.740002
2024-01-03,EEM,37.492847,39.520000
2024-01-04,EEM,37.369514,39.389999
2024-01-05,EEM,37.416950,39.439999
2024-01-08,EEM,37.521309,39.549999
2024-01-09,EEM,36.990036,38.990002
2024-01-10,EEM,36.904648,38.900002
2024-01-11,EEM,37.056442,39.060001
2024-01-12,EEM,37.189259,39.200001
2024-01-16,EEM,36.287987,38.250000
2024-01-17,EEM,35.747227,37.680000
2024-01-18,EEM,36.041328,37.990002
2024-01-19,EEM,36.420807,38.389999
2024-01-22,EEM,36.098248,38.049999
2024-01-23,EEM,36.411324,38.380001
2024-01-24,EEM,36.819263,38.810001
2024-01-25,EEM,36.866703,38.860001
2024-01-26,EEM,36.895161,38.889999
2024-01-29,EEM,36.914135,38.910000
2024-01-30,EEM,36.620033,38.599998
2024-01-31,EEM,36.420807,38.389999
2024-02-01,EEM,36.771832,38.759998
2024-02-02,EEM,36.667473,38.650002
2024-02-05,EEM,36.714905,38.700001
2024-02-06,EEM,37.549767,39.580002
2024-02-07,EEM,37.597206,39.630001
2024-02-08,EEM,37.388493,39.410000
2024-02-09,EEM,37.549767,39.580002
2024-02-12,EEM,37.843864,39.889999
2024-02-13,EEM,37.132339,39.139999
2024-02-14,EEM,37.663612,39.700001
2024-02-15,EEM,37.843864,39.889999
2024-02-16,EEM,38.024124,40.080002
2024-02-20,EEM,38.081043,40.139999
2024-02-21,EEM,38.147457,40.209999
2024-02-22,EEM,38.536419,40.619999
2024-02-23,EEM,38.517452,40.599998
2024-02-26,EEM,38.346676,40.419998
2024-02-27,EEM,38.422577,40.500000
2024-02-28,EEM,37.919762,39.970001
2024-02-29,EEM,37.938740,39.990002
2024-03-01,EEM,38.403603,40.480000
2024-03-04,EEM,38.318218,40.389999
2024-03-05,EEM,37.976685,40.029999
2024-03-06,EEM,38.526939,40.610001
2024-03-07,EEM,38.764114,40.860001
2024-03-08,EEM,38.726162,40.820000
2024-03-11,EEM,38.811546,40.910000
2024-03-12,EEM,39.238464,41.360001
2024-03-13,EEM,39.115131,41.230000
2024-03-14,EEM,38.915905,41.020000
2024-03-15,EEM,38.678730,40.770000
2024-03-18,EEM,38.745132,40.840000
2024-03-19,EEM,38.555397,40.639999
2024-03-20,EEM,38.991802,41.099998
2024-03-21,EEM,39.039238,41.150002
2024-03-22,EEM,38.764114,40.860001
2024-03-25,EEM,38.792572,40.889999
2024-03-26,EEM,38.764114,40.860001
2024-03-27,EEM,38.830521,40.930000
2024-03-28,EEM,38.972828,41.080002
2024-04-01,EEM,39.039238,41.150002
2024-04-02,EEM,39.162571,41.279999
2024-04-03,EEM,39.191029,41.310001
2024-04-04,EEM,39.048725,41.160000
2024-04-05,EEM,39.134109,41.250000
2024-04-08,EEM,39.390259,41.520000
2024-04-09,EEM,39.655888,41.799999
2024-04-10,EEM,39.115131,41.230000
2024-04-11,EEM,39.352310,41.480000
2024-04-12,EEM,38.451035,40.529999
2024-04-15,EEM,38.204376,40.270000
2024-04-16,EEM,37.701565,39.740002
2024-04-17,EEM,37.673100,39.709999
2024-04-18,EEM,37.824894,39.869999
2024-04-19,EEM,37.673100,39.709999
2024-04-22,EEM,38.081043,40.139999
2024-04-23,EEM,38.394119,40.470001
2024-04-24,EEM,38.526939,40.610001
2024-04-25,EEM,38.612320,40.700001
2024-04-26,EEM,39.058212,41.169998
2024-04-29,EEM,39.437695,41.570000
2024-04-30,EEM,38.887444,40.990002
2024-05-01,EEM,38.925388,41.029999
2024-05-02,EEM,39.931023,42.090000
2024-05-03,EEM,40.291527,42.470001
2024-05-06,EEM,40.329479,42.509998
2024-05-07,EEM,40.101784,42.270000
2024-05-08,EEM,40.111271,42.279999
2024-05-09,EEM,40.234604,42.410000
2024-05-10,EEM,40.319992,42.500000
2024-05-13,EEM,40.623577,42.820000
2024-05-14,EEM,40.841782,43.049999
2024-05-15,EEM,41.278187,43.509998
2024-05-16,EEM,41.363564,43.599998
2024-05-17,EEM,41.543819,43.790001
2024-05-20,EEM,41.392025,43.630001
2024-05-21,EEM,41.135880,43.360001
2024-05-22,EEM,41.003059,43.220001
2024-05-23,EEM,40.699474,42.900002
2024-05-24,EEM,40.813316,43.020000
2024-05-28,EEM,40.756393,42.959999
2024-05-29,EEM,40.149223,42.320000
2024-05-30,EEM,40.035374,42.200001
2024-05-31,EEM,39.646408,41.790001
2023-05-01,EMB,71.415977,84.949997
2023-05-02,EMB,71.718605,85.309998
2023-05-03,EMB,71.945602,85.580002
2023-05-04,EMB,71.584114,85.150002
2023-05-05,EMB,71.785858,85.389999
2023-05-08,EMB,71.500069,85.050003
2023-05-09,EMB,71.466423,85.010002
2023-05-10,EMB,71.861534,85.480003
2023-05-11,EMB,72.088539,85.750000
2023-05-12,EMB,71.634552,85.209999
2023-05-15,EMB,71.323502,84.839996
2023-05-16,EMB,71.046089,84.510002
2023-05-17,EMB,71.054497,84.519997
2023-05-18,EMB,70.768669,84.180000
2023-05-19,EMB,70.760262,84.169998
2023-05-22,EMB,70.751846,84.160004
2023-05-23,EMB,70.835922,84.260002
2023-05-24,EMB,70.718254,84.120003
2023-05-25,EMB,70.533241,83.900002
2023-05-26,EMB,70.827507,84.250000
2023-05-30,EMB,71.365532,84.889999
2023-05-31,EMB,71.273048,84.779999
2023-06-01,EMB,71.748344,84.989998
2023-06-02,EMB,71.638596,84.860001
2023-06-05,EMB,71.874985,85.139999
2023-06-06,EMB,72.001617,85.290001
2023-06-07,EMB,71.579514,84.790001
2023-06-08,EMB,71.984726,85.269997
2023-06-09,EMB,71.900299,85.169998
2023-06-12,EMB,72.297066,85.639999
2023-06-13,EMB,72.187332,85.510002
2023-06-14,EMB,72.339264,85.690002
2023-06-15,EMB,72.710716,86.129997
2023-06-16,EMB,72.423698,85.790001
2023-06-20,EMB,72.457481,85.830002
2023-06-21,EMB,72.837357,86.279999
2023-06-22,EMB,72.558792,85.949997
2023-06-23,EMB,72.643181,86.050003
2023-06-26,EMB,72.871124,86.320000
2023-06-27,EMB,72.871124,86.320000
2023-06-28,EMB,72.921791,86.379997
2023-06-29,EMB,72.533463,85.919998
2023-06-30,EMB,73.056847,86.540001
2023-07-03,EMB,73.197556,86.360001
2023-07-05,EMB,72.824600,85.919998
2023-07-06,EMB,71.782097,84.690002
2023-07-07,EMB,71.697334,84.589996
2023-07-10,EMB,72.002457,84.949997
2023-07-11,EMB,72.460144,85.489998
2023-07-12,EMB,73.324692,86.510002
2023-07-13,EMB,74.121437,87.449997
2023-07-14,EMB,73.689171,86.940002
2023-07-17,EMB,73.799355,87.070000
2023-07-18,EMB,74.163803,87.500000
2023-07-19,EMB,73.960396,87.260002
2023-07-20,EMB,73.511147,86.730003
2023-07-21,EMB,73.740021,87.000000
2023-07-24,EMB,73.884094,87.169998
2023-07-25,EMB,73.790863,87.059998
2023-07-26,EMB,74.028198,87.339996
2023-07-27,EMB,73.324692,86.510002
2023-07-28,EMB,74.214661,87.559998
2023-07-31,EMB,74.316368,87.680000
2023-08-01,EMB,73.574341,86.459999
2023-08-02,EMB,73.046753,85.839996
2023-08-03,EMB,72.425529,85.110001
2023-08-04,EMB,73.387100,86.239998
2023-08-07,EMB,73.148857,85.959999
2023-08-08,EMB,73.336060,86.180000
2023-08-09,EMB,73.489227,86.360001
2023-08-10,EMB,73.208420,86.029999
2023-08-11,EMB,73.038223,85.830002
2023-08-14,EMB,72.451035,85.139999
2023-08-15,EMB,71.838356,84.419998
2023-08-16,EMB,71.702209,84.260002
2023-08-17,EMB,71.642639,84.190002
2023-08-18,EMB,71.625626,84.169998
2023-08-21,EMB,71.268196,83.750000
2023-08-22,EMB,71.463936,83.980003
2023-08-23,EMB,72.612732,85.330002
2023-08-24,EMB,72.119179,84.750000
2023-08-25,EMB,72.229805,84.879997
2023-08-28,EMB,72.459572,85.150002
2023-08-29,EMB,73.208420,86.029999
2023-08-30,EMB,73.012695,85.800003
2023-08-31,EMB,72.944633,85.720001
2023-09-01,EMB,72.764305,85.150002
2023-09-05,EMB,72.055031,84.320000
2023-09-06,EMB,71.943932,84.190002
2023-09-07,EMB,72.328499,84.639999
2023-09-08,EMB,72.388313,84.709999
2023-09-11,EMB,72.277214,84.580002
2023-09-12,EMB,72.328499,84.639999
2023-09-13,EMB,72.371216,84.690002
2023-09-14,EMB,72.396835,84.720001
2023-09-15,EMB,72.157593,84.440002
2023-09-18,EMB,72.200325,84.489998
2023-09-19,EMB,72.114838,84.389999
2023-09-20,EMB,72.055031,84.320000
2023-09-21,EMB,71.328667,83.470001
2023-09-22,EMB,71.619209,83.809998
2023-09-25,EMB,71.209061,83.330002
2023-09-26,EMB,70.739052,82.779999
2023-09-27,EMB,70.431381,82.419998
2023-09-28,EMB,70.593765,82.610001
2023-09-29,EMB,70.516876,82.519997
2023-10-02,EMB,69.747055,81.269997
2023-10-03,EMB,68.966072,80.360001
2023-10-04,EMB,69.292183,80.739998
2023-10-05,EMB,69.266441,80.709999
2023-10-06,EMB,69.292183,80.739998
2023-10-09,EMB,69.635506,81.139999
2023-10-10,EMB,69.747055,81.269997
2023-10-11,EMB,70.313469,81.930000
2023-10-12,EMB,69.575394,81.070000
2023-10-13,EMB,69.772774,81.300003
2023-10-16,EMB,69.695534,81.209999
2023-10-17,EMB,69.360840,80.820000
2023-10-18,EMB,68.914581,80.300003
2023-10-19,EMB,68.408234,79.709999
2023-10-20,EMB,68.785828,80.150002
2023-10-23,EMB,69.180618,80.610001
2023-10-24,EMB,69.729881,81.250000
2023-10-25,EMB,69.206360,80.639999
2023-10-26,EMB,69.480988,80.959999
2023-10-27,EMB,69.515335,81.000000
2023-10-30,EMB,69.695534,81.209999
2023-10-31,EMB,69.678368,81.190002
2023-11-01,EMB,70.593895,81.889999
2023-11-02,EMB,71.300774,82.709999
2023-11-03,EMB,71.999046,83.519997
2023-11-06,EMB,71.404251,82.830002
2023-11-07,EMB,71.645584,83.110001
2023-11-08,EMB,71.783508,83.269997
2023-11-09,EMB,71.050781,82.419998
2023-11-10,EMB,71.361107,82.779999
2023-11-13,EMB,70.981804,82.339996
2023-11-14,EMB,72.214561,83.769997
2023-11-15,EMB,71.766296,83.250000
2023-11-16,EMB,72.361122,83.940002
2023-11-17,EMB,72.593842,84.209999
2023-11-20,EMB,73.050758,84.739998
2023-11-21,EMB,73.050758,84.739998
2023-11-22,EMB,73.412834,85.160004
2023-11-24,EMB,73.266258,84.989998
2023-11-27,EMB,73.585228,85.360001
2023-11-28,EMB,73.964546,85.800003
2023-11-29,EMB,74.550728,86.480003
2023-11-30,EMB,74.024879,85.870003
2023-12-01,EMB,75.160271,86.849998
2023-12-04,EMB,74.641014,86.250000
2023-12-05,EMB,75.073753,86.750000
2023-12-06,EMB,75.489151,87.230003
2023-12-07,EMB,75.411255,87.139999
2023-12-08,EMB,75.151627,86.839996
2023-12-11,EMB,75.030472,86.699997
2023-12-12,EMB,75.186256,86.879997
2023-12-13,EMB,76.432434,88.320000
2023-12-14,EMB,77.226692,88.870003
2023-12-15,EMB,77.122406,88.750000
2023-12-18,EMB,77.139763,88.769997
2023-12-19,EMB,77.330963,88.989998
2023-12-20,EMB,77.339668,89.000000
2023-12-21,EMB,77.478699,89.160004
2023-12-22,EMB,77.374420,89.040001
2023-12-26,EMB,77.652496,89.360001
2023-12-27,EMB,77.930542,89.680000
2023-12-28,EMB,77.713310,89.430000
2023-12-29,EMB,77.391777,89.059998
2024-01-02,EMB,76.627090,88.180000
2024-01-03,EMB,76.331604,87.839996
2024-01-04,EMB,75.984032,87.440002
2024-01-05,EMB,75.749382,87.169998
2024-01-08,EMB,75.844971,87.279999
2024-01-09,EMB,75.549538,86.940002
2024-01-10,EMB,76.088303,87.559998
2024-01-11,EMB,76.774811,88.349998
2024-01-12,EMB,76.913864,88.510002
2024-01-16,EMB,76.201286,87.690002
2024-01-17,EMB,75.914505,87.360001
2024-01-18,EMB,75.992714,87.449997
2024-01-19,EMB,76.027473,87.489998
2024-01-22,EMB,76.079636,87.550003
2024-01-23,EMB,75.688568,87.099998
2024-01-24,EMB,75.480011,86.860001
2024-01-25,EMB,76.018806,87.480003
2024-01-26,EMB,76.131744,87.610001
2024-01-29,EMB,76.418526,87.940002
2024-01-30,EMB,76.592339,88.139999
2024-01-31,EMB,76.453293,87.980003
2024-02-01,EMB,77.096413,88.349998
2024-02-02,EMB,76.476845,87.639999
2024-02-05,EMB,75.831093,86.900002
2024-02-06,EMB,76.520485,87.690002
2024-02-07,EMB,76.415764,87.570000
2024-02-08,EMB,76.319794,87.459999
2024-02-09,EMB,76.345947,87.489998
2024-02-12,EMB,76.415764,87.570000
2024-02-13,EMB,75.473320,86.489998
2024-02-14,EMB,75.988190,87.080002
2024-02-15,EMB,76.607704,87.790001
2024-02-16,EMB,76.084152,87.190002
2024-02-20,EMB,76.075447,87.180000
2024-02-21,EMB,76.014351,87.110001
2024-02-22,EMB,76.494308,87.660004
2024-02-23,EMB,76.921883,88.150002
2024-02-26,EMB,76.703735,87.900002
2024-02-27,EMB,76.633926,87.820000
2024-02-28,EMB,76.790985,88.000000
2024-02-29,EMB,77.052780,88.300003
2024-03-01,EMB,77.505035,88.430000
2024-03-04,EMB,77.434906,88.349998
2024-03-05,EMB,77.601456,88.540001
2024-03-06,EMB,77.890678,88.870003
2024-03-07,EMB,78.101013,89.110001
2024-03-08,EMB,78.188683,89.209999
2024-03-11,EMB,78.065979,89.070000
2024-03-12,EMB,77.960785,88.949997
2024-03-13,EMB,78.039688,89.040001
2024-03-14,EMB,77.645264,88.589996
2024-03-15,EMB,77.399849,88.309998
2024-03-18,EMB,77.443672,88.360001
2024-03-19,EMB,77.803024,88.769997
2024-03-20,EMB,78.171112,89.190002
2024-03-21,EMB,78.442841,89.500000
2024-03-22,EMB,78.697037,89.790001
2024-03-25,EMB,78.635658,89.720001
2024-03-26,EMB,78.626892,89.709999
2024-03-27,EMB,78.951202,90.080002
2024-03-28,EMB,78.591835,89.669998
2024-04-01,EMB,78.253891,88.919998
2024-04-02,EMB,78.289085,88.959999
2024-04-03,EMB,78.456299,89.150002
2024-04-04,EMB,78.421112,89.110001
2024-04-05,EMB,78.544319,89.250000
2024-04-08,EMB,78.570717,89.279999
2024-04-09,EMB,79.098732,89.879997
2024-04-10,EMB,77.849060,88.459999
2024-04-11,EMB,77.620262,88.199997
2024-04-12,EMB,77.400238,87.949997
2024-04-15,EMB,76.502594,86.930000
2024-04-16,EMB,76.264977,86.660004
2024-04-17,EMB,76.863411,87.339996
2024-04-18,EMB,76.801819,87.269997
2024-04-19,EMB,77.021805,87.519997
2024-04-22,EMB,77.435471,87.989998
2024-04-23,EMB,77.541061,88.110001
2024-04-24,EMB,76.986656,87.480003
2024-04-25,EMB,76.766609,87.230003
2024-04-26,EMB,77.101028,87.610001
2024-04-29,EMB,77.479454,88.040001
2024-04-30,EMB,76.696220,87.150002
2024-05-01,EMB,77.015221,87.150002
2024-05-02,EMB,77.642662,87.860001
2024-05-03,EMB,78.278931,88.580002
2024-05-06,EMB,78.499847,88.830002
2024-05-07,EMB,78.561722,88.900002
2024-05-08,EMB,78.270103,88.570000
2024-05-09,EMB,78.535202,88.870003
2024-05-10,EMB,78.349625,88.660004
2024-05-13,EMB,78.429169,88.750000
2024-05-14,EMB,78.605911,88.949997
2024-05-15,EMB,79.427757,89.879997
2024-05-16,EMB,79.162651,89.580002
2024-05-17,EMB,79.012421,89.410004
2024-05-20,EMB,79.021263,89.419998
2024-05-21,EMB,79.083099,89.489998
2024-05-22,EMB,78.826797,89.199997
2024-05-23,EMB,78.287750,88.589996
2024-05-24,EMB,78.597061,88.940002
2024-05-28,EMB,78.128685,88.410004
2024-05-29,EMB,77.845917,88.089996
2024-05-30,EMB,78.314293,88.620003
2024-05-31,EMB,78.694298,89.050003
2023-05-01,ETB.CL,105.000000,105.000000
2023-05-02,ETB.CL,105.000000,105.000000
2023-05-03,ETB.CL,103.800003,103.800003
2023-05-04,ETB.CL,110.000000,110.000000
2023-05-05,ETB.CL,107.919998,107.919998
2023-05-08,ETB.CL,107.769997,107.769997
2023-05-09,ETB.CL,109.779999,109.779999
2023-05-10,ETB.CL,105.379997,105.379997
2023-05-11,ETB.CL,105.000000,105.000000
2023-05-12,ETB.CL,103.500000,103.500000
2023-05-15,ETB.CL,102.220001,102.220001
2023-05-16,ETB.CL,102.220001,102.220001
2023-05-17,ETB.CL,102.870003,102.870003
2023-05-18,ETB.CL,103.779999,103.779999
2023-05-19,ETB.CL,100.889999,100.889999
2023-05-22,ETB.CL,100.889999,100.889999
2023-05-23,ETB.CL,95.339996,95.339996
2023-05-24,ETB.CL,92.779999,92.779999
2023-05-25,ETB.CL,92.559998,92.559998
2023-05-26,ETB.CL,92.500000,92.500000
2023-05-29,ETB.CL,100.889999,100.889999
2023-05-30,ETB.CL,100.000000,100.000000
2023-05-31,ETB.CL,95.870003,95.870003
2023-06-01,ETB.CL,100.050003,100.050003
2023-06-02,ETB.CL,100.000000,100.000000
2023-06-05,ETB.CL,99.989998,99.989998
2023-06-06,ETB.CL,99.970001,99.970001
2023-06-07,ETB.CL,95.000000,95.000000
2023-06-08,ETB.CL,99.930000,99.930000
2023-06-13,ETB.CL,95.000000,95.000000
2023-06-14,ETB.CL,94.970001,94.970001
2023-06-15,ETB.CL,95.000000,95.000000
2023-06-16,ETB.CL,90.849998,90.849998
2023-06-19,ETB.CL,90.849998,90.849998
2023-06-20,ETB.CL,92.230003,92.230003
2023-06-21,ETB.CL,94.900002,94.900002
2023-06-22,ETB.CL,94.320000,94.320000
2023-06-23,ETB.CL,94.800003,94.800003
2023-06-26,ETB.CL,92.199997,92.199997
2023-06-27,ETB.CL,91.760002,91.760002
2023-06-28,ETB.CL,90.000000,90.000000
2023-06-29,ETB.CL,90.000000,90.000000
2023-06-30,ETB.CL,85.300003,85.300003
2023-07-03,ETB.CL,85.300003,85.300003
2023-07-04,ETB.CL,90.000000,90.000000
2023-07-05,ETB.CL,90.000000,90.000000
2023-07-06,ETB.CL,90.000000,90.000000
2023-07-07,ETB.CL,89.099998,89.099998
2023-07-10,ETB.CL,87.300003,87.300003
2023-07-11,ETB.CL,90.000000,90.000000
2023-07-12,ETB.CL,89.260002,89.260002
2023-07-13,ETB.CL,90.000000,90.000000
2023-07-14,ETB.CL,89.930000,89.930000
2023-07-17,ETB.CL,90.000000,90.000000
2023-07-18,ETB.CL,85.000000,85.000000
2023-07-19,ETB.CL,85.000000,85.000000
2023-07-20,ETB.CL,85.000000,85.000000
2023-07-21,ETB.CL,84.169998,84.169998
2023-07-24,ETB.CL,85.000000,85.000000
2023-07-25,ETB.CL,85.000000,85.000000
2023-07-26,ETB.CL,85.000000,85.000000
2023-07-27,ETB.CL,85.000000,85.000000
2023-07-28,ETB.CL,84.900002,84.900002
2023-07-31,ETB.CL,84.900002,84.900002
2023-08-01,ETB.CL,84.900002,84.900002
2023-08-02,ETB.CL,84.889999,84.889999
2023-08-03,ETB.CL,83.000000,83.000000
2023-08-04,ETB.CL,83.000000,83.000000
2023-08-07,ETB.CL,83.000000,83.000000
2023-08-08,ETB.CL,83.000000,83.000000
2023-08-09,ETB.CL,85.000000,85.000000
2023-08-10,ETB.CL,85.099998,85.099998
2023-08-11,ETB.CL,85.000000,85.000000
2023-08-14,ETB.CL,85.000000,85.000000
2023-08-15,ETB.CL,85.000000,85.000000
2023-08-16,ETB.CL,85.000000,85.000000
2023-08-17,ETB.CL,85.000000,85.000000
2023-08-18,ETB.CL,81.349998,81.349998
2023-08-21,ETB.CL,81.349998,81.349998
2023-08-22,ETB.CL,85.000000,85.000000
2023-08-23,ETB.CL,85.000000,85.000000
2023-08-24,ETB.CL,85.000000,85.000000
2023-08-25,ETB.CL,86.169998,86.169998
2023-08-28,ETB.CL,80.199997,80.199997
2023-08-29,ETB.CL,82.029999,82.029999
2023-08-30,ETB.CL,84.099998,84.099998
2023-08-31,ETB.CL,83.419998,83.419998
2023-09-01,ETB.CL,83.949997,83.949997
2023-09-04,ETB.CL,83.949997,83.949997
2023-09-05,ETB.CL,80.000000,80.000000
2023-09-06,ETB.CL,85.000000,85.000000
2023-09-07,ETB.CL,84.500000,84.500000
2023-09-08,ETB.CL,85.000000,85.000000
2023-09-11,ETB.CL,82.389999,82.389999
2023-09-12,ETB.CL,82.389999,82.389999
2023-09-13,ETB.CL,82.389999,82.389999
2023-09-14,ETB.CL,85.000000,85.000000
2023-09-15,ETB.CL,70.610001,70.610001
2023-09-18,ETB.CL,75.489998,75.489998
2023-09-19,ETB.CL,85.000000,85.000000
2023-09-20,ETB.CL,80.000000,80.000000
2023-09-21,ETB.CL,85.000000,85.000000
2023-09-22,ETB.CL,61.000000,61.000000
2023-09-25,ETB.CL,80.000000,80.000000
2023-09-26,ETB.CL,80.000000,80.000000
2023-09-27,ETB.CL,85.000000,85.000000
2023-09-28,ETB.CL,85.000000,85.000000
2023-09-29,ETB.CL,80.000000,80.000000
2023-10-02,ETB.CL,80.000000,80.000000
2023-10-03,ETB.CL,85.000000,85.000000
2023-10-04,ETB.CL,78.129997,78.129997
2023-10-05,ETB.CL,73.599998,73.599998
2023-10-06,ETB.CL,68.260002,68.260002
2023-10-09,ETB.CL,80.000000,80.000000
2023-10-10,ETB.CL,77.000000,77.000000
2023-10-11,ETB.CL,77.000000,77.000000
2023-10-12,ETB.CL,79.919998,79.919998
2023-10-13,ETB.CL,77.000000,77.000000
2023-10-16,ETB.CL,77.000000,77.000000
2023-10-17,ETB.CL,77.000000,77.000000
2023-10-18,ETB.CL,76.370003,76.370003
2023-10-19,ETB.CL,77.000000,77.000000
2023-10-20,ETB.CL,77.000000,77.000000
2023-10-23,ETB.CL,76.470001,76.470001
2023-10-24,ETB.CL,77.000000,77.000000
2023-10-25,ETB.CL,77.000000,77.000000
2023-10-26,ETB.CL,77.000000,77.000000
2023-10-27,ETB.CL,78.699997,78.699997
2023-10-30,ETB.CL,78.699997,78.699997
2023-10-31,ETB.CL,72.250000,72.250000
2023-11-01,ETB.CL,78.699997,78.699997
2023-11-02,ETB.CL,78.699997,78.699997
2023-11-03,ETB.CL,78.699997,78.699997
2023-11-06,ETB.CL,78.699997,78.699997
2023-11-07,ETB.CL,78.699997,78.699997
2023-11-08,ETB.CL,78.500000,78.500000
2023-11-09,ETB.CL,78.500000,78.500000
2023-11-10,ETB.CL,78.500000,78.500000
2023-11-13,ETB.CL,78.500000,78.500000
2023-11-14,ETB.CL,78.500000,78.500000
2023-11-15,ETB.CL,78.500000,78.500000
2023-11-16,ETB.CL,78.500000,78.500000
2023-11-17,ETB.CL,78.500000,78.500000
2023-11-20,ETB.CL,78.500000,78.500000
2023-11-21,ETB.CL,78.500000,78.500000
2023-11-22,ETB.CL,78.500000,78.500000
2023-11-23,ETB.CL,78.500000,78.500000
2023-11-24,ETB.CL,78.500000,78.500000
2023-11-27,ETB.CL,78.500000,78.500000
2023-11-28,ETB.CL,78.500000,78.500000
2023-11-29,ETB.CL,78.500000,78.500000
2023-11-30,ETB.CL,78.500000,78.500000
2023-12-01,ETB.CL,78.500000,78.500000
2023-12-04,ETB.CL,78.500000,78.500000
2023-12-05,ETB.CL,78.500000,78.500000
2023-12-06,ETB.CL,78.500000,78.500000
2023-12-07,ETB.CL,78.500000,78.500000
2023-12-08,ETB.CL,78.500000,78.500000
2023-12-11,ETB.CL,78.500000,78.500000
2023-12-12,ETB.CL,78.500000,78.500000
2023-12-13,ETB.CL,78.500000,78.500000
2023-12-14,ETB.CL,78.500000,78.500000
2023-12-15,ETB.CL,78.500000,78.500000
2023-12-18,ETB.CL,78.500000,78.500000
2023-12-19,ETB.CL,78.500000,78.500000
2023-12-20,ETB.CL,87.000000,87.000000
2023-12-21,ETB.CL,88.000000,88.000000
2023-12-22,ETB.CL,88.000000,88.000000
2023-12-25,ETB.CL,88.000000,88.000000
2023-12-26,ETB.CL,88.000000,88.000000
2023-12-27,ETB.CL,88.000000,88.000000
2023-12-28,ETB.CL,95.000000,95.000000
2023-12-29,ETB.CL,95.000000,95.000000
2024-01-01,ETB.CL,95.000000,95.000000
2024-01-02,ETB.CL,95.000000,95.000000
2024-01-03,ETB.CL,95.000000,95.000000
2024-01-04,ETB.CL,95.000000,95.000000
2024-01-05,ETB.CL,91.000000,91.000000
2024-01-08,ETB.CL,91.000000,91.000000
2024-01-09,ETB.CL,91.000000,91.000000
2024-01-10,ETB.CL,91.000000,91.000000
2024-01-11,ETB.CL,88.000000,88.000000
2024-01-12,ETB.CL,88.000000,88.000000
2024-01-15,ETB.CL,88.000000,88.000000
2024-01-16,ETB.CL,106.000000,106.000000
2024-01-17,ETB.CL,108.000000,108.000000
2024-01-18,ETB.CL,108.000000,108.000000
2024-01-19,ETB.CL,108.000000,108.000000
2024-01-22,ETB.CL,108.000000,108.000000
2024-01-23,ETB.CL,104.129997,104.129997
2024-01-24,ETB.CL,104.129997,104.129997
2024-01-25,ETB.CL,104.129997,104.129997
2024-01-26,ETB.CL,104.129997,104.129997
2024-01-29,ETB.CL,108.000000,108.000000
2024-01-30,ETB.CL,108.000000,108.000000
2024-01-31,ETB.CL,106.000000,106.000000
2024-02-01,ETB.CL,106.000000,106.000000
2024-02-02,ETB.CL,106.000000,106.000000
2024-02-05,ETB.CL,106.000000,106.000000
2024-02-06,ETB.CL,106.000000,106.000000
2024-02-07,ETB.CL,106.000000,106.000000
2024-02-08,ETB.CL,106.000000,106.000000
2024-02-09,ETB.CL,106.000000,106.000000
2024-02-12,ETB.CL,106.000000,106.000000
2024-02-13,ETB.CL,106.000000,106.000000
2024-02-14,ETB.CL,106.000000,106.000000
2024-02-15,ETB.CL,106.000000,106.000000
2024-02-16,ETB.CL,106.000000,106.000000
2024-02-19,ETB.CL,106.000000,106.000000
2024-02-20,ETB.CL,106.000000,106.000000
2024-02-21,ETB.CL,106.000000,106.000000
2024-02-22,ETB.CL,106.000000,106.000000
2024-02-23,ETB.CL,106.000000,106.000000
2024-02-26,ETB.CL,95.000000,95.000000
2024-02-27,ETB.CL,95.000000,95.000000
2024-02-28,ETB.CL,95.000000,95.000000
2024-02-29,ETB.CL,95.000000,95.000000
2024-03-01,ETB.CL,95.000000,95.000000
2024-03-04,ETB.CL,95.000000,95.000000
2024-03-05,ETB.CL,95.000000,95.000000
2024-03-06,ETB.CL,95.000000,95.000000
2024-03-07,ETB.CL,95.000000,95.000000
2024-03-08,ETB.CL,95.000000,95.000000
2024-03-11,ETB.CL,95.000000,95.000000
2024-03-12,ETB.CL,95.000000,95.000000
2024-03-13,ETB.CL,95.000000,95.000000
2024-03-14,ETB.CL,95.000000,95.000000
2024-03-15,ETB.CL,95.000000,95.000000
2024-03-18,ETB.CL,95.000000,95.000000
2024-03-19,ETB.CL,95.000000,95.000000
2024-03-20,ETB.CL,95.000000,95.000000
2024-03-21,ETB.CL,95.000000,95.000000
2024-03-22,ETB.CL,95.000000,95.000000
2024-03-26,ETB.CL,95.000000,95.000000
2024-03-27,ETB.CL,95.000000,95.000000
2024-03-28,ETB.CL,95.000000,95.000000
2024-03-29,ETB.CL,95.000000,95.000000
2024-04-01,ETB.CL,95.000000,95.000000
2024-04-02,ETB.CL,95.000000,95.000000
2024-04-03,ETB.CL,95.000000,95.000000
2024-04-04,ETB.CL,95.000000,95.000000
2024-04-05,ETB.CL,95.000000,95.000000
2024-04-08,ETB.CL,95.000000,95.000000
2024-04-09,ETB.CL,95.000000,95.000000
2024-04-10,ETB.CL,100.000000,100.000000
2024-04-11,ETB.CL,100.000000,100.000000
2024-04-12,ETB.CL,100.000000,100.000000
2024-04-15,ETB.CL,100.000000,100.000000
2024-04-16,ETB.CL,100.000000,100.000000
2024-04-17,ETB.CL,100.000000,100.000000
2024-04-18,ETB.CL,100.000000,100.000000
2024-04-19,ETB.CL,100.000000,100.000000
2024-04-22,ETB.CL,100.000000,100.000000
2024-04-23,ETB.CL,100.000000,100.000000
2024-04-24,ETB.CL,100.000000,100.000000
2024-04-25,ETB.CL,100.000000,100.000000
2024-04-26,ETB.CL,100.000000,100.000000
2024-04-29,ETB.CL,100.000000,100.000000
2024-04-30,ETB.CL,100.000000,100.000000
2024-05-02,ETB.CL,100.000000,100.000000
2024-05-03,ETB.CL,95.000000,95.000000
2024-05-06,ETB.CL,100.000000,100.000000
2024-05-07,ETB.CL,100.000000,100.000000
2024-05-08,ETB.CL,100.000000,100.000000
2024-05-09,ETB.CL,100.000000,100.000000
2024-05-10,ETB.CL,100.000000,100.000000
2024-05-14,ETB.CL,100.000000,100.000000
2024-05-15,ETB.CL,100.000000,100.000000
2024-05-16,ETB.CL,100.000000,100.000000
2024-05-17,ETB.CL,100.000000,100.000000
2024-05-20,ETB.CL,100.000000,100.000000
2024-05-21,ETB.CL,100.000000,100.000000
2024-05-22,ETB.CL,100.000000,100.000000
2024-05-23,ETB.CL,100.000000,100.000000
2024-05-24,ETB.CL,100.000000,100.000000
2024-05-27,ETB.CL,100.000000,100.000000
2024-05-28,ETB.CL,100.000000,100.000000
2024-05-29,ETB.CL,90.000000,90.000000
2024-05-30,ETB.CL,96.000000,96.000000
2024-05-31,ETB.CL,90.000000,90.000000
2023-05-01,EXITO.CL,3800.708740,4007.870117
2023-05-02,EXITO.CL,3825.801514,4034.330078
2023-05-03,EXITO.CL,3828.674561,4037.360107
2023-05-04,EXITO.CL,3684.094971,3884.899902
2023-05-05,EXITO.CL,3770.922607,3976.459961
2023-05-08,EXITO.CL,3774.023438,3979.729980
2023-05-09,EXITO.CL,3698.414307,3900.000000
2023-05-10,EXITO.CL,3734.280029,3937.820068
2023-05-11,EXITO.CL,3804.995117,4012.389893
2023-05-12,EXITO.CL,3967.735107,4184.000000
2023-05-15,EXITO.CL,3797.769287,4004.770020
2023-05-16,EXITO.CL,3965.838135,4182.000000
2023-05-17,EXITO.CL,3824.975830,4033.459961
2023-05-18,EXITO.CL,3948.768555,4164.000000
2023-05-19,EXITO.CL,3819.666016,4027.860107
2023-05-22,EXITO.CL,3819.666016,4027.860107
2023-05-23,EXITO.CL,3799.826660,4006.939941
2023-05-24,EXITO.CL,3944.975586,4160.000000
2023-05-25,EXITO.CL,3897.663818,4110.109863
2023-05-26,EXITO.CL,3962.045166,4178.000000
2023-05-29,EXITO.CL,3890.087402,4102.120117
2023-05-30,EXITO.CL,3798.300293,4005.330078
2023-05-31,EXITO.CL,3712.639160,3915.000000
2023-06-01,EXITO.CL,3793.236084,3999.989990
2023-06-02,EXITO.CL,3644.920410,3843.590088
2023-06-05,EXITO.CL,3961.096436,4177.000000
2023-06-06,EXITO.CL,3954.458496,4170.000000
2023-06-07,EXITO.CL,3953.509766,4169.000000
2023-06-08,EXITO.CL,3933.595947,4148.000000
2023-06-13,EXITO.CL,3823.895020,4032.320068
2023-06-14,EXITO.CL,3809.366943,4017.000000
2023-06-15,EXITO.CL,3831.177979,4040.000000
2023-06-16,EXITO.CL,3935.492188,4150.000000
2023-06-19,EXITO.CL,3935.492188,4150.000000
2023-06-20,EXITO.CL,3885.118164,4096.879883
2023-06-21,EXITO.CL,3920.831543,4134.540039
2023-06-22,EXITO.CL,3925.060791,4139.000000
2023-06-23,EXITO.CL,3798.983154,4006.050049
2023-06-26,EXITO.CL,3982.907959,4200.000000
2023-06-27,EXITO.CL,3985.326172,4202.549805
2023-06-28,EXITO.CL,3801.154785,4008.340088
2023-06-29,EXITO.CL,3888.076904,4100.000000
2023-06-30,EXITO.CL,3979.114502,4196.000000
2023-07-03,EXITO.CL,3979.114502,4196.000000
2023-07-04,EXITO.CL,3935.492188,4150.000000
2023-07-05,EXITO.CL,3982.907959,4200.000000
2023-07-06,EXITO.CL,3962.510010,4178.490234
2023-07-07,EXITO.CL,3982.907959,4200.000000
2023-07-10,EXITO.CL,3982.907959,4200.000000
2023-07-11,EXITO.CL,3982.907959,4200.000000
2023-07-12,EXITO.CL,3982.907959,4200.000000
2023-07-13,EXITO.CL,3982.907959,4200.000000
2023-07-14,EXITO.CL,3947.469482,4162.629883
2023-07-17,EXITO.CL,3982.907959,4200.000000
2023-07-18,EXITO.CL,3935.492188,4150.000000
2023-07-19,EXITO.CL,3954.458496,4170.000000
2023-07-20,EXITO.CL,3954.458496,4170.000000
2023-07-21,EXITO.CL,3973.424805,4190.000000
2023-07-24,EXITO.CL,4030.323730,4250.000000
2023-07-25,EXITO.CL,4125.154297,4350.000000
2023-07-26,EXITO.CL,4300.592285,4535.000000
2023-07-27,EXITO.CL,4267.401367,4500.000000
2023-07-28,EXITO.CL,4304.385254,4539.000000
2023-07-31,EXITO.CL,4304.385254,4539.000000
2023-08-01,EXITO.CL,4286.367188,4520.000000
2023-08-02,EXITO.CL,4192.874023,4421.410156
2023-08-03,EXITO.CL,4266.453125,4499.000000
2023-08-04,EXITO.CL,4266.453125,4499.000000
2023-08-07,EXITO.CL,4266.453125,4499.000000
2023-08-08,EXITO.CL,4172.569824,4400.000000
2023-08-09,EXITO.CL,4032.219727,4252.000000
2023-08-10,EXITO.CL,4030.323730,4250.000000
2023-08-11,EXITO.CL,4030.323730,4250.000000
2023-08-14,EXITO.CL,4030.323730,4250.000000
2023-08-15,EXITO.CL,3885.231689,4097.000000
2023-08-16,EXITO.CL,3885.231689,4097.000000
2023-08-17,EXITO.CL,3885.231689,4097.000000
2023-08-18,EXITO.CL,3539.980225,3732.929932
2023-08-21,EXITO.CL,3539.980225,3732.929932
2023-08-22,EXITO.CL,3741.088623,3945.000000
2023-08-23,EXITO.CL,3375.988770,3560.000000
2023-08-24,EXITO.CL,3451.853760,3640.000000
2023-08-25,EXITO.CL,3270.726074,3449.000000
2023-08-28,EXITO.CL,2939.765381,3100.000000
2023-08-29,EXITO.CL,2740.620117,2890.000000
2023-08-30,EXITO.CL,2867.693848,3024.000000
2023-08-31,EXITO.CL,2873.383545,3030.000000
2023-09-01,EXITO.CL,2839.244385,2994.000000
2023-09-04,EXITO.CL,2839.244385,2994.000000
2023-09-05,EXITO.CL,2655.271973,2800.000000
2023-09-06,EXITO.CL,2550.957520,2690.000000
2023-09-07,EXITO.CL,2560.440674,2700.000000
2023-09-08,EXITO.CL,2560.440674,2700.000000
2023-09-11,EXITO.CL,2664.755127,2810.000000
2023-09-12,EXITO.CL,2683.721191,2830.000000
2023-09-13,EXITO.CL,2683.721191,2830.000000
2023-09-14,EXITO.CL,2642.943604,2787.000000
2023-09-15,EXITO.CL,2607.856201,2750.000000
2023-09-18,EXITO.CL,2607.856201,2750.000000
2023-09-19,EXITO.CL,2664.755127,2810.000000
2023-09-20,EXITO.CL,2643.892090,2788.000000
2023-09-21,EXITO.CL,2560.440674,2700.000000
2023-09-22,EXITO.CL,2607.856201,2750.000000
2023-09-25,EXITO.CL,2596.476562,2738.000000
2023-09-26,EXITO.CL,2558.544189,2698.000000
2023-09-27,EXITO.CL,2483.627686,2619.000000
2023-09-28,EXITO.CL,2552.854248,2692.000000
2023-09-29,EXITO.CL,2683.721191,2830.000000
2023-10-02,EXITO.CL,2750.103271,2900.000000
2023-10-03,EXITO.CL,2723.550537,2872.000000
2023-10-04,EXITO.CL,2622.081299,2765.000000
2023-10-05,EXITO.CL,2598.373291,2740.000000
2023-10-06,EXITO.CL,2560.440674,2700.000000
2023-10-09,EXITO.CL,2579.406982,2720.000000
2023-10-10,EXITO.CL,2574.665283,2715.000000
2023-10-11,EXITO.CL,2558.544189,2698.000000
2023-10-12,EXITO.CL,2588.890137,2730.000000
2023-10-13,EXITO.CL,2560.440674,2700.000000
2023-10-16,EXITO.CL,2560.440674,2700.000000
2023-10-17,EXITO.CL,3407.282959,3593.000000
2023-10-18,EXITO.CL,3427.197510,3614.000000
2023-10-19,EXITO.CL,3428.145508,3615.000000
2023-10-20,EXITO.CL,3387.368408,3572.000000
2023-10-23,EXITO.CL,3413.921143,3600.000000
2023-10-24,EXITO.CL,3425.300781,3612.000000
2023-10-25,EXITO.CL,3415.817871,3602.000000
2023-10-26,EXITO.CL,3375.988770,3560.000000
2023-10-27,EXITO.CL,3371.247070,3555.000000
2023-10-30,EXITO.CL,3384.523193,3569.000000
2023-10-31,EXITO.CL,3394.954834,3580.000000
2023-11-01,EXITO.CL,3392.109863,3577.000000
2023-11-02,EXITO.CL,3391.161621,3576.000000
2023-11-03,EXITO.CL,3336.159424,3518.000000
2023-11-06,EXITO.CL,3336.159424,3518.000000
2023-11-07,EXITO.CL,3336.159424,3518.000000
2023-11-08,EXITO.CL,3336.159424,3518.000000
2023-11-09,EXITO.CL,3336.159424,3518.000000
2023-11-10,EXITO.CL,3336.159424,3518.000000
2023-11-13,EXITO.CL,3336.159424,3518.000000
2023-11-14,EXITO.CL,3336.159424,3518.000000
2023-11-15,EXITO.CL,3336.159424,3518.000000
2023-11-16,EXITO.CL,3336.159424,3518.000000
2023-11-17,EXITO.CL,3336.159424,3518.000000
2023-11-20,EXITO.CL,3336.159424,3518.000000
2023-11-21,EXITO.CL,3336.159424,3518.000000
2023-11-22,EXITO.CL,3336.159424,3518.000000
2023-11-23,EXITO.CL,3336.159424,3518.000000
2023-11-24,EXITO.CL,3336.159424,3518.000000
2023-11-27,EXITO.CL,3336.159424,3518.000000
2023-11-28,EXITO.CL,3336.159424,3518.000000
2023-11-29,EXITO.CL,3336.159424,3518.000000
2023-11-30,EXITO.CL,3336.159424,3518.000000
2023-12-01,EXITO.CL,3336.159424,3518.000000
2023-12-04,EXITO.CL,3336.159424,3518.000000
2023-12-05,EXITO.CL,3336.159424,3518.000000
2023-12-06,EXITO.CL,3336.159424,3518.000000
2023-12-07,EXITO.CL,3336.159424,3518.000000
2023-12-08,EXITO.CL,3336.159424,3518.000000
2023-12-11,EXITO.CL,3347.539307,3530.000000
2023-12-12,EXITO.CL,3357.022705,3540.000000
2023-12-13,EXITO.CL,3357.022705,3540.000000
2023-12-14,EXITO.CL,3357.022705,3540.000000
2023-12-15,EXITO.CL,3328.572998,3510.000000
2023-12-18,EXITO.CL,3314.348633,3495.000000
2023-12-19,EXITO.CL,3300.123779,3480.000000
2023-12-20,EXITO.CL,3300.123779,3480.000000
2023-12-21,EXITO.CL,3319.089600,3500.000000
2023-12-22,EXITO.CL,3328.572998,3510.000000
2023-12-25,EXITO.CL,3328.572998,3510.000000
2023-12-26,EXITO.CL,3328.572998,3510.000000
2023-12-27,EXITO.CL,3328.572998,3510.000000
2023-12-28,EXITO.CL,3328.572998,3510.000000
2023-12-29,EXITO.CL,3328.572998,3510.000000
2024-01-01,EXITO.CL,3328.572998,3510.000000
2024-01-02,EXITO.CL,3309.606689,3490.000000
2024-01-03,EXITO.CL,3285.898926,3465.000000
2024-01-04,EXITO.CL,3333.314941,3515.000000
2024-01-05,EXITO.CL,3319.089600,3500.000000
2024-01-08,EXITO.CL,3319.089600,3500.000000
2024-01-09,EXITO.CL,3347.539307,3530.000000
2024-01-10,EXITO.CL,3338.056152,3520.000000
2024-01-11,EXITO.CL,3319.089600,3500.000000
2024-01-12,EXITO.CL,3319.089600,3500.000000
2024-01-15,EXITO.CL,3328.572998,3510.000000
2024-01-16,EXITO.CL,3352.281006,3535.000000
2024-01-17,EXITO.CL,3290.640625,3470.000000
2024-01-18,EXITO.CL,3295.381836,3475.000000
2024-01-19,EXITO.CL,3200.551025,3375.000000
2024-01-22,EXITO.CL,3200.551025,3375.000000
2024-01-23,EXITO.CL,3243.224854,3420.000000
2024-01-24,EXITO.CL,3243.224854,3420.000000
2024-01-25,EXITO.CL,3243.224854,3420.000000
2024-01-26,EXITO.CL,3243.224854,3420.000000
2024-01-29,EXITO.CL,3176.842773,3350.000000
2024-01-30,EXITO.CL,3110.461182,3280.000000
2024-01-31,EXITO.CL,2892.350098,3050.000000
2024-02-01,EXITO.CL,2617.339111,2760.000000
2024-02-02,EXITO.CL,2626.822510,2770.000000
2024-02-05,EXITO.CL,2574.665283,2715.000000
2024-02-06,EXITO.CL,2560.440674,2700.000000
2024-02-07,EXITO.CL,2588.890137,2730.000000
2024-02-08,EXITO.CL,2498.800537,2635.000000
2024-02-09,EXITO.CL,2503.542480,2640.000000
2024-02-12,EXITO.CL,2508.283691,2645.000000
2024-02-13,EXITO.CL,2508.283691,2645.000000
2024-02-14,EXITO.CL,2370.778809,2500.000000
2024-02-15,EXITO.CL,2275.947510,2400.000000
2024-02-16,EXITO.CL,2275.947510,2400.000000
2024-02-19,EXITO.CL,2275.947510,2400.000000
2024-02-20,EXITO.CL,2304.396729,2430.000000
2024-02-21,EXITO.CL,2347.070557,2475.000000
2024-02-22,EXITO.CL,2285.430664,2410.000000
2024-02-23,EXITO.CL,2370.778809,2500.000000
2024-02-26,EXITO.CL,2451.384766,2585.000000
2024-02-27,EXITO.CL,2465.609619,2600.000000
2024-02-28,EXITO.CL,2408.711182,2540.000000
2024-02-29,EXITO.CL,2370.778809,2500.000000
2024-03-01,EXITO.CL,2351.812500,2480.000000
2024-03-04,EXITO.CL,2323.362793,2450.000000
2024-03-05,EXITO.CL,2294.913818,2420.000000
2024-03-06,EXITO.CL,2304.396729,2430.000000
2024-03-07,EXITO.CL,2318.621094,2445.000000
2024-03-08,EXITO.CL,2252.239746,2375.000000
2024-03-11,EXITO.CL,2238.015137,2360.000000
2024-03-12,EXITO.CL,2238.015137,2360.000000
2024-03-13,EXITO.CL,2242.756592,2365.000000
2024-03-14,EXITO.CL,2181.116211,2300.000000
2024-03-15,EXITO.CL,2147.925293,2265.000000
2024-03-18,EXITO.CL,2209.565674,2330.000000
2024-03-19,EXITO.CL,2304.396729,2430.000000
2024-03-20,EXITO.CL,2290.171631,2415.000000
2024-03-21,EXITO.CL,2290.171631,2415.000000
2024-03-22,EXITO.CL,2285.430664,2410.000000
2024-03-25,EXITO.CL,2285.430664,2410.000000
2024-03-26,EXITO.CL,2266.464355,2390.000000
2024-03-27,EXITO.CL,2285.430664,2410.000000
2024-03-28,EXITO.CL,2285.430664,2410.000000
2024-03-29,EXITO.CL,2285.430664,2410.000000
2024-04-01,EXITO.CL,2347.070557,2475.000000
2024-04-02,EXITO.CL,2318.621094,2445.000000
2024-04-03,EXITO.CL,2347.931152,2470.000000
2024-04-04,EXITO.CL,2300.402344,2420.000000
2024-04-05,EXITO.CL,2295.649170,2415.000000
2024-04-08,EXITO.CL,2338.425293,2460.000000
2024-04-09,EXITO.CL,2390.707520,2515.000000
2024-04-10,EXITO.CL,2381.201660,2505.000000
2024-04-11,EXITO.CL,2347.931152,2470.000000
2024-04-12,EXITO.CL,2328.919678,2450.000000
2024-04-15,EXITO.CL,2305.155029,2425.000000
2024-04-16,EXITO.CL,2319.413818,2440.000000
2024-04-17,EXITO.CL,2257.626465,2375.000000
2024-04-18,EXITO.CL,2271.885254,2390.000000
2024-04-19,EXITO.CL,2238.614502,2355.000000
2024-04-22,EXITO.CL,2224.355957,2340.000000
2024-04-23,EXITO.CL,2195.838379,2310.000000
2024-04-24,EXITO.CL,2205.344238,2320.000000
2024-04-25,EXITO.CL,2205.344238,2320.000000
2024-04-26,EXITO.CL,2200.591553,2315.000000
2024-04-29,EXITO.CL,2229.109131,2345.000000
2024-04-30,EXITO.CL,2176.826904,2290.000000
2024-05-02,EXITO.CL,2229.109131,2345.000000
2024-05-03,EXITO.CL,2328.919678,2450.000000
2024-05-06,EXITO.CL,2243.367432,2360.000000
2024-05-07,EXITO.CL,2243.367432,2360.000000
2024-05-08,EXITO.CL,2238.614502,2355.000000
2024-05-09,EXITO.CL,2191.085449,2305.000000
2024-05-10,EXITO.CL,2176.826904,2290.000000
2024-05-14,EXITO.CL,2157.815430,2270.000000
2024-05-15,EXITO.CL,2138.803955,2250.000000
2024-05-16,EXITO.CL,2143.556885,2255.000000
2024-05-17,EXITO.CL,2157.815430,2270.000000
2024-05-20,EXITO.CL,2148.309326,2260.000000
2024-05-21,EXITO.CL,2157.815430,2270.000000
2024-05-22,EXITO.CL,2096.027588,2205.000000
2024-05-23,EXITO.CL,2096.027588,2205.000000
2024-05-24,EXITO.CL,2105.533691,2215.000000
2024-05-27,EXITO.CL,2105.533691,2215.000000
2024-05-28,EXITO.CL,2105.533691,2215.000000
2024-05-29,EXITO.CL,2105.533691,2215.000000
2024-05-30,EXITO.CL,2096.027588,2205.000000
2024-05-31,EXITO.CL,2157.815430,2270.000000
2023-05-01,GEB.CL,1320.902466,1800.000000
2023-05-02,GEB.CL,1269.533936,1730.000000
2023-05-03,GEB.CL,1327.506836,1809.000000
2023-05-04,GEB.CL,1299.621216,1771.000000
2023-05-05,GEB.CL,1298.887207,1770.000000
2023-05-08,GEB.CL,1298.887207,1770.000000
2023-05-09,GEB.CL,1270.267822,1731.000000
2023-05-10,GEB.CL,1283.476807,1749.000000
2023-05-11,GEB.CL,1221.100952,1664.000000
2023-05-12,GEB.CL,1291.548950,1760.000000
2023-05-15,GEB.CL,1293.016724,1762.000000
2023-05-16,GEB.CL,1269.533936,1730.000000
2023-05-17,GEB.CL,1247.518921,1700.000000
2023-05-18,GEB.CL,1268.800171,1729.000000
2023-05-19,GEB.CL,1262.195557,1720.000000
2023-05-22,GEB.CL,1262.195557,1720.000000
2023-05-23,GEB.CL,1284.210571,1750.000000
2023-05-24,GEB.CL,1247.518921,1700.000000
2023-05-25,GEB.CL,1284.210571,1750.000000
2023-05-26,GEB.CL,1286.412231,1753.000000
2023-05-29,GEB.CL,1266.598633,1726.000000
2023-05-30,GEB.CL,1275.404785,1738.000000
2023-05-31,GEB.CL,1298.887207,1770.000000
2023-06-01,GEB.CL,1342.917358,1830.000000
2023-06-02,GEB.CL,1350.255859,1840.000000
2023-06-05,GEB.CL,1378.875244,1879.000000
2023-06-06,GEB.CL,1412.631714,1925.000000
2023-06-07,GEB.CL,1430.977661,1950.000000
2023-06-08,GEB.CL,1452.992554,1980.000000
2023-06-13,GEB.CL,1445.654419,1970.000000
2023-06-14,GEB.CL,1430.977661,1950.000000
2023-06-15,GEB.CL,1444.186646,1968.000000
2023-06-16,GEB.CL,1349.521973,1839.000000
2023-06-19,GEB.CL,1349.521973,1839.000000
2023-06-20,GEB.CL,1378.875244,1879.000000
2023-06-21,GEB.CL,1364.932495,1860.000000
2023-06-22,GEB.CL,1385.479858,1888.000000
2023-06-23,GEB.CL,1346.586670,1835.000000
2023-06-26,GEB.CL,1368.601562,1865.000000
2023-06-27,GEB.CL,1379.609009,1880.000000
2023-06-28,GEB.CL,1397.221313,1904.000000
2023-06-29,GEB.CL,1433.805786,1842.000000
2023-06-30,GEB.CL,1420.573120,1825.000000
2023-07-03,GEB.CL,1420.573120,1825.000000
2023-07-04,GEB.CL,1397.999634,1796.000000
2023-07-05,GEB.CL,1432.249023,1840.000000
2023-07-06,GEB.CL,1416.681152,1820.000000
2023-07-07,GEB.CL,1432.249023,1840.000000
2023-07-10,GEB.CL,1420.573120,1825.000000
2023-07-11,GEB.CL,1454.044067,1868.000000
2023-07-12,GEB.CL,1470.390503,1889.000000
2023-07-13,GEB.CL,1463.384766,1880.000000
2023-07-14,GEB.CL,1429.135254,1836.000000
2023-07-17,GEB.CL,1408.118652,1809.000000
2023-07-18,GEB.CL,1426.800171,1833.000000
2023-07-19,GEB.CL,1418.237915,1822.000000
2023-07-20,GEB.CL,1418.237915,1822.000000
2023-07-21,GEB.CL,1423.686646,1829.000000
2023-07-24,GEB.CL,1423.686646,1829.000000
2023-07-25,GEB.CL,1406.561890,1807.000000
2023-07-26,GEB.CL,1389.437256,1785.000000
2023-07-27,GEB.CL,1393.329224,1790.000000
2023-07-28,GEB.CL,1380.096558,1773.000000
2023-07-31,GEB.CL,1380.096558,1773.000000
2023-08-01,GEB.CL,1369.977295,1760.000000
2023-08-02,GEB.CL,1371.495117,1761.949951
2023-08-03,GEB.CL,1366.085327,1755.000000
2023-08-04,GEB.CL,1366.085327,1755.000000
2023-08-07,GEB.CL,1366.085327,1755.000000
2023-08-08,GEB.CL,1365.307007,1754.000000
2023-08-09,GEB.CL,1369.977295,1760.000000
2023-08-10,GEB.CL,1363.750122,1752.000000
2023-08-11,GEB.CL,1369.977295,1760.000000
2023-08-14,GEB.CL,1369.977295,1760.000000
2023-08-15,GEB.CL,1368.420532,1758.000000
2023-08-16,GEB.CL,1383.988525,1778.000000
2023-08-17,GEB.CL,1385.545166,1780.000000
2023-08-18,GEB.CL,1376.982788,1769.000000
2023-08-21,GEB.CL,1376.982788,1769.000000
2023-08-22,GEB.CL,1362.193237,1750.000000
2023-08-23,GEB.CL,1338.841309,1720.000000
2023-08-24,GEB.CL,1338.841309,1720.000000
2023-08-25,GEB.CL,1368.420532,1758.000000
2023-08-28,GEB.CL,1350.517456,1735.000000
2023-08-29,GEB.CL,1323.273560,1700.000000
2023-08-30,GEB.CL,1316.267944,1691.000000
2023-08-31,GEB.CL,1257.888306,1616.000000
2023-09-01,GEB.CL,1269.564209,1631.000000
2023-09-04,GEB.CL,1278.889282,1642.979980
2023-09-05,GEB.CL,1258.666626,1617.000000
2023-09-06,GEB.CL,1268.785889,1630.000000
2023-09-07,GEB.CL,1306.927246,1679.000000
2023-09-08,GEB.CL,1298.364868,1668.000000
2023-09-11,GEB.CL,1277.348145,1641.000000
2023-09-12,GEB.CL,1292.137817,1660.000000
2023-09-13,GEB.CL,1315.489624,1690.000000
2023-09-14,GEB.CL,1315.489624,1690.000000
2023-09-15,GEB.CL,1276.569824,1640.000000
2023-09-18,GEB.CL,1276.569824,1640.000000
2023-09-19,GEB.CL,1268.785889,1630.000000
2023-09-20,GEB.CL,1261.001831,1620.000000
2023-09-21,GEB.CL,1253.217896,1610.000000
2023-09-22,GEB.CL,1248.547485,1604.000000
2023-09-25,GEB.CL,1284.353638,1650.000000
2023-09-26,GEB.CL,1245.433960,1600.000000
2023-09-27,GEB.CL,1323.273560,1700.000000
2023-09-28,GEB.CL,1338.841309,1720.000000
2023-09-29,GEB.CL,1359.858154,1747.000000
2023-10-02,GEB.CL,1323.273560,1700.000000
2023-10-03,GEB.CL,1253.217896,1610.000000
2023-10-04,GEB.CL,1284.353638,1650.000000
2023-10-05,GEB.CL,1262.558594,1622.000000
2023-10-06,GEB.CL,1265.672241,1626.000000
2023-10-09,GEB.CL,1271.899292,1634.000000
2023-10-10,GEB.CL,1284.353638,1650.000000
2023-10-11,GEB.CL,1275.013062,1638.000000
2023-10-12,GEB.CL,1277.348145,1641.000000
2023-10-13,GEB.CL,1284.353638,1650.000000
2023-10-16,GEB.CL,1284.353638,1650.000000
2023-10-17,GEB.CL,1271.121094,1633.000000
2023-10-18,GEB.CL,1284.353638,1650.000000
2023-10-19,GEB.CL,1272.677734,1635.000000
2023-10-20,GEB.CL,1299.921631,1670.000000
2023-10-23,GEB.CL,1299.921631,1670.000000
2023-10-24,GEB.CL,1284.353638,1650.000000
2023-10-25,GEB.CL,1292.916138,1661.000000
2023-10-26,GEB.CL,1313.154419,1687.000000
2023-10-27,GEB.CL,1309.262451,1682.000000
2023-10-30,GEB.CL,1323.273560,1700.000000
2023-10-31,GEB.CL,1296.029785,1665.000000
2023-11-01,GEB.CL,1338.062988,1719.000000
2023-11-02,GEB.CL,1362.193237,1750.000000
2023-11-03,GEB.CL,1359.858154,1747.000000
2023-11-06,GEB.CL,1359.858154,1747.000000
2023-11-07,GEB.CL,1345.068604,1728.000000
2023-11-08,GEB.CL,1334.949463,1715.000000
2023-11-09,GEB.CL,1350.517456,1735.000000
2023-11-10,GEB.CL,1346.625366,1730.000000
2023-11-13,GEB.CL,1346.625366,1730.000000
2023-11-14,GEB.CL,1346.625366,1730.000000
2023-11-15,GEB.CL,1346.625366,1730.000000
2023-11-16,GEB.CL,1327.165527,1705.000000
2023-11-17,GEB.CL,1385.545166,1780.000000
2023-11-20,GEB.CL,1401.113037,1800.000000
2023-11-21,GEB.CL,1424.464966,1830.000000
2023-11-22,GEB.CL,1424.464966,1830.000000
2023-11-23,GEB.CL,1440.032959,1850.000000
2023-11-24,GEB.CL,1440.032959,1850.000000
2023-11-27,GEB.CL,1412.789185,1815.000000
2023-11-28,GEB.CL,1405.005127,1805.000000
2023-11-29,GEB.CL,1451.708984,1865.000000
2023-11-30,GEB.CL,1478.952759,1900.000000
2023-12-01,GEB.CL,1494.520630,1920.000000
2023-12-04,GEB.CL,1478.952759,1900.000000
2023-12-05,GEB.CL,1459.492920,1875.000000
2023-12-06,GEB.CL,1443.925049,1855.000000
2023-12-07,GEB.CL,1484.447632,1795.000000
2023-12-08,GEB.CL,1484.447632,1795.000000
2023-12-11,GEB.CL,1472.042603,1780.000000
2023-12-12,GEB.CL,1467.907715,1775.000000
2023-12-13,GEB.CL,1480.312622,1790.000000
2023-12-14,GEB.CL,1509.257202,1825.000000
2023-12-15,GEB.CL,1488.582397,1800.000000
2023-12-18,GEB.CL,1488.582397,1800.000000
2023-12-19,GEB.CL,1525.796875,1845.000000
2023-12-20,GEB.CL,1550.606689,1875.000000
2023-12-21,GEB.CL,1505.122314,1820.000000
2023-12-22,GEB.CL,1529.932007,1850.000000
2023-12-25,GEB.CL,1529.932007,1850.000000
2023-12-26,GEB.CL,1604.360962,1940.000000
2023-12-27,GEB.CL,1612.630859,1950.000000
2023-12-28,GEB.CL,1571.281494,1900.000000
2023-12-29,GEB.CL,1571.281494,1900.000000
2024-01-01,GEB.CL,1571.281494,1900.000000
2024-01-02,GEB.CL,1629.170776,1970.000000
2024-01-03,GEB.CL,1658.115601,2005.000000
2024-01-04,GEB.CL,1761.489136,2130.000000
2024-01-05,GEB.CL,1835.918457,2220.000000
2024-01-08,GEB.CL,1835.918457,2220.000000
2024-01-09,GEB.CL,1877.267822,2270.000000
2024-01-10,GEB.CL,1893.807739,2290.000000
2024-01-11,GEB.CL,1893.807739,2290.000000
2024-01-12,GEB.CL,1910.347534,2310.000000
2024-01-15,GEB.CL,1906.212646,2305.000000
2024-01-16,GEB.CL,1893.807739,2290.000000
2024-01-17,GEB.CL,1819.378418,2200.000000
2024-01-18,GEB.CL,1778.028931,2150.000000
2024-01-19,GEB.CL,1852.458130,2240.000000
2024-01-22,GEB.CL,1852.458130,2240.000000
2024-01-23,GEB.CL,1778.028931,2150.000000
2024-01-24,GEB.CL,1778.028931,2150.000000
2024-01-25,GEB.CL,1778.028931,2150.000000
2024-01-26,GEB.CL,1778.028931,2150.000000
2024-01-29,GEB.CL,1790.433960,2165.000000
2024-01-30,GEB.CL,1860.728149,2250.000000
2024-01-31,GEB.CL,1881.402832,2275.000000
2024-02-01,GEB.CL,1860.728149,2250.000000
2024-02-02,GEB.CL,1831.783325,2215.000000
2024-02-05,GEB.CL,1819.378418,2200.000000
2024-02-06,GEB.CL,1827.648438,2210.000000
2024-02-07,GEB.CL,1844.188110,2230.000000
2024-02-08,GEB.CL,1806.973633,2185.000000
2024-02-09,GEB.CL,1773.894043,2145.000000
2024-02-12,GEB.CL,1757.354126,2125.000000
2024-02-13,GEB.CL,1740.814331,2105.000000
2024-02-14,GEB.CL,1728.409546,2090.000000
2024-02-15,GEB.CL,1740.814331,2105.000000
2024-02-16,GEB.CL,1744.949341,2110.000000
2024-02-19,GEB.CL,1736.679565,2100.000000
2024-02-20,GEB.CL,1736.679565,2100.000000
2024-02-21,GEB.CL,1778.028931,2150.000000
2024-02-22,GEB.CL,1802.838745,2180.000000
2024-02-23,GEB.CL,1802.838745,2180.000000
2024-02-26,GEB.CL,1819.378418,2200.000000
2024-02-27,GEB.CL,1827.648438,2210.000000
2024-02-28,GEB.CL,1844.188110,2230.000000
2024-02-29,GEB.CL,1831.783325,2215.000000
2024-03-01,GEB.CL,1856.592896,2245.000000
2024-03-04,GEB.CL,1910.347534,2310.000000
2024-03-05,GEB.CL,1935.157104,2340.000000
2024-03-06,GEB.CL,1926.887207,2330.000000
2024-03-07,GEB.CL,1935.157104,2340.000000
2024-03-08,GEB.CL,1918.617310,2320.000000
2024-03-11,GEB.CL,1918.617310,2320.000000
2024-03-12,GEB.CL,1902.077393,2300.000000
2024-03-13,GEB.CL,1885.537720,2280.000000
2024-03-14,GEB.CL,1819.378418,2200.000000
2024-03-15,GEB.CL,1720.139771,2080.000000
2024-03-18,GEB.CL,1835.918457,2220.000000
2024-03-19,GEB.CL,1835.918457,2220.000000
2024-03-20,GEB.CL,1819.378418,2200.000000
2024-03-21,GEB.CL,1844.188110,2230.000000
2024-03-22,GEB.CL,1885.537720,2280.000000
2024-03-25,GEB.CL,1885.537720,2280.000000
2024-03-26,GEB.CL,1918.617310,2320.000000
2024-03-27,GEB.CL,1959.966919,2370.000000
2024-03-28,GEB.CL,1959.966919,2370.000000
2024-03-29,GEB.CL,1959.966919,2370.000000
2024-04-01,GEB.CL,1976.506714,2390.000000
2024-04-02,GEB.CL,2042.665649,2470.000000
2024-04-03,GEB.CL,2063.340820,2495.000000
2024-04-04,GEB.CL,2117.094971,2560.000000
2024-04-05,GEB.CL,2117.094971,2560.000000
2024-04-08,GEB.CL,2133.635010,2580.000000
2024-04-09,GEB.CL,2141.904541,2590.000000
2024-04-10,GEB.CL,2133.635010,2580.000000
2024-04-11,GEB.CL,2158.444580,2610.000000
2024-04-12,GEB.CL,2117.094971,2560.000000
2024-04-15,GEB.CL,2108.825195,2550.000000
2024-04-16,GEB.CL,2034.395874,2460.000000
2024-04-17,GEB.CL,1951.696899,2360.000000
2024-04-18,GEB.CL,1902.077393,2300.000000
2024-04-19,GEB.CL,1906.212646,2305.000000
2024-04-22,GEB.CL,1951.696899,2360.000000
2024-04-23,GEB.CL,1939.291992,2345.000000
2024-04-24,GEB.CL,1926.887207,2330.000000
2024-04-25,GEB.CL,2034.395874,2460.000000
2024-04-26,GEB.CL,2026.126099,2450.000000
2024-04-29,GEB.CL,2075.745605,2510.000000
2024-04-30,GEB.CL,2013.721313,2435.000000
2024-05-02,GEB.CL,2133.635010,2580.000000
2024-05-03,GEB.CL,1910.347534,2310.000000
2024-05-06,GEB.CL,2108.825195,2550.000000
2024-05-07,GEB.CL,2108.825195,2550.000000
2024-05-08,GEB.CL,2067.475586,2500.000000
2024-05-09,GEB.CL,2084.015381,2520.000000
2024-05-10,GEB.CL,2092.285156,2530.000000
2024-05-14,GEB.CL,2112.959961,2555.000000
2024-05-15,GEB.CL,2084.015381,2520.000000
2024-05-16,GEB.CL,2133.635010,2580.000000
2024-05-17,GEB.CL,2150.174805,2600.000000
2024-05-20,GEB.CL,2125.364990,2570.000000
2024-05-21,GEB.CL,2146.039795,2595.000000
2024-05-22,GEB.CL,2108.825195,2550.000000
2024-05-23,GEB.CL,2108.825195,2550.000000
2024-05-24,GEB.CL,2121.230225,2565.000000
2024-05-27,GEB.CL,2141.904541,2590.000000
2024-05-28,GEB.CL,2133.635010,2580.000000
2024-05-29,GEB.CL,2100.555420,2540.000000
2024-05-30,GEB.CL,2112.959961,2555.000000
2024-05-31,GEB.CL,2104.690186,2545.000000
2023-05-01,GOOG,106.699379,107.709999
2023-05-02,GOOG,104.985611,105.980003
2023-05-03,GOOG,105.124313,106.120003
2023-05-04,GOOG,104.222832,105.209999
2023-05-05,GOOG,105.218407,106.214996
2023-05-08,GOOG,107.224411,108.239998
2023-05-09,GOOG,106.927223,107.940002
2023-05-10,GOOG,111.226509,112.279999
2023-05-11,GOOG,115.803154,116.900002
2023-05-12,GOOG,116.813576,117.919998
2023-05-15,GOOG,115.862587,116.959999
2023-05-16,GOOG,118.963211,120.089996
2023-05-17,GOOG,120.340172,121.480003
2023-05-18,GOOG,122.361038,123.519997
2023-05-19,GOOG,122.093575,123.250000
2023-05-22,GOOG,124.688995,125.870003
2023-05-23,GOOG,122.133202,123.290001
2023-05-24,GOOG,120.498680,121.639999
2023-05-25,GOOG,123.183250,124.349998
2023-05-26,GOOG,124.253113,125.430000
2023-05-30,GOOG,123.470528,124.639999
2023-05-31,GOOG,122.212456,123.370003
2023-06-01,GOOG,123.203049,124.370003
2023-06-02,GOOG,124.055008,125.230003
2023-06-05,GOOG,125.441849,126.629997
2023-06-06,GOOG,126.709839,127.910004
2023-06-07,GOOG,121.786484,122.940002
2023-06-08,GOOG,121.519005,122.669998
2023-06-09,GOOG,121.717140,122.870003
2023-06-12,GOOG,123.183250,124.349998
2023-06-13,GOOG,123.262505,124.430000
2023-06-14,GOOG,123.212975,124.379997
2023-06-15,GOOG,124.609734,125.790001
2023-06-16,GOOG,122.895981,124.059998
2023-06-20,GOOG,122.687943,123.849998
2023-06-21,GOOG,120.122253,121.260002
2023-06-22,GOOG,122.707748,123.870003
2023-06-23,GOOG,121.865723,123.019997
2023-06-26,GOOG,117.972603,119.089996
2023-06-27,GOOG,117.893364,119.010002
2023-06-28,GOOG,119.943932,121.080002
2023-06-29,GOOG,118.883972,120.010002
2023-06-30,GOOG,119.834969,120.970001
2023-07-03,GOOG,119.428818,120.559998
2023-07-05,GOOG,121.479378,122.629997
2023-07-06,GOOG,119.795341,120.930000
2023-07-07,GOOG,119.012749,120.139999
2023-07-10,GOOG,115.773445,116.870003
2023-07-11,GOOG,116.605553,117.709999
2023-07-12,GOOG,118.497635,119.620003
2023-07-13,GOOG,123.658745,124.830002
2023-07-14,GOOG,124.520576,125.699997
2023-07-17,GOOG,123.886589,125.059998
2023-07-18,GOOG,122.915787,124.080002
2023-07-19,GOOG,121.627983,122.779999
2023-07-20,GOOG,118.408478,119.529999
2023-07-21,GOOG,119.181160,120.309998
2023-07-24,GOOG,120.736435,121.879997
2023-07-25,GOOG,121.637886,122.790001
2023-07-26,GOOG,128.443420,129.660004
2023-07-27,GOOG,128.651459,129.869995
2023-07-28,GOOG,131.761993,133.009995
2023-07-31,GOOG,131.861069,133.110001
2023-08-01,GOOG,130.652496,131.889999
2023-08-02,GOOG,127.432999,128.639999
2023-08-03,GOOG,127.561798,128.770004
2023-08-04,GOOG,127.333931,128.539993
2023-08-07,GOOG,130.702026,131.940002
2023-08-08,GOOG,130.602982,131.839996
2023-08-09,GOOG,128.928833,130.149994
2023-08-10,GOOG,128.988266,130.210007
2023-08-11,GOOG,128.948654,130.169998
2023-08-14,GOOG,130.593063,131.830002
2023-08-15,GOOG,129.047729,130.270004
2023-08-16,GOOG,127.898621,129.110001
2023-08-17,GOOG,129.235931,130.460007
2023-08-18,GOOG,126.907974,128.110001
2023-08-21,GOOG,127.720268,128.929993
2023-08-22,GOOG,128.473145,129.690002
2023-08-23,GOOG,131.960114,133.210007
2023-08-24,GOOG,129.196274,130.419998
2023-08-25,GOOG,129.463745,130.690002
2023-08-28,GOOG,130.553421,131.789993
2023-08-29,GOOG,134.218735,135.490005
2023-08-30,GOOG,135.645218,136.929993
2023-08-31,GOOG,136.061279,137.350006
2023-09-01,GOOG,135.516418,136.800003
2023-09-05,GOOG,135.427261,136.710007
2023-09-06,GOOG,134.099854,135.369995
2023-09-07,GOOG,134.922073,136.199997
2023-09-08,GOOG,135.912674,137.199997
2023-09-11,GOOG,136.447617,137.740005
2023-09-12,GOOG,134.793274,136.070007
2023-09-13,GOOG,136.209885,137.500000
2023-09-14,GOOG,137.685883,138.990005
2023-09-15,GOOG,137.002365,138.300003
2023-09-18,GOOG,137.656189,138.960007
2023-09-19,GOOG,137.527374,138.830002
2023-09-20,GOOG,133.327164,134.589996
2023-09-21,GOOG,130.127487,131.360001
2023-09-22,GOOG,130.018524,131.250000
2023-09-25,GOOG,130.929871,132.169998
2023-09-26,GOOG,128.235382,129.449997
2023-09-27,GOOG,130.226547,131.460007
2023-09-28,GOOG,131.880875,133.130005
2023-09-29,GOOG,130.612885,131.850006
2023-10-02,GOOG,133.901703,135.169998
2023-10-03,GOOG,132.049301,133.300003
2023-10-04,GOOG,134.991425,136.270004
2023-10-05,GOOG,134.714035,135.990005
2023-10-06,GOOG,137.428329,138.729996
2023-10-09,GOOG,138.191086,139.500000
2023-10-10,GOOG,137.893936,139.199997
2023-10-11,GOOG,140.370453,141.699997
2023-10-12,GOOG,138.973663,140.289993
2023-10-13,GOOG,137.279724,138.580002
2023-10-16,GOOG,139.171829,140.490005
2023-10-17,GOOG,139.667130,140.990005
2023-10-18,GOOG,137.973175,139.279999
2023-10-19,GOOG,137.675980,138.979996
2023-10-20,GOOG,135.457001,136.740005
2023-10-23,GOOG,136.606125,137.899994
2023-10-24,GOOG,138.805283,140.119995
2023-10-25,GOOG,125.481476,126.669998
2023-10-26,GOOG,122.281799,123.440002
2023-10-27,GOOG,122.242165,123.400002
2023-10-30,GOOG,124.570107,125.750000
2023-10-31,GOOG,124.124352,125.300003
2023-11-01,GOOG,126.373032,127.570000
2023-11-02,GOOG,127.373573,128.580002
2023-11-03,GOOG,129.146744,130.369995
2023-11-06,GOOG,130.216644,131.449997
2023-11-07,GOOG,131.157700,132.399994
2023-11-08,GOOG,132.009644,133.259995
2023-11-09,GOOG,130.454407,131.690002
2023-11-10,GOOG,132.802124,134.059998
2023-11-13,GOOG,132.386093,133.639999
2023-11-14,GOOG,134.159286,135.429993
2023-11-15,GOOG,135.100372,136.380005
2023-11-16,GOOG,137.398605,138.699997
2023-11-17,GOOG,135.655121,136.940002
2023-11-20,GOOG,136.625931,137.919998
2023-11-21,GOOG,137.319351,138.619995
2023-11-22,GOOG,138.706253,140.020004
2023-11-24,GOOG,136.923111,138.220001
2023-11-27,GOOG,136.754684,138.050003
2023-11-28,GOOG,137.319351,138.619995
2023-11-29,GOOG,135.120178,136.399994
2023-11-30,GOOG,132.663422,133.919998
2023-12-01,GOOG,132.069107,133.320007
2023-12-04,GOOG,129.404343,130.630005
2023-12-05,GOOG,131.147827,132.389999
2023-12-06,GOOG,130.196808,131.429993
2023-12-07,GOOG,137.150955,138.449997
2023-12-08,GOOG,135.357925,136.639999
2023-12-11,GOOG,133.436127,134.699997
2023-12-12,GOOG,132.386093,133.639999
2023-12-13,GOOG,132.713013,133.970001
2023-12-14,GOOG,131.950226,133.199997
2023-12-15,GOOG,132.584183,133.839996
2023-12-18,GOOG,135.902786,137.190002
2023-12-19,GOOG,136.804245,138.100006
2023-12-20,GOOG,138.349594,139.660004
2023-12-21,GOOG,140.469513,141.800003
2023-12-22,GOOG,141.380875,142.720001
2023-12-26,GOOG,141.479965,142.820007
2023-12-27,GOOG,140.112930,141.440002
2023-12-28,GOOG,139.954391,141.279999
2023-12-29,GOOG,139.607666,140.929993
2024-01-02,GOOG,138.250549,139.559998
2024-01-03,GOOG,139.043030,140.360001
2024-01-04,GOOG,136.744812,138.039993
2024-01-05,GOOG,136.100891,137.389999
2024-01-08,GOOG,139.211441,140.529999
2024-01-09,GOOG,141.222382,142.559998
2024-01-10,GOOG,142.450760,143.800003
2024-01-11,GOOG,142.321960,143.669998
2024-01-12,GOOG,142.886612,144.240005
2024-01-16,GOOG,142.728149,144.080002
2024-01-17,GOOG,141.549301,142.889999
2024-01-18,GOOG,143.629608,144.990005
2024-01-19,GOOG,146.581650,147.970001
2024-01-22,GOOG,146.324081,147.710007
2024-01-23,GOOG,147.284958,148.679993
2024-01-24,GOOG,148.939301,150.350006
2024-01-25,GOOG,152.198441,153.639999
2024-01-26,GOOG,152.347015,153.789993
2024-01-29,GOOG,153.387177,154.839996
2024-01-30,GOOG,151.613983,153.050003
2024-01-31,GOOG,140.469513,141.800003
2024-02-01,GOOG,141.371002,142.710007
2024-02-02,GOOG,142.193161,143.539993
2024-02-05,GOOG,143.570160,144.929993
2024-02-06,GOOG,144.045670,145.410004
2024-02-07,GOOG,145.303726,146.679993
2024-02-08,GOOG,145.838669,147.220001
2024-02-09,GOOG,148.810516,150.220001
2024-02-12,GOOG,147.334488,148.729996
2024-02-13,GOOG,144.996658,146.369995
2024-02-14,GOOG,145.759415,147.139999
2024-02-15,GOOG,142.589447,143.940002
2024-02-16,GOOG,140.429871,141.759995
2024-02-20,GOOG,140.865768,142.199997
2024-02-21,GOOG,142.490402,143.839996
2024-02-22,GOOG,143.956512,145.320007
2024-02-23,GOOG,143.926773,145.289993
2024-02-26,GOOG,137.448151,138.750000
2024-02-27,GOOG,138.785477,140.100006
2024-02-28,GOOG,136.140503,137.429993
2024-02-29,GOOG,138.468460,139.779999
2024-03-01,GOOG,136.784424,138.080002
2024-03-04,GOOG,132.940826,134.199997
2024-03-05,GOOG,132.524780,133.779999
2024-03-06,GOOG,131.316223,132.559998
2024-03-07,GOOG,133.971069,135.240005
2024-03-08,GOOG,135.011230,136.289993
2024-03-11,GOOG,137.636353,138.940002
2024-03-12,GOOG,138.309982,139.619995
2024-03-13,GOOG,139.449188,140.770004
2024-03-14,GOOG,142.985703,144.339996
2024-03-15,GOOG,140.836044,142.169998
2024-03-18,GOOG,147.086838,148.479996
2024-03-19,GOOG,146.532089,147.919998
2024-03-20,GOOG,148.275589,149.679993
2024-03-21,GOOG,147.344421,148.740005
2024-03-22,GOOG,150.345963,151.770004
2024-03-25,GOOG,149.731781,151.149994
2024-03-26,GOOG,150.276596,151.699997
2024-03-27,GOOG,150.514389,151.940002
2024-03-28,GOOG,150.831375,152.259995
2024-04-01,GOOG,155.031601,156.500000
2024-04-02,GOOG,154.407486,155.869995
2024-04-03,GOOG,154.902786,156.369995
2024-04-04,GOOG,150.514389,151.940002
2024-04-05,GOOG,152.495605,153.940002
2024-04-08,GOOG,154.674973,156.139999
2024-04-09,GOOG,156.656204,158.139999
2024-04-10,GOOG,156.180710,157.660004
2024-04-11,GOOG,159.281372,160.789993
2024-04-12,GOOG,157.696350,159.190002
2024-04-15,GOOG,154.863190,156.330002
2024-04-16,GOOG,154.536301,156.000000
2024-04-17,GOOG,155.408005,156.880005
2024-04-18,GOOG,155.982605,157.460007
2024-04-19,GOOG,154.258926,155.720001
2024-04-22,GOOG,156.468002,157.949997
2024-04-23,GOOG,158.419495,159.919998
2024-04-24,GOOG,159.588440,161.100006
2024-04-25,GOOG,156.468002,157.949997
2024-04-26,GOOG,172.060318,173.690002
2024-04-29,GOOG,166.324615,167.899994
2024-04-30,GOOG,163.095230,164.639999
2024-05-01,GOOG,164.016495,165.570007
2024-05-02,GOOG,166.879395,168.460007
2024-05-03,GOOG,167.404434,168.990005
2024-05-06,GOOG,168.236511,169.830002
2024-05-07,GOOG,171.356964,172.979996
2024-05-08,GOOG,169.554062,171.160004
2024-05-09,GOOG,169.970108,171.580002
2024-05-10,GOOG,168.692184,170.289993
2024-05-13,GOOG,169.296478,170.899994
2024-05-14,GOOG,170.316833,171.929993
2024-05-15,GOOG,172.248535,173.880005
2024-05-16,GOOG,173.783951,175.429993
2024-05-17,GOOG,175.626495,177.289993
2024-05-20,GOOG,176.785553,178.460007
2024-05-21,GOOG,177.855392,179.539993
2024-05-22,GOOG,176.329865,178.000000
2024-05-23,GOOG,173.417435,175.059998
2024-05-24,GOOG,174.675522,176.330002
2024-05-28,GOOG,176.349701,178.020004
2024-05-29,GOOG,175.735504,177.399994
2024-05-30,GOOG,171.931503,173.559998
2024-05-31,GOOG,172.327774,173.960007
2023-05-01,GRUBOLIVAR.CL,52708.371094,62900.000000
2023-05-02,GRUBOLIVAR.CL,51200.015625,61100.000000
2023-05-03,GRUBOLIVAR.CL,51200.015625,61100.000000
2023-05-04,GRUBOLIVAR.CL,53630.132812,64000.000000
2023-05-05,GRUBOLIVAR.CL,53638.519531,64010.000000
2023-05-08,GRUBOLIVAR.CL,53638.519531,64010.000000
2023-05-09,GRUBOLIVAR.CL,55154.265625,65606.000000
2023-05-10,GRUBOLIVAR.CL,53812.535156,64010.000000
2023-05-11,GRUBOLIVAR.CL,53812.535156,64010.000000
2023-05-12,GRUBOLIVAR.CL,53812.535156,64010.000000
2023-05-15,GRUBOLIVAR.CL,56933.562500,67722.468750
2023-05-16,GRUBOLIVAR.CL,55065.160156,65500.000000
2023-05-17,GRUBOLIVAR.CL,55065.160156,65500.000000
2023-05-18,GRUBOLIVAR.CL,55065.160156,65500.000000
2023-05-19,GRUBOLIVAR.CL,55065.160156,65500.000000
2023-05-22,GRUBOLIVAR.CL,55065.160156,65500.000000
2023-05-23,GRUBOLIVAR.CL,55065.160156,65500.000000
2023-05-24,GRUBOLIVAR.CL,55065.160156,65500.000000
2023-05-25,GRUBOLIVAR.CL,56166.464844,66810.000000
2023-05-26,GRUBOLIVAR.CL,57166.898438,68000.000000
2023-05-29,GRUBOLIVAR.CL,57166.898438,68000.000000
2023-05-30,GRUBOLIVAR.CL,58007.578125,69000.000000
2023-05-31,GRUBOLIVAR.CL,58932.324219,70100.000000
2023-06-01,GRUBOLIVAR.CL,58848.261719,70000.000000
2023-06-02,GRUBOLIVAR.CL,60109.285156,71500.000000
2023-06-05,GRUBOLIVAR.CL,60109.285156,71500.000000
2023-06-06,GRUBOLIVAR.CL,63892.402344,76000.000000
2023-06-07,GRUBOLIVAR.CL,63051.707031,75000.000000
2023-06-08,GRUBOLIVAR.CL,62524.890625,74168.046875
2023-06-13,GRUBOLIVAR.CL,63209.371094,74980.000000
2023-06-14,GRUBOLIVAR.CL,63209.371094,74980.000000
2023-06-15,GRUBOLIVAR.CL,63141.914062,74900.000000
2023-06-16,GRUBOLIVAR.CL,59188.167969,70210.000000
2023-06-19,GRUBOLIVAR.CL,59188.167969,70210.000000
2023-06-20,GRUBOLIVAR.CL,59179.746094,70200.000000
2023-06-21,GRUBOLIVAR.CL,61169.851562,72560.703125
2023-06-22,GRUBOLIVAR.CL,61489.601562,72940.000000
2023-06-23,GRUBOLIVAR.CL,61481.156250,72930.000000
2023-06-26,GRUBOLIVAR.CL,59978.593750,71147.609375
2023-06-27,GRUBOLIVAR.CL,61540.187500,73000.000000
2023-06-28,GRUBOLIVAR.CL,61540.187500,73000.000000
2023-06-29,GRUBOLIVAR.CL,60459.757812,71718.359375
2023-06-30,GRUBOLIVAR.CL,59019.562500,70010.000000
2023-07-03,GRUBOLIVAR.CL,59019.562500,70010.000000
2023-07-04,GRUBOLIVAR.CL,59355.417969,70408.398438
2023-07-05,GRUBOLIVAR.CL,59019.562500,70010.000000
2023-07-06,GRUBOLIVAR.CL,58421.023438,69300.000000
2023-07-07,GRUBOLIVAR.CL,60688.738281,71990.000000
2023-07-10,GRUBOLIVAR.CL,58168.125000,69000.000000
2023-07-11,GRUBOLIVAR.CL,60330.203125,71350.000000
2023-07-12,GRUBOLIVAR.CL,59188.699219,70000.000000
2023-07-13,GRUBOLIVAR.CL,59188.699219,70000.000000
2023-07-14,GRUBOLIVAR.CL,59180.250000,69990.000000
2023-07-17,GRUBOLIVAR.CL,59188.699219,70000.000000
2023-07-18,GRUBOLIVAR.CL,59180.250000,69990.000000
2023-07-19,GRUBOLIVAR.CL,59095.687500,69890.000000
2023-07-20,GRUBOLIVAR.CL,59095.687500,69890.000000
2023-07-21,GRUBOLIVAR.CL,56652.058594,67000.000000
2023-07-24,GRUBOLIVAR.CL,59180.250000,69990.000000
2023-07-25,GRUBOLIVAR.CL,59180.250000,69990.000000
2023-07-26,GRUBOLIVAR.CL,56652.058594,67000.000000
2023-07-27,GRUBOLIVAR.CL,56660.503906,67010.000000
2023-07-28,GRUBOLIVAR.CL,56652.058594,67000.000000
2023-07-31,GRUBOLIVAR.CL,56652.058594,67000.000000
2023-08-01,GRUBOLIVAR.CL,57074.808594,67500.000000
2023-08-02,GRUBOLIVAR.CL,56307.746094,66592.820312
2023-08-03,GRUBOLIVAR.CL,57074.808594,67500.000000
2023-08-04,GRUBOLIVAR.CL,57074.808594,67500.000000
2023-08-07,GRUBOLIVAR.CL,57074.808594,67500.000000
2023-08-08,GRUBOLIVAR.CL,55803.953125,65997.000000
2023-08-09,GRUBOLIVAR.CL,57254.386719,67500.000000
2023-08-10,GRUBOLIVAR.CL,57466.445312,67750.000000
2023-08-11,GRUBOLIVAR.CL,56830.304688,67000.000000
2023-08-14,GRUBOLIVAR.CL,56830.304688,67000.000000
2023-08-15,GRUBOLIVAR.CL,57245.917969,67490.000000
2023-08-16,GRUBOLIVAR.CL,56406.183594,66500.000000
2023-08-17,GRUBOLIVAR.CL,57373.136719,67640.000000
2023-08-18,GRUBOLIVAR.CL,57339.218750,67600.000000
2023-08-21,GRUBOLIVAR.CL,57339.218750,67600.000000
2023-08-22,GRUBOLIVAR.CL,56406.183594,66500.000000
2023-08-23,GRUBOLIVAR.CL,55133.863281,65000.000000
2023-08-24,GRUBOLIVAR.CL,55557.968750,65500.000000
2023-08-25,GRUBOLIVAR.CL,54836.992188,64650.000000
2023-08-28,GRUBOLIVAR.CL,53018.214844,62505.750000
2023-08-29,GRUBOLIVAR.CL,55133.863281,65000.000000
2023-08-30,GRUBOLIVAR.CL,52207.531250,61550.000000
2023-08-31,GRUBOLIVAR.CL,50120.933594,59090.000000
2023-09-01,GRUBOLIVAR.CL,50120.933594,59090.000000
2023-09-04,GRUBOLIVAR.CL,51124.472656,60273.128906
2023-09-05,GRUBOLIVAR.CL,48424.511719,57090.000000
2023-09-06,GRUBOLIVAR.CL,43598.175781,51400.000000
2023-09-07,GRUBOLIVAR.CL,45862.898438,54070.000000
2023-09-08,GRUBOLIVAR.CL,43937.441406,51800.000000
2023-09-11,GRUBOLIVAR.CL,42580.828125,50000.000000
2023-09-12,GRUBOLIVAR.CL,42580.828125,50000.000000
2023-09-13,GRUBOLIVAR.CL,41729.207031,49000.000000
2023-09-14,GRUBOLIVAR.CL,39855.652344,46800.000000
2023-09-15,GRUBOLIVAR.CL,40877.589844,48000.000000
2023-09-18,GRUBOLIVAR.CL,41328.949219,48530.000000
2023-09-19,GRUBOLIVAR.CL,41780.308594,49060.000000
2023-09-20,GRUBOLIVAR.CL,42654.367188,50086.359375
2023-09-21,GRUBOLIVAR.CL,41780.308594,49060.000000
2023-09-22,GRUBOLIVAR.CL,42921.468750,50400.000000
2023-09-25,GRUBOLIVAR.CL,43727.183594,51346.101562
2023-09-26,GRUBOLIVAR.CL,42580.828125,50000.000000
2023-09-27,GRUBOLIVAR.CL,44624.695312,52400.000000
2023-09-28,GRUBOLIVAR.CL,45476.312500,53400.000000
2023-09-29,GRUBOLIVAR.CL,45135.667969,53000.000000
2023-10-02,GRUBOLIVAR.CL,45144.195312,53010.000000
2023-10-03,GRUBOLIVAR.CL,44752.441406,52550.000000
2023-10-04,GRUBOLIVAR.CL,46100.328125,54132.730469
2023-10-05,GRUBOLIVAR.CL,43943.414062,51600.000000
2023-10-06,GRUBOLIVAR.CL,44284.070312,52000.000000
2023-10-09,GRUBOLIVAR.CL,44284.070312,52000.000000
2023-10-10,GRUBOLIVAR.CL,44230.324219,51730.140625
2023-10-11,GRUBOLIVAR.CL,44033.535156,51500.000000
2023-10-12,GRUBOLIVAR.CL,44267.820312,51774.011719
2023-10-13,GRUBOLIVAR.CL,44033.535156,51500.000000
2023-10-16,GRUBOLIVAR.CL,44033.535156,51500.000000
2023-10-17,GRUBOLIVAR.CL,43452.117188,50820.000000
2023-10-18,GRUBOLIVAR.CL,43700.082031,51110.000000
2023-10-19,GRUBOLIVAR.CL,43828.324219,51260.000000
2023-10-20,GRUBOLIVAR.CL,43691.531250,51100.000000
2023-10-23,GRUBOLIVAR.CL,43360.289062,50712.601562
2023-10-24,GRUBOLIVAR.CL,43691.531250,51100.000000
2023-10-25,GRUBOLIVAR.CL,43329.921875,50677.089844
2023-10-26,GRUBOLIVAR.CL,43435.019531,50800.000000
2023-10-27,GRUBOLIVAR.CL,43352.359375,50703.328125
2023-10-30,GRUBOLIVAR.CL,43435.019531,50800.000000
2023-10-31,GRUBOLIVAR.CL,43204.160156,50530.000000
2023-11-01,GRUBOLIVAR.CL,43537.621094,50920.000000
2023-11-02,GRUBOLIVAR.CL,43503.429688,50880.000000
2023-11-03,GRUBOLIVAR.CL,43503.429688,50880.000000
2023-11-06,GRUBOLIVAR.CL,43503.429688,50880.000000
2023-11-07,GRUBOLIVAR.CL,43503.429688,50880.000000
2023-11-08,GRUBOLIVAR.CL,43681.148438,50880.000000
2023-11-09,GRUBOLIVAR.CL,43681.148438,50880.000000
2023-11-10,GRUBOLIVAR.CL,42496.382812,49500.000000
2023-11-13,GRUBOLIVAR.CL,42496.382812,49500.000000
2023-11-14,GRUBOLIVAR.CL,42925.640625,50000.000000
2023-11-15,GRUBOLIVAR.CL,42925.640625,50000.000000
2023-11-16,GRUBOLIVAR.CL,42238.843750,49200.000000
2023-11-17,GRUBOLIVAR.CL,42238.843750,49200.000000
2023-11-20,GRUBOLIVAR.CL,42067.132812,49000.000000
2023-11-21,GRUBOLIVAR.CL,40727.851562,47440.000000
2023-11-22,GRUBOLIVAR.CL,41723.730469,48600.000000
2023-11-23,GRUBOLIVAR.CL,41706.554688,48580.000000
2023-11-24,GRUBOLIVAR.CL,41706.554688,48580.000000
2023-11-27,GRUBOLIVAR.CL,41277.296875,48080.000000
2023-11-28,GRUBOLIVAR.CL,41380.320312,48200.000000
2023-11-29,GRUBOLIVAR.CL,41895.425781,48800.000000
2023-11-30,GRUBOLIVAR.CL,42067.132812,49000.000000
2023-12-01,GRUBOLIVAR.CL,42925.640625,50000.000000
2023-12-04,GRUBOLIVAR.CL,42084.316406,49020.000000
2023-12-05,GRUBOLIVAR.CL,42015.617188,48940.000000
2023-12-06,GRUBOLIVAR.CL,41740.886719,48620.000000
2023-12-07,GRUBOLIVAR.CL,42668.085938,49700.000000
2023-12-08,GRUBOLIVAR.CL,42668.085938,49700.000000
2023-12-11,GRUBOLIVAR.CL,44122.460938,51180.000000
2023-12-12,GRUBOLIVAR.CL,45432.847656,52700.000000
2023-12-13,GRUBOLIVAR.CL,46381.171875,53800.000000
2023-12-14,GRUBOLIVAR.CL,48984.714844,56820.000000
2023-12-15,GRUBOLIVAR.CL,51657.242188,59920.000000
2023-12-18,GRUBOLIVAR.CL,50864.101562,59000.000000
2023-12-19,GRUBOLIVAR.CL,52381.406250,60760.000000
2023-12-20,GRUBOLIVAR.CL,51726.207031,60000.000000
2023-12-21,GRUBOLIVAR.CL,49967.519531,57960.000000
2023-12-22,GRUBOLIVAR.CL,49967.519531,57960.000000
2023-12-25,GRUBOLIVAR.CL,49967.519531,57960.000000
2023-12-26,GRUBOLIVAR.CL,49967.519531,57960.000000
2023-12-27,GRUBOLIVAR.CL,50846.867188,58980.000000
2023-12-28,GRUBOLIVAR.CL,50846.867188,58980.000000
2023-12-29,GRUBOLIVAR.CL,50846.867188,58980.000000
2024-01-01,GRUBOLIVAR.CL,50846.867188,58980.000000
2024-01-02,GRUBOLIVAR.CL,51898.636719,60200.000000
2024-01-03,GRUBOLIVAR.CL,51898.636719,60200.000000
2024-01-04,GRUBOLIVAR.CL,52157.265625,60500.000000
2024-01-05,GRUBOLIVAR.CL,52588.316406,61000.000000
2024-01-08,GRUBOLIVAR.CL,52588.316406,61000.000000
2024-01-09,GRUBOLIVAR.CL,51902.335938,60000.000000
2024-01-10,GRUBOLIVAR.CL,51902.335938,60000.000000
2024-01-11,GRUBOLIVAR.CL,52075.347656,60200.000000
2024-01-12,GRUBOLIVAR.CL,52334.855469,60500.000000
2024-01-15,GRUBOLIVAR.CL,52767.378906,61000.000000
2024-01-16,GRUBOLIVAR.CL,52888.492188,61140.000000
2024-01-17,GRUBOLIVAR.CL,53199.902344,61500.000000
2024-01-18,GRUBOLIVAR.CL,53632.421875,62000.000000
2024-01-19,GRUBOLIVAR.CL,53632.421875,62000.000000
2024-01-22,GRUBOLIVAR.CL,53632.421875,62000.000000
2024-01-23,GRUBOLIVAR.CL,51244.910156,59240.000000
2024-01-24,GRUBOLIVAR.CL,51244.910156,59240.000000
2024-01-25,GRUBOLIVAR.CL,51244.910156,59240.000000
2024-01-26,GRUBOLIVAR.CL,51244.910156,59240.000000
2024-01-29,GRUBOLIVAR.CL,51244.910156,59240.000000
2024-01-30,GRUBOLIVAR.CL,51244.910156,59240.000000
2024-01-31,GRUBOLIVAR.CL,53632.421875,62000.000000
2024-02-01,GRUBOLIVAR.CL,54237.949219,62700.000000
2024-02-02,GRUBOLIVAR.CL,54237.949219,62700.000000
2024-02-05,GRUBOLIVAR.CL,54237.949219,62700.000000
2024-02-06,GRUBOLIVAR.CL,52819.289062,61060.000000
2024-02-07,GRUBOLIVAR.CL,52819.289062,61060.000000
2024-02-08,GRUBOLIVAR.CL,54445.546875,62940.000000
2024-02-09,GRUBOLIVAR.CL,54625.210938,62940.000000
2024-02-12,GRUBOLIVAR.CL,52333.964844,60300.000000
2024-02-13,GRUBOLIVAR.CL,52333.964844,60300.000000
2024-02-14,GRUBOLIVAR.CL,52333.964844,60300.000000
2024-02-15,GRUBOLIVAR.CL,52333.964844,60300.000000
2024-02-16,GRUBOLIVAR.CL,52333.964844,60300.000000
2024-02-19,GRUBOLIVAR.CL,52333.964844,60300.000000
2024-02-20,GRUBOLIVAR.CL,52507.550781,60500.000000
2024-02-21,GRUBOLIVAR.CL,52073.605469,60000.000000
2024-02-22,GRUBOLIVAR.CL,51639.652344,59500.000000
2024-02-23,GRUBOLIVAR.CL,52073.605469,60000.000000
2024-02-26,GRUBOLIVAR.CL,52073.605469,60000.000000
2024-02-27,GRUBOLIVAR.CL,51639.652344,59500.000000
2024-02-28,GRUBOLIVAR.CL,51379.281250,59200.000000
2024-02-29,GRUBOLIVAR.CL,52247.175781,60200.000000
2024-03-01,GRUBOLIVAR.CL,52420.769531,60400.000000
2024-03-04,GRUBOLIVAR.CL,51379.281250,59200.000000
2024-03-05,GRUBOLIVAR.CL,51379.281250,59200.000000
2024-03-06,GRUBOLIVAR.CL,51205.710938,59000.000000
2024-03-07,GRUBOLIVAR.CL,50337.820312,58000.000000
2024-03-08,GRUBOLIVAR.CL,50337.820312,58000.000000
2024-03-11,GRUBOLIVAR.CL,47887.691406,54980.000000
2024-03-12,GRUBOLIVAR.CL,47887.691406,54980.000000
2024-03-13,GRUBOLIVAR.CL,46947.003906,53900.000000
2024-03-14,GRUBOLIVAR.CL,45292.101562,52000.000000
2024-03-15,GRUBOLIVAR.CL,44421.105469,51000.000000
2024-03-18,GRUBOLIVAR.CL,47399.929688,54420.000000
2024-03-19,GRUBOLIVAR.CL,49507.750000,56840.000000
2024-03-20,GRUBOLIVAR.CL,49403.226562,56720.000000
2024-03-21,GRUBOLIVAR.CL,52695.621094,60500.000000
2024-03-22,GRUBOLIVAR.CL,56075.097656,64380.000000
2024-03-25,GRUBOLIVAR.CL,56075.097656,64380.000000
2024-03-26,GRUBOLIVAR.CL,57399.035156,65900.000000
2024-03-27,GRUBOLIVAR.CL,57381.613281,65880.000000
2024-03-28,GRUBOLIVAR.CL,57381.613281,65880.000000
2024-03-29,GRUBOLIVAR.CL,57381.613281,65880.000000
2024-04-01,GRUBOLIVAR.CL,58879.730469,67600.000000
2024-04-02,GRUBOLIVAR.CL,59750.726562,68600.000000
2024-04-03,GRUBOLIVAR.CL,60848.195312,69860.000000
2024-04-04,GRUBOLIVAR.CL,59576.542969,68400.000000
2024-04-05,GRUBOLIVAR.CL,59036.515625,67780.000000
2024-04-08,GRUBOLIVAR.CL,60761.097656,69760.000000
2024-04-09,GRUBOLIVAR.CL,59576.542969,68400.000000
2024-04-10,GRUBOLIVAR.CL,59489.441406,68300.000000
2024-04-11,GRUBOLIVAR.CL,60534.644531,69500.000000
2024-04-12,GRUBOLIVAR.CL,60970.125000,70000.000000
2024-04-15,GRUBOLIVAR.CL,62572.781250,71840.000000
2024-04-16,GRUBOLIVAR.CL,63576.949219,69140.000000
2024-04-17,GRUBOLIVAR.CL,61793.015625,67200.000000
2024-04-18,GRUBOLIVAR.CL,59898.753906,65140.000000
2024-04-19,GRUBOLIVAR.CL,58850.500000,64000.000000
2024-04-22,GRUBOLIVAR.CL,59402.210938,64600.000000
2024-04-23,GRUBOLIVAR.CL,59604.511719,64820.000000
2024-04-24,GRUBOLIVAR.CL,59310.261719,64500.000000
2024-04-25,GRUBOLIVAR.CL,59898.753906,65140.000000
2024-04-26,GRUBOLIVAR.CL,59898.753906,65140.000000
2024-04-29,GRUBOLIVAR.CL,61517.148438,66900.000000
2024-04-30,GRUBOLIVAR.CL,61793.015625,67200.000000
2024-05-02,GRUBOLIVAR.CL,61517.148438,66900.000000
2024-05-03,GRUBOLIVAR.CL,54436.699219,59200.000000
2024-05-06,GRUBOLIVAR.CL,61222.902344,66580.000000
2024-05-07,GRUBOLIVAR.CL,61498.769531,66880.000000
2024-05-08,GRUBOLIVAR.CL,61689.707031,66880.000000
2024-05-09,GRUBOLIVAR.CL,60509.031250,65600.000000
2024-05-10,GRUBOLIVAR.CL,61062.464844,66200.000000
2024-05-14,GRUBOLIVAR.CL,59955.593750,65000.000000
2024-05-15,GRUBOLIVAR.CL,59586.636719,64600.000000
2024-05-16,GRUBOLIVAR.CL,60379.898438,65460.000000
2024-05-17,GRUBOLIVAR.CL,61357.640625,66520.000000
2024-05-20,GRUBOLIVAR.CL,60859.554688,65980.000000
2024-05-21,GRUBOLIVAR.CL,60785.750000,65900.000000
2024-05-22,GRUBOLIVAR.CL,59605.078125,64620.000000
2024-05-23,GRUBOLIVAR.CL,59605.078125,64620.000000
2024-05-24,GRUBOLIVAR.CL,59771.113281,64800.000000
2024-05-27,GRUBOLIVAR.CL,59771.113281,64800.000000
2024-05-28,GRUBOLIVAR.CL,59143.886719,64120.000000
2024-05-29,GRUBOLIVAR.CL,57649.617188,62500.000000
2024-05-30,GRUBOLIVAR.CL,57686.503906,62540.000000
2024-05-31,GRUBOLIVAR.CL,55435.867188,60100.000000
2023-05-01,GRUPOARGOS.CL,7729.066895,8850.000000
2023-05-02,GRUPOARGOS.CL,7362.263672,8430.000000
2023-05-03,GRUPOARGOS.CL,7729.066895,8850.000000
2023-05-04,GRUPOARGOS.CL,7563.132324,8660.000000
2023-05-05,GRUPOARGOS.CL,7663.566895,8775.000000
2023-05-08,GRUPOARGOS.CL,7510.730469,8600.000000
2023-05-09,GRUPOARGOS.CL,7598.065918,8700.000000
2023-05-10,GRUPOARGOS.CL,8008.536133,9170.000000
2023-05-11,GRUPOARGOS.CL,7842.601074,8980.000000
2023-05-12,GRUPOARGOS.CL,8078.404297,9250.000000
2023-05-15,GRUPOARGOS.CL,8205.038086,9395.000000
2023-05-16,GRUPOARGOS.CL,8122.069824,9300.000000
2023-05-17,GRUPOARGOS.CL,8209.404297,9400.000000
2023-05-18,GRUPOARGOS.CL,8209.404297,9400.000000
2023-05-19,GRUPOARGOS.CL,8122.069824,9300.000000
2023-05-22,GRUPOARGOS.CL,8122.069824,9300.000000
2023-05-23,GRUPOARGOS.CL,8270.537109,9470.000000
2023-05-24,GRUPOARGOS.CL,8165.737793,9350.000000
2023-05-25,GRUPOARGOS.CL,8165.737793,9350.000000
2023-05-26,GRUPOARGOS.CL,8165.737793,9350.000000
2023-05-29,GRUPOARGOS.CL,8165.737793,9350.000000
2023-05-30,GRUPOARGOS.CL,8165.737793,9350.000000
2023-05-31,GRUPOARGOS.CL,8165.737793,9350.000000
2023-06-01,GRUPOARGOS.CL,8165.737793,9350.000000
2023-06-02,GRUPOARGOS.CL,8165.737793,9350.000000
2023-06-05,GRUPOARGOS.CL,8165.737793,9350.000000
2023-06-06,GRUPOARGOS.CL,8165.737793,9350.000000
2023-06-07,GRUPOARGOS.CL,8165.737793,9350.000000
2023-06-08,GRUPOARGOS.CL,8165.737793,9350.000000
2023-06-09,GRUPOARGOS.CL,8165.737793,9350.000000
2023-06-12,GRUPOARGOS.CL,8165.737793,9350.000000
2023-06-13,GRUPOARGOS.CL,8165.737793,9350.000000
2023-06-14,GRUPOARGOS.CL,8165.737793,9350.000000
2023-06-15,GRUPOARGOS.CL,8165.737793,9350.000000
2023-06-16,GRUPOARGOS.CL,8794.542969,10070.000000
2023-06-19,GRUPOARGOS.CL,8794.542969,10070.000000
2023-06-20,GRUPOARGOS.CL,8344.773438,9555.000000
2023-06-21,GRUPOARGOS.CL,7881.901855,9025.000000
2023-06-22,GRUPOARGOS.CL,8065.301758,9235.000000
2023-06-23,GRUPOARGOS.CL,7956.135742,9110.000000
2023-06-26,GRUPOARGOS.CL,7938.669434,9090.000000
2023-06-27,GRUPOARGOS.CL,7947.400879,9100.000000
2023-06-28,GRUPOARGOS.CL,8026.002930,9190.000000
2023-06-29,GRUPOARGOS.CL,8340.404297,9550.000000
2023-06-30,GRUPOARGOS.CL,8427.739258,9650.000000
2023-07-03,GRUPOARGOS.CL,8427.739258,9650.000000
2023-07-04,GRUPOARGOS.CL,8558.742188,9800.000000
2023-07-05,GRUPOARGOS.CL,8584.223633,9685.000000
2023-07-06,GRUPOARGOS.CL,8274.001953,9335.000000
2023-07-07,GRUPOARGOS.CL,8415.817383,9495.000000
2023-07-10,GRUPOARGOS.CL,8526.611328,9620.000000
2023-07-11,GRUPOARGOS.CL,8619.675781,9725.000000
2023-07-12,GRUPOARGOS.CL,8411.384766,9490.000000
2023-07-13,GRUPOARGOS.CL,8522.178711,9615.000000
2023-07-14,GRUPOARGOS.CL,8464.567383,9550.000000
2023-07-17,GRUPOARGOS.CL,8597.516602,9700.000000
2023-07-18,GRUPOARGOS.CL,8535.474609,9630.000000
2023-07-19,GRUPOARGOS.CL,8593.084961,9695.000000
2023-07-20,GRUPOARGOS.CL,8593.084961,9695.000000
2023-07-21,GRUPOARGOS.CL,8655.127930,9765.000000
2023-07-24,GRUPOARGOS.CL,8672.856445,9785.000000
2023-07-25,GRUPOARGOS.CL,8539.905273,9635.000000
2023-07-26,GRUPOARGOS.CL,8553.201172,9650.000000
2023-07-27,GRUPOARGOS.CL,8508.883789,9600.000000
2023-07-28,GRUPOARGOS.CL,8508.883789,9600.000000
2023-07-31,GRUPOARGOS.CL,8508.883789,9600.000000
2023-08-01,GRUPOARGOS.CL,8579.791992,9680.000000
2023-08-02,GRUPOARGOS.CL,8525.917969,9619.219727
2023-08-03,GRUPOARGOS.CL,8393.660156,9470.000000
2023-08-04,GRUPOARGOS.CL,8393.660156,9470.000000
2023-08-07,GRUPOARGOS.CL,8393.660156,9470.000000
2023-08-08,GRUPOARGOS.CL,8531.041016,9625.000000
2023-08-09,GRUPOARGOS.CL,8508.883789,9600.000000
2023-08-10,GRUPOARGOS.CL,8517.747070,9610.000000
2023-08-11,GRUPOARGOS.CL,8579.791992,9680.000000
2023-08-14,GRUPOARGOS.CL,8322.750977,9390.000000
2023-08-15,GRUPOARGOS.CL,8154.345703,9200.000000
2023-08-16,GRUPOARGOS.CL,8198.663086,9250.000000
2023-08-17,GRUPOARGOS.CL,8110.029297,9150.000000
2023-08-18,GRUPOARGOS.CL,8322.750977,9390.000000
2023-08-21,GRUPOARGOS.CL,8322.750977,9390.000000
2023-08-22,GRUPOARGOS.CL,7994.804688,9020.000000
2023-08-23,GRUPOARGOS.CL,7817.536621,8820.000000
2023-08-24,GRUPOARGOS.CL,7910.603027,8925.000000
2023-08-25,GRUPOARGOS.CL,8043.554199,9075.000000
2023-08-28,GRUPOARGOS.CL,7728.901855,8720.000000
2023-08-29,GRUPOARGOS.CL,7693.450195,8680.000000
2023-08-30,GRUPOARGOS.CL,7436.410156,8390.000000
2023-08-31,GRUPOARGOS.CL,7143.916992,8060.000000
2023-09-01,GRUPOARGOS.CL,7090.735840,8000.000000
2023-09-04,GRUPOARGOS.CL,6895.741699,7780.000000
2023-09-05,GRUPOARGOS.CL,6869.150391,7750.000000
2023-09-06,GRUPOARGOS.CL,6913.468262,7800.000000
2023-09-07,GRUPOARGOS.CL,7356.639160,8300.000000
2023-09-08,GRUPOARGOS.CL,7445.272949,8400.000000
2023-09-11,GRUPOARGOS.CL,7356.639160,8300.000000
2023-09-12,GRUPOARGOS.CL,7090.735840,8000.000000
2023-09-13,GRUPOARGOS.CL,7330.048828,8270.000000
2023-09-14,GRUPOARGOS.CL,7347.774414,8290.000000
2023-09-15,GRUPOARGOS.CL,7347.774414,8290.000000
2023-09-18,GRUPOARGOS.CL,7560.497559,8530.000000
2023-09-19,GRUPOARGOS.CL,7595.951660,8570.000000
2023-09-20,GRUPOARGOS.CL,7622.541016,8600.000000
2023-09-21,GRUPOARGOS.CL,7573.791992,8545.000000
2023-09-22,GRUPOARGOS.CL,7861.854004,8870.000000
2023-09-25,GRUPOARGOS.CL,7959.351562,8980.000000
2023-09-26,GRUPOARGOS.CL,7977.076660,9000.000000
2023-09-27,GRUPOARGOS.CL,8065.712402,9100.000000
2023-09-28,GRUPOARGOS.CL,8331.614258,9400.000000
2023-09-29,GRUPOARGOS.CL,8287.297852,9350.000000
2023-10-02,GRUPOARGOS.CL,8216.391602,9270.000000
2023-10-03,GRUPOARGOS.CL,8114.460938,9155.000000
2023-10-04,GRUPOARGOS.CL,7990.373047,9015.000000
2023-10-05,GRUPOARGOS.CL,8065.808594,8955.000000
2023-10-06,GRUPOARGOS.CL,8025.276367,8910.000000
2023-10-09,GRUPOARGOS.CL,8079.319336,8970.000000
2023-10-10,GRUPOARGOS.CL,8151.375488,9050.000000
2023-10-11,GRUPOARGOS.CL,8088.324707,8980.000000
2023-10-12,GRUPOARGOS.CL,8196.409180,9100.000000
2023-10-13,GRUPOARGOS.CL,8151.375488,9050.000000
2023-10-16,GRUPOARGOS.CL,8151.375488,9050.000000
2023-10-17,GRUPOARGOS.CL,8286.480469,9200.000000
2023-10-18,GRUPOARGOS.CL,8349.528320,9270.000000
2023-10-19,GRUPOARGOS.CL,8268.465820,9180.000000
2023-10-20,GRUPOARGOS.CL,8322.508789,9240.000000
2023-10-23,GRUPOARGOS.CL,8313.500977,9230.000000
2023-10-24,GRUPOARGOS.CL,8313.500977,9230.000000
2023-10-25,GRUPOARGOS.CL,8146.872070,9045.000000
2023-10-26,GRUPOARGOS.CL,8205.416992,9110.000000
2023-10-27,GRUPOARGOS.CL,8191.905762,9095.000000
2023-10-30,GRUPOARGOS.CL,8061.303711,8950.000000
2023-10-31,GRUPOARGOS.CL,8034.282715,8920.000000
2023-11-01,GRUPOARGOS.CL,8002.758789,8885.000000
2023-11-02,GRUPOARGOS.CL,7980.240234,8860.000000
2023-11-03,GRUPOARGOS.CL,7926.197266,8800.000000
2023-11-06,GRUPOARGOS.CL,7926.197266,8800.000000
2023-11-07,GRUPOARGOS.CL,8196.409180,9100.000000
2023-11-08,GRUPOARGOS.CL,8277.473633,9190.000000
2023-11-09,GRUPOARGOS.CL,8358.535156,9280.000000
2023-11-10,GRUPOARGOS.CL,8286.480469,9200.000000
2023-11-13,GRUPOARGOS.CL,8286.480469,9200.000000
2023-11-14,GRUPOARGOS.CL,8403.572266,9330.000000
2023-11-15,GRUPOARGOS.CL,8331.514648,9250.000000
2023-11-16,GRUPOARGOS.CL,8412.578125,9340.000000
2023-11-17,GRUPOARGOS.CL,8331.514648,9250.000000
2023-11-20,GRUPOARGOS.CL,8430.592773,9360.000000
2023-11-21,GRUPOARGOS.CL,8484.635742,9420.000000
2023-11-22,GRUPOARGOS.CL,8340.524414,9260.000000
2023-11-23,GRUPOARGOS.CL,8538.677734,9480.000000
2023-11-24,GRUPOARGOS.CL,8502.649414,9440.000000
2023-11-27,GRUPOARGOS.CL,8466.622070,9400.000000
2023-11-28,GRUPOARGOS.CL,8475.627930,9410.000000
2023-11-29,GRUPOARGOS.CL,9259.239258,10280.000000
2023-11-30,GRUPOARGOS.CL,9367.325195,10400.000000
2023-12-01,GRUPOARGOS.CL,9349.310547,10380.000000
2023-12-04,GRUPOARGOS.CL,9691.578125,10760.000000
2023-12-05,GRUPOARGOS.CL,9673.565430,10740.000000
2023-12-06,GRUPOARGOS.CL,9169.168945,10180.000000
2023-12-07,GRUPOARGOS.CL,9367.325195,10400.000000
2023-12-08,GRUPOARGOS.CL,9367.325195,10400.000000
2023-12-11,GRUPOARGOS.CL,9655.551758,10720.000000
2023-12-12,GRUPOARGOS.CL,10250.017578,11380.000000
2023-12-13,GRUPOARGOS.CL,10682.353516,11860.000000
2023-12-14,GRUPOARGOS.CL,10808.450195,12000.000000
2023-12-15,GRUPOARGOS.CL,10988.593750,12200.000000
2023-12-18,GRUPOARGOS.CL,11096.677734,12320.000000
2023-12-19,GRUPOARGOS.CL,11132.706055,12360.000000
2023-12-20,GRUPOARGOS.CL,10646.325195,11820.000000
2023-12-21,GRUPOARGOS.CL,10700.368164,11880.000000
2023-12-22,GRUPOARGOS.CL,10970.579102,12180.000000
2023-12-25,GRUPOARGOS.CL,10970.579102,12180.000000
2023-12-26,GRUPOARGOS.CL,11078.662109,12300.000000
2023-12-27,GRUPOARGOS.CL,11114.691406,12340.000000
2023-12-28,GRUPOARGOS.CL,11186.747070,12420.000000
2023-12-29,GRUPOARGOS.CL,11186.747070,12420.000000
2024-01-01,GRUPOARGOS.CL,11186.747070,12420.000000
2024-01-02,GRUPOARGOS.CL,11619.087891,12900.000000
2024-01-03,GRUPOARGOS.CL,11799.226562,13100.000000
2024-01-04,GRUPOARGOS.CL,12257.990234,13460.000000
2024-01-05,GRUPOARGOS.CL,12476.559570,13700.000000
2024-01-08,GRUPOARGOS.CL,12476.559570,13700.000000
2024-01-09,GRUPOARGOS.CL,12658.699219,13900.000000
2024-01-10,GRUPOARGOS.CL,12567.628906,13800.000000
2024-01-11,GRUPOARGOS.CL,12640.484375,13880.000000
2024-01-12,GRUPOARGOS.CL,12567.628906,13800.000000
2024-01-15,GRUPOARGOS.CL,12658.699219,13900.000000
2024-01-16,GRUPOARGOS.CL,12494.773438,13720.000000
2024-01-17,GRUPOARGOS.CL,12549.413086,13780.000000
2024-01-18,GRUPOARGOS.CL,12330.847656,13540.000000
2024-01-19,GRUPOARGOS.CL,12294.419922,13500.000000
2024-01-22,GRUPOARGOS.CL,12294.419922,13500.000000
2024-01-23,GRUPOARGOS.CL,12367.274414,13580.000000
2024-01-24,GRUPOARGOS.CL,12367.274414,13580.000000
2024-01-25,GRUPOARGOS.CL,12367.274414,13580.000000
2024-01-26,GRUPOARGOS.CL,12367.274414,13580.000000
2024-01-29,GRUPOARGOS.CL,12567.628906,13800.000000
2024-01-30,GRUPOARGOS.CL,12531.200195,13760.000000
2024-01-31,GRUPOARGOS.CL,12494.773438,13720.000000
2024-02-01,GRUPOARGOS.CL,12385.488281,13600.000000
2024-02-02,GRUPOARGOS.CL,12512.986328,13740.000000
2024-02-05,GRUPOARGOS.CL,12221.562500,13420.000000
2024-02-06,GRUPOARGOS.CL,12330.847656,13540.000000
2024-02-07,GRUPOARGOS.CL,12112.279297,13300.000000
2024-02-08,GRUPOARGOS.CL,12021.208984,13200.000000
2024-02-09,GRUPOARGOS.CL,11638.714844,12780.000000
2024-02-12,GRUPOARGOS.CL,11656.930664,12800.000000
2024-02-13,GRUPOARGOS.CL,11292.651367,12400.000000
2024-02-14,GRUPOARGOS.CL,11110.512695,12200.000000
2024-02-15,GRUPOARGOS.CL,11201.581055,12300.000000
2024-02-16,GRUPOARGOS.CL,11675.144531,12820.000000
2024-02-19,GRUPOARGOS.CL,11420.151367,12540.000000
2024-02-20,GRUPOARGOS.CL,11620.502930,12760.000000
2024-02-21,GRUPOARGOS.CL,11802.640625,12960.000000
2024-02-22,GRUPOARGOS.CL,12075.850586,13260.000000
2024-02-23,GRUPOARGOS.CL,12367.274414,13580.000000
2024-02-26,GRUPOARGOS.CL,12312.632812,13520.000000
2024-02-27,GRUPOARGOS.CL,12312.632812,13520.000000
2024-02-28,GRUPOARGOS.CL,12604.056641,13840.000000
2024-02-29,GRUPOARGOS.CL,12476.559570,13700.000000
2024-03-01,GRUPOARGOS.CL,12931.907227,14200.000000
2024-03-04,GRUPOARGOS.CL,13423.683594,14740.000000
2024-03-05,GRUPOARGOS.CL,13842.605469,15200.000000
2024-03-06,GRUPOARGOS.CL,13660.465820,15000.000000
2024-03-07,GRUPOARGOS.CL,13733.321289,15080.000000
2024-03-08,GRUPOARGOS.CL,13441.897461,14760.000000
2024-03-11,GRUPOARGOS.CL,13642.251953,14980.000000
2024-03-12,GRUPOARGOS.CL,13022.976562,14300.000000
2024-03-13,GRUPOARGOS.CL,13022.976562,14300.000000
2024-03-14,GRUPOARGOS.CL,13114.046875,14400.000000
2024-03-15,GRUPOARGOS.CL,13022.976562,14300.000000
2024-03-18,GRUPOARGOS.CL,13660.465820,15000.000000
2024-03-19,GRUPOARGOS.CL,13569.395508,14900.000000
2024-03-20,GRUPOARGOS.CL,13387.256836,14700.000000
2024-03-21,GRUPOARGOS.CL,13842.605469,15200.000000
2024-03-22,GRUPOARGOS.CL,13787.963867,15140.000000
2024-03-25,GRUPOARGOS.CL,13787.963867,15140.000000
2024-03-26,GRUPOARGOS.CL,13933.672852,15300.000000
2024-03-27,GRUPOARGOS.CL,14006.531250,15380.000000
2024-03-28,GRUPOARGOS.CL,14006.531250,15380.000000
2024-03-29,GRUPOARGOS.CL,14006.531250,15380.000000
2024-04-01,GRUPOARGOS.CL,14206.883789,15600.000000
2024-04-02,GRUPOARGOS.CL,14407.240234,15820.000000
2024-04-03,GRUPOARGOS.CL,14516.520508,15940.000000
2024-04-04,GRUPOARGOS.CL,14625.985352,15900.000000
2024-04-05,GRUPOARGOS.CL,14607.588867,15880.000000
2024-04-08,GRUPOARGOS.CL,14717.973633,16000.000000
2024-04-09,GRUPOARGOS.CL,15085.922852,16400.000000
2024-04-10,GRUPOARGOS.CL,15067.525391,16380.000000
2024-04-11,GRUPOARGOS.CL,15085.922852,16400.000000
2024-04-12,GRUPOARGOS.CL,15030.730469,16340.000000
2024-04-15,GRUPOARGOS.CL,14901.947266,16200.000000
2024-04-16,GRUPOARGOS.CL,14901.947266,16200.000000
2024-04-17,GRUPOARGOS.CL,14754.768555,16040.000000
2024-04-18,GRUPOARGOS.CL,14533.999023,15800.000000
2024-04-19,GRUPOARGOS.CL,14497.205078,15760.000000
2024-04-22,GRUPOARGOS.CL,14773.165039,16060.000000
2024-04-23,GRUPOARGOS.CL,14681.177734,15960.000000
2024-04-24,GRUPOARGOS.CL,14846.755859,16140.000000
2024-04-25,GRUPOARGOS.CL,15104.321289,16420.000000
2024-04-26,GRUPOARGOS.CL,15214.704102,16540.000000
2024-04-29,GRUPOARGOS.CL,15085.922852,16400.000000
2024-04-30,GRUPOARGOS.CL,14828.358398,16120.000000
2024-05-02,GRUPOARGOS.CL,14975.537109,16280.000000
2024-05-03,GRUPOARGOS.CL,13558.933594,14740.000000
2024-05-06,GRUPOARGOS.CL,14883.549805,16180.000000
2024-05-07,GRUPOARGOS.CL,14883.549805,16180.000000
2024-05-08,GRUPOARGOS.CL,14865.152344,16160.000000
2024-05-09,GRUPOARGOS.CL,14938.744141,16240.000000
2024-05-10,GRUPOARGOS.CL,14920.345703,16220.000000
2024-05-14,GRUPOARGOS.CL,14993.935547,16300.000000
2024-05-15,GRUPOARGOS.CL,15085.922852,16400.000000
2024-05-16,GRUPOARGOS.CL,15012.333008,16320.000000
2024-05-17,GRUPOARGOS.CL,14975.537109,16280.000000
2024-05-20,GRUPOARGOS.CL,15049.127930,16360.000000
2024-05-21,GRUPOARGOS.CL,15269.896484,16600.000000
2024-05-22,GRUPOARGOS.CL,14846.755859,16140.000000
2024-05-23,GRUPOARGOS.CL,14846.755859,16140.000000
2024-05-24,GRUPOARGOS.CL,15067.525391,16380.000000
2024-05-27,GRUPOARGOS.CL,14975.537109,16280.000000
2024-05-28,GRUPOARGOS.CL,15233.101562,16560.000000
2024-05-29,GRUPOARGOS.CL,15067.525391,16380.000000
2024-05-30,GRUPOARGOS.CL,15177.910156,16500.000000
2024-05-31,GRUPOARGOS.CL,15104.321289,16420.000000
2023-05-01,GRUPOSURA.CL,37235.394531,42090.000000
2023-05-02,GRUPOSURA.CL,37642.339844,42550.000000
2023-05-03,GRUPOSURA.CL,38836.636719,43900.000000
2023-05-04,GRUPOSURA.CL,39190.503906,44300.000000
2023-05-05,GRUPOSURA.CL,39190.503906,44300.000000
2023-05-08,GRUPOSURA.CL,39349.734375,44480.000000
2023-05-09,GRUPOSURA.CL,39455.894531,44600.000000
2023-05-10,GRUPOSURA.CL,40252.093750,45500.000000
2023-05-11,GRUPOSURA.CL,38933.945312,44010.000000
2023-05-12,GRUPOSURA.CL,38040.437500,43000.000000
2023-05-15,GRUPOSURA.CL,37615.804688,42520.000000
2023-05-16,GRUPOSURA.CL,38031.593750,42990.000000
2023-05-17,GRUPOSURA.CL,36111.875000,40820.000000
2023-05-18,GRUPOSURA.CL,36704.597656,41490.000000
2023-05-19,GRUPOSURA.CL,36079.335938,40783.218750
2023-05-22,GRUPOSURA.CL,36079.335938,40783.218750
2023-05-23,GRUPOSURA.CL,35563.382812,40200.000000
2023-05-24,GRUPOSURA.CL,35474.917969,40100.000000
2023-05-25,GRUPOSURA.CL,35474.917969,40100.000000
2023-05-26,GRUPOSURA.CL,35474.917969,40100.000000
2023-05-29,GRUPOSURA.CL,35474.917969,40100.000000
2023-05-30,GRUPOSURA.CL,35474.917969,40100.000000
2023-05-31,GRUPOSURA.CL,35474.917969,40100.000000
2023-06-01,GRUPOSURA.CL,35474.917969,40100.000000
2023-06-02,GRUPOSURA.CL,35474.917969,40100.000000
2023-06-05,GRUPOSURA.CL,35474.917969,40100.000000
2023-06-06,GRUPOSURA.CL,35474.917969,40100.000000
2023-06-07,GRUPOSURA.CL,35474.917969,40100.000000
2023-06-08,GRUPOSURA.CL,35474.917969,40100.000000
2023-06-09,GRUPOSURA.CL,35474.917969,40100.000000
2023-06-12,GRUPOSURA.CL,35474.917969,40100.000000
2023-06-13,GRUPOSURA.CL,35474.917969,40100.000000
2023-06-14,GRUPOSURA.CL,35474.917969,40100.000000
2023-06-15,GRUPOSURA.CL,35474.917969,40100.000000
2023-06-16,GRUPOSURA.CL,31653.179688,35780.000000
2023-06-19,GRUPOSURA.CL,31653.179688,35780.000000
2023-06-20,GRUPOSURA.CL,31670.880859,35800.000000
2023-06-21,GRUPOSURA.CL,31914.931641,36075.871094
2023-06-22,GRUPOSURA.CL,32732.472656,37000.000000
2023-06-23,GRUPOSURA.CL,30609.281250,34600.000000
2023-06-26,GRUPOSURA.CL,31838.962891,35990.000000
2023-06-27,GRUPOSURA.CL,32026.404297,35880.000000
2023-06-28,GRUPOSURA.CL,31302.466797,35068.949219
2023-06-29,GRUPOSURA.CL,30754.294922,34454.820312
2023-06-30,GRUPOSURA.CL,32133.521484,36000.000000
2023-07-03,GRUPOSURA.CL,32133.521484,36000.000000
2023-07-04,GRUPOSURA.CL,32133.521484,36000.000000
2023-07-05,GRUPOSURA.CL,31026.697266,34760.000000
2023-07-06,GRUPOSURA.CL,32124.593750,35990.000000
2023-07-07,GRUPOSURA.CL,33035.039062,37010.000000
2023-07-10,GRUPOSURA.CL,32044.255859,35900.000000
2023-07-11,GRUPOSURA.CL,32133.521484,36000.000000
2023-07-12,GRUPOSURA.CL,33829.457031,37900.000000
2023-07-13,GRUPOSURA.CL,33918.714844,38000.000000
2023-07-14,GRUPOSURA.CL,34025.824219,38120.000000
2023-07-17,GRUPOSURA.CL,33383.156250,37400.000000
2023-07-18,GRUPOSURA.CL,33383.156250,37400.000000
2023-07-19,GRUPOSURA.CL,34632.792969,38800.000000
2023-07-20,GRUPOSURA.CL,34632.792969,38800.000000
2023-07-21,GRUPOSURA.CL,34811.308594,39000.000000
2023-07-24,GRUPOSURA.CL,34811.308594,39000.000000
2023-07-25,GRUPOSURA.CL,34811.308594,39000.000000
2023-07-26,GRUPOSURA.CL,34097.238281,38200.000000
2023-07-27,GRUPOSURA.CL,34722.054688,38900.000000
2023-07-28,GRUPOSURA.CL,32285.255859,36170.000000
2023-07-31,GRUPOSURA.CL,32285.255859,36170.000000
2023-08-01,GRUPOSURA.CL,32624.449219,36550.000000
2023-08-02,GRUPOSURA.CL,32810.980469,36758.980469
2023-08-03,GRUPOSURA.CL,32133.521484,36000.000000
2023-08-04,GRUPOSURA.CL,32133.521484,36000.000000
2023-08-07,GRUPOSURA.CL,32133.521484,36000.000000
2023-08-08,GRUPOSURA.CL,31240.917969,35000.000000
2023-08-09,GRUPOSURA.CL,32133.521484,36000.000000
2023-08-10,GRUPOSURA.CL,32847.589844,36800.000000
2023-08-11,GRUPOSURA.CL,33383.156250,37400.000000
2023-08-14,GRUPOSURA.CL,33374.226562,37390.000000
2023-08-15,GRUPOSURA.CL,32490.552734,36400.000000
2023-08-16,GRUPOSURA.CL,32535.189453,36450.000000
2023-08-17,GRUPOSURA.CL,31508.699219,35300.000000
2023-08-18,GRUPOSURA.CL,30794.626953,34500.000000
2023-08-21,GRUPOSURA.CL,30794.626953,34500.000000
2023-08-22,GRUPOSURA.CL,30348.326172,34000.000000
2023-08-23,GRUPOSURA.CL,31151.662109,34900.000000
2023-08-24,GRUPOSURA.CL,30223.361328,33860.000000
2023-08-25,GRUPOSURA.CL,29902.021484,33500.000000
2023-08-28,GRUPOSURA.CL,30348.326172,34000.000000
2023-08-29,GRUPOSURA.CL,30348.326172,34000.000000
2023-08-30,GRUPOSURA.CL,29455.726562,33000.000000
2023-08-31,GRUPOSURA.CL,27670.531250,31000.000000
2023-09-01,GRUPOSURA.CL,27117.121094,30380.000000
2023-09-04,GRUPOSURA.CL,28027.572266,31400.000000
2023-09-05,GRUPOSURA.CL,27652.679688,30980.000000
2023-09-06,GRUPOSURA.CL,27670.531250,31000.000000
2023-09-07,GRUPOSURA.CL,27670.531250,31000.000000
2023-09-08,GRUPOSURA.CL,27670.531250,31000.000000
2023-09-11,GRUPOSURA.CL,27670.531250,31000.000000
2023-09-12,GRUPOSURA.CL,27527.716797,30840.000000
2023-09-13,GRUPOSURA.CL,26688.671875,29900.000000
2023-09-14,GRUPOSURA.CL,27661.605469,30990.000000
2023-09-15,GRUPOSURA.CL,25876.408203,28990.000000
2023-09-18,GRUPOSURA.CL,26777.929688,30000.000000
2023-09-19,GRUPOSURA.CL,27045.712891,30300.000000
2023-09-20,GRUPOSURA.CL,26777.929688,30000.000000
2023-09-21,GRUPOSURA.CL,26688.671875,29900.000000
2023-09-22,GRUPOSURA.CL,27134.972656,30400.000000
2023-09-25,GRUPOSURA.CL,26769.005859,29990.000000
2023-09-26,GRUPOSURA.CL,27048.693359,29980.000000
2023-09-27,GRUPOSURA.CL,27941.900391,30970.000000
2023-09-28,GRUPOSURA.CL,27878.744141,30900.000000
2023-09-29,GRUPOSURA.CL,28862.171875,31990.000000
2023-10-02,GRUPOSURA.CL,27193.052734,30140.000000
2023-10-03,GRUPOSURA.CL,27824.609375,30840.000000
2023-10-04,GRUPOSURA.CL,27968.964844,31000.000000
2023-10-05,GRUPOSURA.CL,28510.298828,31600.000000
2023-10-06,GRUPOSURA.CL,29773.417969,33000.000000
2023-10-09,GRUPOSURA.CL,29773.417969,33000.000000
2023-10-10,GRUPOSURA.CL,29773.417969,33000.000000
2023-10-11,GRUPOSURA.CL,28266.699219,31330.000000
2023-10-12,GRUPOSURA.CL,28862.171875,31990.000000
2023-10-13,GRUPOSURA.CL,28871.191406,32000.000000
2023-10-16,GRUPOSURA.CL,28871.191406,32000.000000
2023-10-17,GRUPOSURA.CL,29773.417969,33000.000000
2023-10-18,GRUPOSURA.CL,29773.417969,33000.000000
2023-10-19,GRUPOSURA.CL,29674.169922,32890.000000
2023-10-20,GRUPOSURA.CL,29322.304688,32500.000000
2023-10-23,GRUPOSURA.CL,28708.789062,31820.000000
2023-10-24,GRUPOSURA.CL,29295.236328,32470.000000
2023-10-25,GRUPOSURA.CL,29773.417969,33000.000000
2023-10-26,GRUPOSURA.CL,29150.880859,32310.000000
2023-10-27,GRUPOSURA.CL,29773.417969,33000.000000
2023-10-30,GRUPOSURA.CL,29683.193359,32900.000000
2023-10-31,GRUPOSURA.CL,29141.859375,32300.000000
2023-11-01,GRUPOSURA.CL,29656.126953,32870.000000
2023-11-02,GRUPOSURA.CL,29656.126953,32870.000000
2023-11-03,GRUPOSURA.CL,29493.724609,32690.000000
2023-11-06,GRUPOSURA.CL,29493.724609,32690.000000
2023-11-07,GRUPOSURA.CL,29683.193359,32900.000000
2023-11-08,GRUPOSURA.CL,29574.929688,32780.000000
2023-11-09,GRUPOSURA.CL,29051.632812,32200.000000
2023-11-10,GRUPOSURA.CL,29737.326172,32960.000000
2023-11-13,GRUPOSURA.CL,29737.326172,32960.000000
2023-11-14,GRUPOSURA.CL,29556.880859,32760.000000
2023-11-15,GRUPOSURA.CL,29412.521484,32600.000000
2023-11-16,GRUPOSURA.CL,28961.414062,32100.000000
2023-11-17,GRUPOSURA.CL,29322.304688,32500.000000
2023-11-20,GRUPOSURA.CL,27752.431641,30760.000000
2023-11-21,GRUPOSURA.CL,27066.738281,30000.000000
2023-11-22,GRUPOSURA.CL,27517.853516,30500.000000
2023-11-23,GRUPOSURA.CL,28402.035156,31480.000000
2023-11-24,GRUPOSURA.CL,28420.078125,31500.000000
2023-11-27,GRUPOSURA.CL,27932.875000,30960.000000
2023-11-28,GRUPOSURA.CL,27066.738281,30000.000000
2023-11-29,GRUPOSURA.CL,27066.738281,30000.000000
2023-11-30,GRUPOSURA.CL,27066.738281,30000.000000
2023-12-01,GRUPOSURA.CL,27950.921875,30980.000000
2023-12-04,GRUPOSURA.CL,27517.853516,30500.000000
2023-12-05,GRUPOSURA.CL,27409.587891,30380.000000
2023-12-06,GRUPOSURA.CL,27066.738281,30000.000000
2023-12-07,GRUPOSURA.CL,27517.853516,30500.000000
2023-12-08,GRUPOSURA.CL,27517.853516,30500.000000
2023-12-11,GRUPOSURA.CL,27517.853516,30500.000000
2023-12-12,GRUPOSURA.CL,27427.634766,30400.000000
2023-12-13,GRUPOSURA.CL,27427.634766,30400.000000
2023-12-14,GRUPOSURA.CL,27517.853516,30500.000000
2023-12-15,GRUPOSURA.CL,26687.808594,29580.000000
2023-12-18,GRUPOSURA.CL,26363.007812,29220.000000
2023-12-19,GRUPOSURA.CL,26164.513672,29000.000000
2023-12-20,GRUPOSURA.CL,26164.513672,29000.000000
2023-12-21,GRUPOSURA.CL,27066.738281,30000.000000
2023-12-22,GRUPOSURA.CL,27157.937500,29780.000000
2023-12-25,GRUPOSURA.CL,27157.937500,29780.000000
2023-12-26,GRUPOSURA.CL,27084.980469,29700.000000
2023-12-27,GRUPOSURA.CL,27084.980469,29700.000000
2023-12-28,GRUPOSURA.CL,26446.613281,29000.000000
2023-12-29,GRUPOSURA.CL,26446.613281,29000.000000
2024-01-01,GRUPOSURA.CL,26446.613281,29000.000000
2024-01-02,GRUPOSURA.CL,27686.867188,30360.000000
2024-01-03,GRUPOSURA.CL,27814.541016,30500.000000
2024-01-04,GRUPOSURA.CL,27723.349609,30400.000000
2024-01-05,GRUPOSURA.CL,28270.519531,31000.000000
2024-01-08,GRUPOSURA.CL,28270.519531,31000.000000
2024-01-09,GRUPOSURA.CL,27358.564453,30000.000000
2024-01-10,GRUPOSURA.CL,27905.736328,30600.000000
2024-01-11,GRUPOSURA.CL,27887.498047,30580.000000
2024-01-12,GRUPOSURA.CL,28088.128906,30800.000000
2024-01-15,GRUPOSURA.CL,28270.519531,31000.000000
2024-01-16,GRUPOSURA.CL,28270.519531,31000.000000
2024-01-17,GRUPOSURA.CL,27851.021484,30540.000000
2024-01-18,GRUPOSURA.CL,29182.468750,32000.000000
2024-01-19,GRUPOSURA.CL,29182.468750,32000.000000
2024-01-22,GRUPOSURA.CL,29182.468750,32000.000000
2024-01-23,GRUPOSURA.CL,29638.449219,32500.000000
2024-01-24,GRUPOSURA.CL,29638.449219,32500.000000
2024-01-25,GRUPOSURA.CL,29638.449219,32500.000000
2024-01-26,GRUPOSURA.CL,29638.449219,32500.000000
2024-01-29,GRUPOSURA.CL,29984.988281,32880.000000
2024-01-30,GRUPOSURA.CL,29857.314453,32740.000000
2024-01-31,GRUPOSURA.CL,29638.449219,32500.000000
2024-02-01,GRUPOSURA.CL,29437.818359,32280.000000
2024-02-02,GRUPOSURA.CL,28088.128906,30800.000000
2024-02-05,GRUPOSURA.CL,28088.128906,30800.000000
2024-02-06,GRUPOSURA.CL,28088.128906,30800.000000
2024-02-07,GRUPOSURA.CL,27996.933594,30700.000000
2024-02-08,GRUPOSURA.CL,29182.468750,32000.000000
2024-02-09,GRUPOSURA.CL,29638.449219,32500.000000
2024-02-12,GRUPOSURA.CL,29182.468750,32000.000000
2024-02-13,GRUPOSURA.CL,29000.080078,31800.000000
2024-02-14,GRUPOSURA.CL,28908.886719,31700.000000
2024-02-15,GRUPOSURA.CL,28270.519531,31000.000000
2024-02-16,GRUPOSURA.CL,28033.414062,30740.000000
2024-02-19,GRUPOSURA.CL,27814.541016,30500.000000
2024-02-20,GRUPOSURA.CL,28908.886719,31700.000000
2024-02-21,GRUPOSURA.CL,29273.667969,32100.000000
2024-02-22,GRUPOSURA.CL,29273.667969,32100.000000
2024-02-23,GRUPOSURA.CL,28270.519531,31000.000000
2024-02-26,GRUPOSURA.CL,27723.349609,30400.000000
2024-02-27,GRUPOSURA.CL,27303.849609,29940.000000
2024-02-28,GRUPOSURA.CL,26902.591797,29500.000000
2024-02-29,GRUPOSURA.CL,26410.132812,28960.000000
2024-03-01,GRUPOSURA.CL,26629.005859,29200.000000
2024-03-04,GRUPOSURA.CL,26993.785156,29600.000000
2024-03-05,GRUPOSURA.CL,27249.130859,29880.000000
2024-03-06,GRUPOSURA.CL,27358.564453,30000.000000
2024-03-07,GRUPOSURA.CL,27650.388672,30320.000000
2024-03-08,GRUPOSURA.CL,27814.541016,30500.000000
2024-03-11,GRUPOSURA.CL,27723.349609,30400.000000
2024-03-12,GRUPOSURA.CL,27905.736328,30600.000000
2024-03-13,GRUPOSURA.CL,27358.564453,30000.000000
2024-03-14,GRUPOSURA.CL,27358.564453,30000.000000
2024-03-15,GRUPOSURA.CL,27358.564453,30000.000000
2024-03-18,GRUPOSURA.CL,27905.736328,30600.000000
2024-03-19,GRUPOSURA.CL,27887.498047,30580.000000
2024-03-20,GRUPOSURA.CL,27887.498047,30580.000000
2024-03-21,GRUPOSURA.CL,27796.302734,30480.000000
2024-03-22,GRUPOSURA.CL,27340.326172,29980.000000
2024-03-26,GRUPOSURA.CL,27796.302734,30480.000000
2024-03-27,GRUPOSURA.CL,27796.302734,30480.000000
2024-03-28,GRUPOSURA.CL,27796.302734,30480.000000
2024-03-29,GRUPOSURA.CL,27796.302734,30480.000000
2024-04-01,GRUPOSURA.CL,27358.564453,30000.000000
2024-04-02,GRUPOSURA.CL,28854.166016,31640.000000
2024-04-03,GRUPOSURA.CL,29182.468750,32000.000000
2024-04-04,GRUPOSURA.CL,30039.705078,32940.000000
2024-04-05,GRUPOSURA.CL,29547.250000,32400.000000
2024-04-08,GRUPOSURA.CL,29638.449219,32500.000000
2024-04-09,GRUPOSURA.CL,31918.324219,35000.000000
2024-04-10,GRUPOSURA.CL,32191.912109,35300.000000
2024-04-11,GRUPOSURA.CL,32830.277344,36000.000000
2024-04-12,GRUPOSURA.CL,32830.277344,36000.000000
2024-04-15,GRUPOSURA.CL,33060.507812,35900.000000
2024-04-16,GRUPOSURA.CL,33613.050781,36500.000000
2024-04-17,GRUPOSURA.CL,33152.597656,36000.000000
2024-04-18,GRUPOSURA.CL,31587.058594,34300.000000
2024-04-19,GRUPOSURA.CL,33060.507812,35900.000000
2024-04-22,GRUPOSURA.CL,33613.050781,36500.000000
2024-04-23,GRUPOSURA.CL,34994.406250,38000.000000
2024-04-24,GRUPOSURA.CL,34994.406250,38000.000000
2024-04-25,GRUPOSURA.CL,35804.808594,38880.000000
2024-04-26,GRUPOSURA.CL,35933.730469,39020.000000
2024-04-29,GRUPOSURA.CL,36836.218750,40000.000000
2024-04-30,GRUPOSURA.CL,36652.039062,39800.000000
2024-05-02,GRUPOSURA.CL,36836.218750,40000.000000
2024-05-03,GRUPOSURA.CL,27258.800781,29600.000000
2024-05-06,GRUPOSURA.CL,36836.218750,40000.000000
2024-05-07,GRUPOSURA.CL,37204.585938,40400.000000
2024-05-08,GRUPOSURA.CL,37204.585938,40400.000000
2024-05-09,GRUPOSURA.CL,37296.671875,40500.000000
2024-05-10,GRUPOSURA.CL,37296.671875,40500.000000
2024-05-14,GRUPOSURA.CL,38493.851562,41800.000000
2024-05-15,GRUPOSURA.CL,38493.851562,41800.000000
2024-05-16,GRUPOSURA.CL,38401.753906,41700.000000
2024-05-17,GRUPOSURA.CL,37296.671875,40500.000000
2024-05-20,GRUPOSURA.CL,37296.671875,40500.000000
2024-05-21,GRUPOSURA.CL,36891.468750,40060.000000
2024-05-22,GRUPOSURA.CL,36817.800781,39980.000000
2024-05-23,GRUPOSURA.CL,36817.800781,39980.000000
2024-05-24,GRUPOSURA.CL,33613.050781,36500.000000
2024-05-27,GRUPOSURA.CL,33152.597656,36000.000000
2024-05-28,GRUPOSURA.CL,32231.691406,35000.000000
2024-05-29,GRUPOSURA.CL,31402.880859,34100.000000
2024-05-30,GRUPOSURA.CL,32029.093750,34780.000000
2024-05-31,GRUPOSURA.CL,30389.880859,33000.000000
2023-05-02,HCOLSEL.CL,11325.329102,11410.000000
2023-05-03,HCOLSEL.CL,11249.893555,11334.000000
2023-05-04,HCOLSEL.CL,11249.893555,11334.000000
2023-05-05,HCOLSEL.CL,11249.893555,11334.000000
2023-05-08,HCOLSEL.CL,11249.893555,11334.000000
2023-05-09,HCOLSEL.CL,11249.893555,11334.000000
2023-05-10,HCOLSEL.CL,11249.893555,11334.000000
2023-05-11,HCOLSEL.CL,11272.226562,11356.500000
2023-05-12,HCOLSEL.CL,11272.226562,11356.500000
2023-05-15,HCOLSEL.CL,11272.226562,11356.500000
2023-05-16,HCOLSEL.CL,11272.226562,11356.500000
2023-05-17,HCOLSEL.CL,11272.226562,11356.500000
2023-05-18,HCOLSEL.CL,11272.226562,11356.500000
2023-05-19,HCOLSEL.CL,11272.226562,11356.500000
2023-05-23,HCOLSEL.CL,11272.226562,11356.500000
2023-05-24,HCOLSEL.CL,11272.226562,11356.500000
2023-05-25,HCOLSEL.CL,11272.226562,11356.500000
2023-05-26,HCOLSEL.CL,11272.226562,11356.500000
2023-05-29,HCOLSEL.CL,11272.226562,11356.500000
2023-05-30,HCOLSEL.CL,10848.891602,10930.000000
2023-05-31,HCOLSEL.CL,10848.891602,10930.000000
2023-06-01,HCOLSEL.CL,10848.891602,10930.000000
2023-06-02,HCOLSEL.CL,11384.883789,11470.000000
2023-06-05,HCOLSEL.CL,11384.883789,11470.000000
2023-06-06,HCOLSEL.CL,11655.857422,11743.000000
2023-06-07,HCOLSEL.CL,11627.073242,11714.000000
2023-06-08,HCOLSEL.CL,11627.073242,11714.000000
2023-06-09,HCOLSEL.CL,11603.250977,11690.000000
2023-06-13,HCOLSEL.CL,11598.288086,11685.000000
2023-06-14,HCOLSEL.CL,11598.288086,11685.000000
2023-06-15,HCOLSEL.CL,11598.288086,11685.000000
2023-06-16,HCOLSEL.CL,11613.176758,11700.000000
2023-06-20,HCOLSEL.CL,11613.176758,11700.000000
2023-06-21,HCOLSEL.CL,11613.176758,11700.000000
2023-06-22,HCOLSEL.CL,11613.176758,11700.000000
2023-06-23,HCOLSEL.CL,11613.176758,11700.000000
2023-06-26,HCOLSEL.CL,11613.176758,11700.000000
2023-06-27,HCOLSEL.CL,11613.176758,11700.000000
2023-06-28,HCOLSEL.CL,11613.176758,11700.000000
2023-06-29,HCOLSEL.CL,11097.037109,11180.000000
2023-06-30,HCOLSEL.CL,11176.443359,11260.000000
2023-07-04,HCOLSEL.CL,11176.443359,11260.000000
2023-07-05,HCOLSEL.CL,11176.443359,11260.000000
2023-07-06,HCOLSEL.CL,11017.629883,11100.000000
2023-07-07,HCOLSEL.CL,11080.656250,11163.500000
2023-07-10,HCOLSEL.CL,11080.656250,11163.500000
2023-07-11,HCOLSEL.CL,11186.366211,11270.000000
2023-07-12,HCOLSEL.CL,11265.278320,11349.500000
2023-07-13,HCOLSEL.CL,11265.278320,11349.500000
2023-07-14,HCOLSEL.CL,11265.278320,11349.500000
2023-07-17,HCOLSEL.CL,11265.278320,11349.500000
2023-07-18,HCOLSEL.CL,11265.278320,11349.500000
2023-07-19,HCOLSEL.CL,11551.636719,11638.000000
2023-07-21,HCOLSEL.CL,11511.934570,11598.000000
2023-07-24,HCOLSEL.CL,11511.934570,11598.000000
2023-07-25,HCOLSEL.CL,11494.067383,11580.000000
2023-07-26,HCOLSEL.CL,11444.439453,11530.000000
2023-07-27,HCOLSEL.CL,11444.439453,11530.000000
2023-07-28,HCOLSEL.CL,11444.439453,11530.000000
2023-07-31,HCOLSEL.CL,11513.918945,11600.000000
2023-08-01,HCOLSEL.CL,11552.759766,11600.000000
2023-08-02,HCOLSEL.CL,11552.759766,11600.000000
2023-08-03,HCOLSEL.CL,11552.759766,11600.000000
2023-08-04,HCOLSEL.CL,11552.759766,11600.000000
2023-08-08,HCOLSEL.CL,11552.759766,11600.000000
2023-08-09,HCOLSEL.CL,11552.759766,11600.000000
2023-08-10,HCOLSEL.CL,11552.759766,11600.000000
2023-08-11,HCOLSEL.CL,11552.759766,11600.000000
2023-08-14,HCOLSEL.CL,11552.759766,11600.000000
2023-08-15,HCOLSEL.CL,11164.348633,11210.000000
2023-08-16,HCOLSEL.CL,11175.302734,11221.000000
2023-08-17,HCOLSEL.CL,11154.389648,11200.000000
2023-08-18,HCOLSEL.CL,11054.796875,11100.000000
2023-08-22,HCOLSEL.CL,11104.095703,11149.500000
2023-08-23,HCOLSEL.CL,10825.733398,10870.000000
2023-08-24,HCOLSEL.CL,10706.222656,10750.000000
2023-08-25,HCOLSEL.CL,10756.018555,10800.000000
2023-08-28,HCOLSEL.CL,10756.018555,10800.000000
2023-08-29,HCOLSEL.CL,10756.018555,10800.000000
2023-08-30,HCOLSEL.CL,10756.018555,10800.000000
2023-08-31,HCOLSEL.CL,10744.065430,10788.000000
2023-09-01,HCOLSEL.CL,10427.362305,10470.000000
2023-09-04,HCOLSEL.CL,10427.362305,10470.000000
2023-09-05,HCOLSEL.CL,10427.362305,10470.000000
2023-09-06,HCOLSEL.CL,10193.318359,10235.000000
2023-09-07,HCOLSEL.CL,10193.318359,10235.000000
2023-09-08,HCOLSEL.CL,10193.318359,10235.000000
2023-09-11,HCOLSEL.CL,10193.318359,10235.000000
2023-09-12,HCOLSEL.CL,10457.239258,10500.000000
2023-09-13,HCOLSEL.CL,10457.239258,10500.000000
2023-09-14,HCOLSEL.CL,10457.239258,10500.000000
2023-09-19,HCOLSEL.CL,10457.239258,10500.000000
2023-09-20,HCOLSEL.CL,10457.239258,10500.000000
2023-09-21,HCOLSEL.CL,10457.239258,10500.000000
2023-09-22,HCOLSEL.CL,10457.239258,10500.000000
2023-09-25,HCOLSEL.CL,10457.239258,10500.000000
2023-09-26,HCOLSEL.CL,10457.239258,10500.000000
2023-09-27,HCOLSEL.CL,10835.693359,10880.000000
2023-09-28,HCOLSEL.CL,10835.693359,10880.000000
2023-09-29,HCOLSEL.CL,10835.693359,10880.000000
2023-10-02,HCOLSEL.CL,10835.693359,10880.000000
2023-10-03,HCOLSEL.CL,10835.693359,10880.000000
2023-10-04,HCOLSEL.CL,10835.693359,10880.000000
2023-10-05,HCOLSEL.CL,10751.039062,10795.000000
2023-10-06,HCOLSEL.CL,10751.039062,10795.000000
2023-10-09,HCOLSEL.CL,10751.039062,10795.000000
2023-10-10,HCOLSEL.CL,10751.039062,10795.000000
2023-10-11,HCOLSEL.CL,10751.039062,10795.000000
2023-10-12,HCOLSEL.CL,11112.063477,11157.500000
2023-10-13,HCOLSEL.CL,10955.204102,11000.000000
2023-10-17,HCOLSEL.CL,10955.204102,11000.000000
2023-10-18,HCOLSEL.CL,10955.204102,11000.000000
2023-10-19,HCOLSEL.CL,10955.204102,11000.000000
2023-10-20,HCOLSEL.CL,10955.204102,11000.000000
2023-10-23,HCOLSEL.CL,10955.204102,11000.000000
2023-10-24,HCOLSEL.CL,10955.204102,11000.000000
2023-10-25,HCOLSEL.CL,10955.204102,11000.000000
2023-10-26,HCOLSEL.CL,10955.204102,11000.000000
2023-10-27,HCOLSEL.CL,10955.204102,11000.000000
2023-10-30,HCOLSEL.CL,10955.204102,11000.000000
2023-10-31,HCOLSEL.CL,10955.204102,11000.000000
2023-11-01,HCOLSEL.CL,10855.611328,10900.000000
2023-11-02,HCOLSEL.CL,10855.611328,10900.000000
2023-11-03,HCOLSEL.CL,10855.611328,10900.000000
2023-11-07,HCOLSEL.CL,10855.611328,10900.000000
2023-11-08,HCOLSEL.CL,10855.611328,10900.000000
2023-11-09,HCOLSEL.CL,10855.611328,10900.000000
2023-11-10,HCOLSEL.CL,10855.611328,10900.000000
2023-11-14,HCOLSEL.CL,10855.611328,10900.000000
2023-11-15,HCOLSEL.CL,11005.000977,11050.000000
2023-11-16,HCOLSEL.CL,11005.000977,11050.000000
2023-11-17,HCOLSEL.CL,11024.917969,11070.000000
2023-11-20,HCOLSEL.CL,11174.306641,11220.000000
2023-11-21,HCOLSEL.CL,11174.306641,11220.000000
2023-11-22,HCOLSEL.CL,11174.306641,11220.000000
2023-11-24,HCOLSEL.CL,11139.451172,11185.000000
2023-11-27,HCOLSEL.CL,11139.451172,11185.000000
2023-11-28,HCOLSEL.CL,11184.267578,11230.000000
2023-11-29,HCOLSEL.CL,11234.063477,11280.000000
2023-11-30,HCOLSEL.CL,11234.063477,11280.000000
2023-12-01,HCOLSEL.CL,11234.063477,11280.000000
2023-12-04,HCOLSEL.CL,11234.063477,11280.000000
2023-12-05,HCOLSEL.CL,11234.063477,11280.000000
2023-12-06,HCOLSEL.CL,11234.063477,11280.000000
2023-12-07,HCOLSEL.CL,11234.063477,11280.000000
2023-12-11,HCOLSEL.CL,11411.337891,11458.000000
2023-12-12,HCOLSEL.CL,11411.337891,11458.000000
2023-12-14,HCOLSEL.CL,11906.316406,11955.000000
2023-12-15,HCOLSEL.CL,11899.342773,11948.000000
2023-12-18,HCOLSEL.CL,11899.342773,11948.000000
2023-12-19,HCOLSEL.CL,11899.342773,11948.000000
2023-12-20,HCOLSEL.CL,11899.342773,11948.000000
2023-12-21,HCOLSEL.CL,11899.342773,11948.000000
2023-12-22,HCOLSEL.CL,12100.519531,12150.000000
2023-12-26,HCOLSEL.CL,12150.317383,12200.000000
2023-12-28,HCOLSEL.CL,12409.258789,12460.000000
2024-01-02,HCOLSEL.CL,12628.361328,12680.000000
2024-01-03,HCOLSEL.CL,12688.117188,12740.000000
2024-01-04,HCOLSEL.CL,12986.895508,13040.000000
2024-01-05,HCOLSEL.CL,13345.429688,13400.000000
2024-01-09,HCOLSEL.CL,13509.757812,13565.000000
2024-01-10,HCOLSEL.CL,13524.696289,13580.000000
2024-01-11,HCOLSEL.CL,13395.226562,13450.000000
2024-01-12,HCOLSEL.CL,13345.429688,13400.000000
2024-01-15,HCOLSEL.CL,13345.429688,13400.000000
2024-01-16,HCOLSEL.CL,13345.429688,13400.000000
2024-01-17,HCOLSEL.CL,13415.145508,13470.000000
2024-01-18,HCOLSEL.CL,13415.145508,13470.000000
2024-01-19,HCOLSEL.CL,13147.240234,13201.000000
2024-01-22,HCOLSEL.CL,13295.633789,13350.000000
2024-01-23,HCOLSEL.CL,13272.726562,13327.000000
2024-01-24,HCOLSEL.CL,13272.726562,13327.000000
2024-01-25,HCOLSEL.CL,13196.040039,13250.000000
2024-01-26,HCOLSEL.CL,13305.592773,13360.000000
2024-01-29,HCOLSEL.CL,13379.290039,13434.000000
2024-01-30,HCOLSEL.CL,13375.307617,13430.000000
2024-01-31,HCOLSEL.CL,13503.782227,13559.000000
2024-02-05,HCOLSEL.CL,13424.953125,13454.000000
2024-02-06,HCOLSEL.CL,13224.386719,13253.000000
2024-02-08,HCOLSEL.CL,13306.208984,13335.000000
2024-02-09,HCOLSEL.CL,13306.208984,13335.000000
2024-02-12,HCOLSEL.CL,13306.208984,13335.000000
2024-02-13,HCOLSEL.CL,13306.208984,13335.000000
2024-02-14,HCOLSEL.CL,13306.208984,13335.000000
2024-02-15,HCOLSEL.CL,13306.208984,13335.000000
2024-02-16,HCOLSEL.CL,13306.208984,13335.000000
2024-02-19,HCOLSEL.CL,12772.364258,12800.000000
2024-02-20,HCOLSEL.CL,12922.041016,12950.000000
2024-02-21,HCOLSEL.CL,12922.041016,12950.000000
2024-02-22,HCOLSEL.CL,13321.177734,13350.000000
2024-02-23,HCOLSEL.CL,13350.613281,13379.500000
2024-02-26,HCOLSEL.CL,13350.613281,13379.500000
2024-02-27,HCOLSEL.CL,13350.613281,13379.500000
2024-02-28,HCOLSEL.CL,13418.966797,13448.000000
2024-02-29,HCOLSEL.CL,13396.015625,13425.000000
2024-03-01,HCOLSEL.CL,13301.220703,13330.000000
2024-03-04,HCOLSEL.CL,13301.220703,13330.000000
2024-03-05,HCOLSEL.CL,13650.464844,13680.000000
2024-03-06,HCOLSEL.CL,13740.270508,13770.000000
2024-03-07,HCOLSEL.CL,13750.249023,13780.000000
2024-03-11,HCOLSEL.CL,13750.249023,13780.000000
2024-03-13,HCOLSEL.CL,13520.746094,13550.000000
2024-03-14,HCOLSEL.CL,13520.746094,13550.000000
2024-03-18,HCOLSEL.CL,13643.479492,13673.000000
2024-03-19,HCOLSEL.CL,13643.479492,13673.000000
2024-03-20,HCOLSEL.CL,13643.479492,13673.000000
2024-03-21,HCOLSEL.CL,13643.479492,13673.000000
2024-03-22,HCOLSEL.CL,13643.479492,13673.000000
2024-03-26,HCOLSEL.CL,13869.990234,13900.000000
2024-03-27,HCOLSEL.CL,13999.709961,14030.000000
2024-04-01,HCOLSEL.CL,13999.709961,14030.000000
2024-04-02,HCOLSEL.CL,13999.709961,14030.000000
2024-04-03,HCOLSEL.CL,14598.414062,14630.000000
2024-04-04,HCOLSEL.CL,14768.046875,14800.000000
2024-04-05,HCOLSEL.CL,14713.165039,14745.000000
2024-04-08,HCOLSEL.CL,14668.263672,14700.000000
2024-04-09,HCOLSEL.CL,14967.615234,15000.000000
2024-04-10,HCOLSEL.CL,14987.571289,15020.000000
2024-04-11,HCOLSEL.CL,15047.442383,15080.000000
2024-04-12,HCOLSEL.CL,14949.654297,14982.000000
2024-04-15,HCOLSEL.CL,14728.133789,14760.000000
2024-04-16,HCOLSEL.CL,14718.155273,14750.000000
2024-04-17,HCOLSEL.CL,14428.781250,14460.000000
2024-04-18,HCOLSEL.CL,14269.125977,14300.000000
2024-04-19,HCOLSEL.CL,14289.083008,14320.000000
2024-04-22,HCOLSEL.CL,14488.652344,14520.000000
2024-04-23,HCOLSEL.CL,14487.653320,14519.000000
2024-04-24,HCOLSEL.CL,14487.653320,14519.000000
2024-04-25,HCOLSEL.CL,14518.586914,14550.000000
2024-04-26,HCOLSEL.CL,14688.218750,14720.000000
2024-04-29,HCOLSEL.CL,14688.218750,14720.000000
2024-05-06,HCOLSEL.CL,14677.243164,14709.000000
2024-05-07,HCOLSEL.CL,14677.243164,14709.000000
2024-05-08,HCOLSEL.CL,14677.243164,14709.000000
2024-05-09,HCOLSEL.CL,14840.889648,14873.000000
2024-05-10,HCOLSEL.CL,14840.889648,14873.000000
2024-05-14,HCOLSEL.CL,14917.722656,14950.000000
2024-05-16,HCOLSEL.CL,14917.722656,14950.000000
2024-05-17,HCOLSEL.CL,15087.355469,15120.000000
2024-05-20,HCOLSEL.CL,15177.162109,15210.000000
2024-05-21,HCOLSEL.CL,15217.074219,15250.000000
2024-05-22,HCOLSEL.CL,15117.291016,15150.000000
2024-05-23,HCOLSEL.CL,15117.291016,15150.000000
2024-05-24,HCOLSEL.CL,14930.694336,14963.000000
2024-05-27,HCOLSEL.CL,14887.788086,14920.000000
2024-05-29,HCOLSEL.CL,14807.959961,14840.000000
2024-05-30,HCOLSEL.CL,14822.928711,14855.000000
2024-05-31,HCOLSEL.CL,14788.004883,14820.000000
2023-05-02,ICOLCAP.CL,10418.258789,11842.000000
2023-05-03,ICOLCAP.CL,10385.708008,11805.000000
2023-05-04,ICOLCAP.CL,10284.973633,11690.500000
2023-05-05,ICOLCAP.CL,10469.285156,11900.000000
2023-05-08,ICOLCAP.CL,10359.312500,11775.000000
2023-05-09,ICOLCAP.CL,10359.312500,11775.000000
2023-05-10,ICOLCAP.CL,10329.401367,11741.000000
2023-05-11,ICOLCAP.CL,10315.326172,11725.000000
2023-05-12,ICOLCAP.CL,10319.724609,11730.000000
2023-05-15,ICOLCAP.CL,10343.917969,11757.500000
2023-05-16,ICOLCAP.CL,10258.143555,11660.000000
2023-05-17,ICOLCAP.CL,10208.873047,11604.000000
2023-05-18,ICOLCAP.CL,10208.873047,11604.000000
2023-05-19,ICOLCAP.CL,10208.873047,11604.000000
2023-05-23,ICOLCAP.CL,10161.367188,11550.000000
2023-05-24,ICOLCAP.CL,10076.028320,11453.000000
2023-05-25,ICOLCAP.CL,10076.028320,11453.000000
2023-05-26,ICOLCAP.CL,9897.435547,11250.000000
2023-05-29,ICOLCAP.CL,9897.435547,11250.000000
2023-05-30,ICOLCAP.CL,9853.445312,11200.000000
2023-05-31,ICOLCAP.CL,9883.229492,11007.000000
2023-06-01,ICOLCAP.CL,10052.035156,11195.000000
2023-06-02,ICOLCAP.CL,10367.648438,11546.500000
2023-06-05,ICOLCAP.CL,10410.747070,11594.500000
2023-06-06,ICOLCAP.CL,10676.977539,11891.000000
2023-06-07,ICOLCAP.CL,10794.600586,12022.000000
2023-06-08,ICOLCAP.CL,10698.524414,11915.000000
2023-06-09,ICOLCAP.CL,10645.549805,11856.000000
2023-06-13,ICOLCAP.CL,10614.124023,11821.000000
2023-06-14,ICOLCAP.CL,10649.140625,11860.000000
2023-06-15,ICOLCAP.CL,10595.263672,11800.000000
2023-06-16,ICOLCAP.CL,10676.078125,11890.000000
2023-06-20,ICOLCAP.CL,10335.324219,11510.500000
2023-06-21,ICOLCAP.CL,10451.601562,11640.000000
2023-06-22,ICOLCAP.CL,10275.611328,11444.000000
2023-06-23,ICOLCAP.CL,10275.611328,11444.000000
2023-06-26,ICOLCAP.CL,10236.104492,11400.000000
2023-06-27,ICOLCAP.CL,10207.372070,11368.000000
2023-06-28,ICOLCAP.CL,10207.372070,11368.000000
2023-06-29,ICOLCAP.CL,10281.001953,11450.000000
2023-06-30,ICOLCAP.CL,10337.958008,11500.000000
2023-07-04,ICOLCAP.CL,10328.967773,11490.000000
2023-07-05,ICOLCAP.CL,10337.508789,11499.500000
2023-07-06,ICOLCAP.CL,10162.210938,11304.500000
2023-07-07,ICOLCAP.CL,10284.018555,11440.000000
2023-07-10,ICOLCAP.CL,10327.169922,11488.000000
2023-07-11,ICOLCAP.CL,10399.988281,11569.000000
2023-07-12,ICOLCAP.CL,10533.929688,11718.000000
2023-07-13,ICOLCAP.CL,10636.858398,11832.500000
2023-07-14,ICOLCAP.CL,10610.790039,11803.500000
2023-07-17,ICOLCAP.CL,10662.930664,11861.500000
2023-07-18,ICOLCAP.CL,10703.832031,11907.000000
2023-07-19,ICOLCAP.CL,10702.483398,11905.500000
2023-07-21,ICOLCAP.CL,10697.539062,11900.000000
2023-07-24,ICOLCAP.CL,10697.539062,11900.000000
2023-07-25,ICOLCAP.CL,10694.393555,11896.500000
2023-07-26,ICOLCAP.CL,10670.571289,11870.000000
2023-07-27,ICOLCAP.CL,10643.602539,11840.000000
2023-07-28,ICOLCAP.CL,10643.602539,11840.000000
2023-07-31,ICOLCAP.CL,10769.882812,11790.000000
2023-08-01,ICOLCAP.CL,10788.151367,11810.000000
2023-08-02,ICOLCAP.CL,10727.862305,11744.000000
2023-08-03,ICOLCAP.CL,10726.034180,11742.000000
2023-08-04,ICOLCAP.CL,10751.611328,11770.000000
2023-08-08,ICOLCAP.CL,10751.611328,11770.000000
2023-08-09,ICOLCAP.CL,10629.207031,11636.000000
2023-08-10,ICOLCAP.CL,10476.655273,11469.000000
2023-08-11,ICOLCAP.CL,10504.973633,11500.000000
2023-08-14,ICOLCAP.CL,10484.418945,11477.500000
2023-08-15,ICOLCAP.CL,10379.827148,11363.000000
2023-08-16,ICOLCAP.CL,10441.030273,11430.000000
2023-08-17,ICOLCAP.CL,10413.625977,11400.000000
2023-08-18,ICOLCAP.CL,10421.844727,11409.000000
2023-08-22,ICOLCAP.CL,10276.603516,11250.000000
2023-08-23,ICOLCAP.CL,10052.346680,11004.500000
2023-08-24,ICOLCAP.CL,10066.504883,11020.000000
2023-08-25,ICOLCAP.CL,10101.216797,11058.000000
2023-08-28,ICOLCAP.CL,10126.794922,11086.000000
2023-08-29,ICOLCAP.CL,10148.717773,11110.000000
2023-08-30,ICOLCAP.CL,10219.053711,11187.000000
2023-08-31,ICOLCAP.CL,10063.764648,11017.000000
2023-09-01,ICOLCAP.CL,9810.731445,10740.000000
2023-09-04,ICOLCAP.CL,9797.030273,10725.000000
2023-09-05,ICOLCAP.CL,9774.192383,10700.000000
2023-09-06,ICOLCAP.CL,9573.228516,10480.000000
2023-09-07,ICOLCAP.CL,9670.969727,10587.000000
2023-09-08,ICOLCAP.CL,9749.529297,10673.000000
2023-09-11,ICOLCAP.CL,9727.605469,10649.000000
2023-09-12,ICOLCAP.CL,9819.866211,10750.000000
2023-09-13,ICOLCAP.CL,9856.403320,10790.000000
2023-09-14,ICOLCAP.CL,9897.512695,10835.000000
2023-09-19,ICOLCAP.CL,10066.504883,11020.000000
2023-09-20,ICOLCAP.CL,10142.323242,11103.000000
2023-09-21,ICOLCAP.CL,9978.811523,10924.000000
2023-09-22,ICOLCAP.CL,9978.811523,10924.000000
2023-09-25,ICOLCAP.CL,10176.122070,11140.000000
2023-09-26,ICOLCAP.CL,10139.583008,11100.000000
2023-09-27,ICOLCAP.CL,10240.065430,11210.000000
2023-09-28,ICOLCAP.CL,10477.570312,11470.000000
2023-09-29,ICOLCAP.CL,10294.874023,11270.000000
2023-10-02,ICOLCAP.CL,10240.065430,11210.000000
2023-10-03,ICOLCAP.CL,10290.306641,11265.000000
2023-10-04,ICOLCAP.CL,10157.851562,11120.000000
2023-10-05,ICOLCAP.CL,10157.851562,11120.000000
2023-10-06,ICOLCAP.CL,10139.583008,11100.000000
2023-10-09,ICOLCAP.CL,10276.603516,11250.000000
2023-10-10,ICOLCAP.CL,10230.929688,11200.000000
2023-10-11,ICOLCAP.CL,10219.969727,11188.000000
2023-10-12,ICOLCAP.CL,10230.929688,11200.000000
2023-10-13,ICOLCAP.CL,10322.278320,11300.000000
2023-10-17,ICOLCAP.CL,10353.335938,11334.000000
2023-10-18,ICOLCAP.CL,10431.895508,11420.000000
2023-10-19,ICOLCAP.CL,10485.791016,11479.000000
2023-10-20,ICOLCAP.CL,10441.030273,11430.000000
2023-10-23,ICOLCAP.CL,10268.382812,11241.000000
2023-10-24,ICOLCAP.CL,10230.929688,11200.000000
2023-10-25,ICOLCAP.CL,10221.796875,11190.000000
2023-10-26,ICOLCAP.CL,10093.909180,11050.000000
2023-10-27,ICOLCAP.CL,10093.909180,11050.000000
2023-10-30,ICOLCAP.CL,10112.177734,11070.000000
2023-10-31,ICOLCAP.CL,9925.829102,10866.000000
2023-11-01,ICOLCAP.CL,9956.887695,10900.000000
2023-11-02,ICOLCAP.CL,9956.887695,10900.000000
2023-11-03,ICOLCAP.CL,10021.743164,10971.000000
2023-11-07,ICOLCAP.CL,10021.743164,10971.000000
2023-11-08,ICOLCAP.CL,10021.743164,10971.000000
2023-11-09,ICOLCAP.CL,10048.233398,11000.000000
2023-11-10,ICOLCAP.CL,10048.233398,11000.000000
2023-11-14,ICOLCAP.CL,10103.044922,11060.000000
2023-11-15,ICOLCAP.CL,10139.583008,11100.000000
2023-11-16,ICOLCAP.CL,10095.735352,11052.000000
2023-11-17,ICOLCAP.CL,10249.202148,11220.000000
2023-11-20,ICOLCAP.CL,10285.741211,11260.000000
2023-11-21,ICOLCAP.CL,10267.469727,11240.000000
2023-11-22,ICOLCAP.CL,10296.702148,11272.000000
2023-11-24,ICOLCAP.CL,10340.546875,11320.000000
2023-11-27,ICOLCAP.CL,10276.144531,11249.500000
2023-11-28,ICOLCAP.CL,10368.864258,11351.000000
2023-11-29,ICOLCAP.CL,10346.029297,11326.000000
2023-11-30,ICOLCAP.CL,10430.068359,11418.000000
2023-12-01,ICOLCAP.CL,10430.068359,11418.000000
2023-12-04,ICOLCAP.CL,10532.833008,11530.500000
2023-12-05,ICOLCAP.CL,10578.050781,11580.000000
2023-12-06,ICOLCAP.CL,10377.086914,11360.000000
2023-12-07,ICOLCAP.CL,10377.086914,11360.000000
2023-12-11,ICOLCAP.CL,10450.164062,11440.000000
2023-12-12,ICOLCAP.CL,10483.963867,11477.000000
2023-12-14,ICOLCAP.CL,10824.688477,11850.000000
2023-12-15,ICOLCAP.CL,10838.392578,11865.000000
2023-12-18,ICOLCAP.CL,10833.825195,11860.000000
2023-12-19,ICOLCAP.CL,10943.441406,11980.000000
2023-12-20,ICOLCAP.CL,10897.766602,11930.000000
2023-12-21,ICOLCAP.CL,10887.263672,11918.500000
2023-12-22,ICOLCAP.CL,10994.139648,12035.500000
2023-12-26,ICOLCAP.CL,11272.291992,12340.000000
2023-12-28,ICOLCAP.CL,11053.060547,12100.000000
2024-01-02,ICOLCAP.CL,11254.023438,12320.000000
2024-01-03,ICOLCAP.CL,11400.179688,12480.000000
2024-01-04,ICOLCAP.CL,11665.086914,12770.000000
2024-01-05,ICOLCAP.CL,11948.262695,13080.000000
2024-01-09,ICOLCAP.CL,11939.129883,13070.000000
2024-01-10,ICOLCAP.CL,11942.783203,13074.000000
2024-01-11,ICOLCAP.CL,11821.750000,12941.500000
2024-01-12,ICOLCAP.CL,11856.915039,12980.000000
2024-01-15,ICOLCAP.CL,11856.915039,12980.000000
2024-01-16,ICOLCAP.CL,11919.947266,13049.000000
2024-01-17,ICOLCAP.CL,11897.111328,13024.000000
2024-01-18,ICOLCAP.CL,11886.149414,13012.000000
2024-01-19,ICOLCAP.CL,11633.117188,12735.000000
2024-01-22,ICOLCAP.CL,11669.656250,12775.000000
2024-01-23,ICOLCAP.CL,11707.108398,12816.000000
2024-01-24,ICOLCAP.CL,11645.905273,12749.000000
2024-01-25,ICOLCAP.CL,11646.819336,12750.000000
2024-01-26,ICOLCAP.CL,11809.874023,12928.500000
2024-01-29,ICOLCAP.CL,11774.705078,12890.000000
2024-01-30,ICOLCAP.CL,11738.166992,12850.000000
2024-01-31,ICOLCAP.CL,11794.479492,12780.000000
2024-02-05,ICOLCAP.CL,11726.186523,12706.000000
2024-02-06,ICOLCAP.CL,11702.191406,12680.000000
2024-02-08,ICOLCAP.CL,11685.580078,12662.000000
2024-02-09,ICOLCAP.CL,11548.993164,12514.000000
2024-02-12,ICOLCAP.CL,11534.228516,12498.000000
2024-02-13,ICOLCAP.CL,11417.942383,12372.000000
2024-02-14,ICOLCAP.CL,11370.875000,12321.000000
2024-02-15,ICOLCAP.CL,11473.776367,12432.500000
2024-02-16,ICOLCAP.CL,11474.239258,12433.000000
2024-02-19,ICOLCAP.CL,11184.452148,12119.000000
2024-02-20,ICOLCAP.CL,11352.418945,12301.000000
2024-02-21,ICOLCAP.CL,11618.209961,12589.000000
2024-02-22,ICOLCAP.CL,11757.564453,12740.000000
2024-02-23,ICOLCAP.CL,11822.167969,12810.000000
2024-02-26,ICOLCAP.CL,11835.549805,12824.500000
2024-02-27,ICOLCAP.CL,11835.549805,12824.500000
2024-02-28,ICOLCAP.CL,11814.783203,12802.000000
2024-02-29,ICOLCAP.CL,11776.756836,12760.000000
2024-03-01,ICOLCAP.CL,11767.527344,12750.000000
2024-03-04,ICOLCAP.CL,11859.822266,12850.000000
2024-03-05,ICOLCAP.CL,11890.280273,12883.000000
2024-03-06,ICOLCAP.CL,11998.264648,13000.000000
2024-03-07,ICOLCAP.CL,12044.412109,13050.000000
2024-03-11,ICOLCAP.CL,11956.732422,12955.000000
2024-03-13,ICOLCAP.CL,11812.751953,12799.000000
2024-03-14,ICOLCAP.CL,11803.985352,12789.500000
2024-03-18,ICOLCAP.CL,12025.951172,13030.000000
2024-03-19,ICOLCAP.CL,12025.951172,13030.000000
2024-03-20,ICOLCAP.CL,12081.328125,13090.000000
2024-03-21,ICOLCAP.CL,12215.618164,13235.500000
2024-03-22,ICOLCAP.CL,12238.228516,13260.000000
2024-03-26,ICOLCAP.CL,12384.054688,13418.000000
2024-03-27,ICOLCAP.CL,12404.359375,13440.000000
2024-04-01,ICOLCAP.CL,12542.801758,13590.000000
2024-04-02,ICOLCAP.CL,12809.531250,13879.000000
2024-04-03,ICOLCAP.CL,12860.754883,13934.500000
2024-04-04,ICOLCAP.CL,13151.944336,14250.000000
2024-04-05,ICOLCAP.CL,13008.888672,14095.000000
2024-04-08,ICOLCAP.CL,13000.582031,14086.000000
2024-04-09,ICOLCAP.CL,13151.944336,14250.000000
2024-04-10,ICOLCAP.CL,13129.792969,14226.000000
2024-04-11,ICOLCAP.CL,13283.001953,14392.000000
2024-04-12,ICOLCAP.CL,13078.109375,14170.000000
2024-04-15,ICOLCAP.CL,12948.897461,14030.000000
2024-04-16,ICOLCAP.CL,12884.289062,13960.000000
2024-04-17,ICOLCAP.CL,12655.400391,13712.000000
2024-04-18,ICOLCAP.CL,12459.737305,13500.000000
2024-04-19,ICOLCAP.CL,12515.573242,13560.500000
2024-04-22,ICOLCAP.CL,12629.558594,13684.000000
2024-04-23,ICOLCAP.CL,12570.488281,13620.000000
2024-04-24,ICOLCAP.CL,12570.488281,13620.000000
2024-04-25,ICOLCAP.CL,12607.408203,13660.000000
2024-04-26,ICOLCAP.CL,12865.832031,13940.000000
2024-04-29,ICOLCAP.CL,12967.353516,14050.000000
2024-05-06,ICOLCAP.CL,12718.160156,13780.000000
2024-05-07,ICOLCAP.CL,12770.767578,13837.000000
2024-05-08,ICOLCAP.CL,12736.619141,13800.000000
2024-05-09,ICOLCAP.CL,12749.078125,13813.500000
2024-05-10,ICOLCAP.CL,12749.078125,13813.500000
2024-05-14,ICOLCAP.CL,12869.523438,13944.000000
2024-05-16,ICOLCAP.CL,12989.505859,14074.000000
2024-05-17,ICOLCAP.CL,13059.650391,14150.000000
2024-05-20,ICOLCAP.CL,13179.630859,14280.000000
2024-05-21,ICOLCAP.CL,13271.002930,14379.000000
2024-05-22,ICOLCAP.CL,12953.049805,14034.500000
2024-05-23,ICOLCAP.CL,13003.349609,14089.000000
2024-05-24,ICOLCAP.CL,12951.665039,14033.000000
2024-05-27,ICOLCAP.CL,13013.501953,14100.000000
2024-05-29,ICOLCAP.CL,12901.364258,13978.500000
2024-05-30,ICOLCAP.CL,12888.903320,13965.000000
2024-05-31,ICOLCAP.CL,12854.756836,13928.000000
2023-05-01,IEF,87.150314,98.320000
2023-05-02,IEF,88.284897,99.599998
2023-05-03,IEF,88.861069,100.250000
2023-05-04,IEF,88.843315,100.230003
2023-05-05,IEF,88.364677,99.690002
2023-05-08,IEF,87.823982,99.080002
2023-05-09,IEF,87.717613,98.959999
2023-05-10,IEF,88.373550,99.699997
2023-05-11,IEF,88.701485,100.070000
2023-05-12,IEF,88.169640,99.470001
2023-05-15,IEF,87.974640,99.250000
2023-05-16,IEF,87.691032,98.930000
2023-05-17,IEF,87.407372,98.610001
2023-05-18,IEF,86.866653,98.000000
2023-05-19,IEF,86.538712,97.629997
2023-05-22,IEF,86.379158,97.449997
2023-05-23,IEF,86.520950,97.610001
2023-05-24,IEF,86.299370,97.360001
2023-05-25,IEF,85.758636,96.750000
2023-05-26,IEF,85.918205,96.930000
2023-05-30,IEF,86.591896,97.690002
2023-05-31,IEF,86.919861,98.059998
2023-06-01,IEF,87.161514,98.099998
2023-06-02,IEF,86.468483,97.320000
2023-06-05,IEF,86.441833,97.290001
2023-06-06,IEF,86.495140,97.349998
2023-06-07,IEF,85.864311,96.639999
2023-06-08,IEF,86.441833,97.290001
2023-06-09,IEF,86.130836,96.940002
2023-06-12,IEF,86.273026,97.099998
2023-06-13,IEF,85.659958,96.410004
2023-06-14,IEF,85.775467,96.540001
2023-06-15,IEF,86.441833,97.290001
2023-06-16,IEF,86.068657,96.870003
2023-06-20,IEF,86.326347,97.160004
2023-06-21,IEF,86.406281,97.250000
2023-06-22,IEF,85.917625,96.699997
2023-06-23,IEF,86.273026,97.099998
2023-06-26,IEF,86.486259,97.339996
2023-06-27,IEF,86.184189,97.000000
2023-06-28,IEF,86.530685,97.389999
2023-06-29,IEF,85.642159,96.389999
2023-06-30,IEF,85.828758,96.599998
2023-07-03,IEF,85.456482,95.949997
2023-07-05,IEF,85.046791,95.489998
2023-07-06,IEF,84.352104,94.709999
2023-07-07,IEF,84.245209,94.589996
2023-07-10,IEF,84.681633,95.080002
2023-07-11,IEF,84.859756,95.279999
2023-07-12,IEF,85.688034,96.209999
2023-07-13,IEF,86.400589,97.010002
2023-07-14,IEF,85.973053,96.529999
2023-07-17,IEF,86.115555,96.690002
2023-07-18,IEF,86.213524,96.800003
2023-07-19,IEF,86.507423,97.129997
2023-07-20,IEF,85.821648,96.360001
2023-07-21,IEF,85.892921,96.440002
2023-07-24,IEF,85.688034,96.209999
2023-07-25,IEF,85.527733,96.029999
2023-07-26,IEF,85.821648,96.360001
2023-07-27,IEF,84.886452,95.309998
2023-07-28,IEF,85.162567,95.620003
2023-07-31,IEF,85.269455,95.739998
2023-08-01,IEF,84.771202,94.940002
2023-08-02,IEF,84.601562,94.750000
2023-08-03,IEF,83.976524,94.050003
2023-08-04,IEF,84.869431,95.050003
2023-08-07,IEF,84.664101,94.820000
2023-08-08,IEF,85.092667,95.300003
2023-08-09,IEF,85.146240,95.360001
2023-08-10,IEF,84.494408,94.629997
2023-08-11,IEF,84.047981,94.129997
2023-08-14,IEF,83.914032,93.980003
2023-08-15,IEF,83.753304,93.800003
2023-08-16,IEF,83.431885,93.440002
2023-08-17,IEF,83.324745,93.320000
2023-08-18,IEF,83.574760,93.599998
2023-08-21,IEF,83.056870,93.019997
2023-08-22,IEF,83.092560,93.059998
2023-08-23,IEF,83.994400,94.070000
2023-08-24,IEF,83.681877,93.720001
2023-08-25,IEF,83.655075,93.690002
2023-08-28,IEF,83.887245,93.949997
2023-08-29,IEF,84.485481,94.620003
2023-08-30,IEF,84.476555,94.610001
2023-08-31,IEF,84.646217,94.800003
2023-09-01,IEF,84.128799,93.980003
2023-09-05,IEF,83.618561,93.410004
2023-09-06,IEF,83.403694,93.169998
2023-09-07,IEF,83.690170,93.489998
2023-09-08,IEF,83.708069,93.510002
2023-09-11,IEF,83.564857,93.349998
2023-09-12,IEF,83.681221,93.480003
2023-09-13,IEF,83.779640,93.589996
2023-09-14,IEF,83.591736,93.379997
2023-09-15,IEF,83.332092,93.089996
2023-09-18,IEF,83.412643,93.180000
2023-09-19,IEF,83.108292,92.839996
2023-09-20,IEF,83.045639,92.769997
2023-09-21,IEF,82.427956,92.080002
2023-09-22,IEF,82.750221,92.440002
2023-09-25,IEF,82.141510,91.760002
2023-09-26,IEF,82.114655,91.730003
2023-09-27,IEF,81.747612,91.320000
2023-09-28,IEF,81.971413,91.570000
2023-09-29,IEF,81.989326,91.589996
2023-10-02,IEF,81.324257,90.610001
2023-10-03,IEF,80.651108,89.860001
2023-10-04,IEF,81.162689,90.430000
2023-10-05,IEF,81.315262,90.599998
2023-10-06,IEF,80.839615,90.070000
2023-10-09,IEF,81.871735,91.220001
2023-10-10,IEF,81.710197,91.040001
2023-10-11,IEF,82.158966,91.540001
2023-10-12,IEF,81.369148,90.660004
2023-10-13,IEF,81.889702,91.239998
2023-10-16,IEF,81.405045,90.699997
2023-10-17,IEF,80.606270,89.809998
2023-10-18,IEF,80.229263,89.389999
2023-10-19,IEF,79.834373,88.949997
2023-10-20,IEF,80.301056,89.470001
2023-10-23,IEF,80.678070,89.889999
2023-10-24,IEF,80.821655,90.050003
2023-10-25,IEF,80.112602,89.260002
2023-10-26,IEF,80.722908,89.940002
2023-10-27,IEF,80.848579,90.080002
2023-10-30,IEF,80.579323,89.779999
2023-10-31,IEF,80.408791,89.589996
2023-11-01,IEF,81.334908,90.370003
2023-11-02,IEF,81.838928,90.930000
2023-11-03,IEF,82.468933,91.629997
2023-11-06,IEF,81.991920,91.099998
2023-11-07,IEF,82.459938,91.620003
2023-11-08,IEF,82.792953,91.989998
2023-11-09,IEF,81.973930,91.080002
2023-11-10,IEF,82.063942,91.180000
2023-11-13,IEF,82.018913,91.129997
2023-11-14,IEF,83.251961,92.500000
2023-11-15,IEF,82.603928,91.779999
2023-11-16,IEF,83.224930,92.470001
2023-11-17,IEF,83.278961,92.529999
2023-11-20,IEF,83.395973,92.660004
2023-11-21,IEF,83.503960,92.779999
2023-11-22,IEF,83.476967,92.750000
2023-11-24,IEF,83.044945,92.269997
2023-11-27,IEF,83.674957,92.970001
2023-11-28,IEF,84.043968,93.379997
2023-11-29,IEF,84.485001,93.870003
2023-11-30,IEF,84.070976,93.410004
2023-12-01,IEF,84.864197,94.040001
2023-12-04,IEF,84.512283,93.650002
2023-12-05,IEF,85.107849,94.309998
2023-12-06,IEF,85.459816,94.699997
2023-12-07,IEF,85.333466,94.559998
2023-12-08,IEF,84.782974,93.949997
2023-12-11,IEF,84.792000,93.959999
2023-12-12,IEF,84.972504,94.160004
2023-12-13,IEF,86.235886,95.559998
2023-12-14,IEF,86.952744,96.070000
2023-12-15,IEF,86.880325,95.989998
2023-12-18,IEF,86.690254,95.779999
2023-12-19,IEF,86.853172,95.959999
2023-12-20,IEF,87.278564,96.430000
2023-12-21,IEF,87.142807,96.279999
2023-12-22,IEF,87.061340,96.190002
2023-12-26,IEF,87.115654,96.250000
2023-12-27,IEF,87.794464,97.000000
2023-12-28,IEF,87.459572,96.629997
2023-12-29,IEF,87.242355,96.389999
2024-01-02,IEF,86.916512,96.029999
2024-01-03,IEF,87.124695,96.260002
2024-01-04,IEF,86.599754,95.680000
2024-01-05,IEF,86.282951,95.330002
2024-01-08,IEF,86.572586,95.650002
2024-01-09,IEF,86.536385,95.610001
2024-01-10,IEF,86.400627,95.459999
2024-01-11,IEF,86.862228,95.970001
2024-01-12,IEF,87.097557,96.230003
2024-01-16,IEF,86.391556,95.449997
2024-01-17,IEF,86.110970,95.139999
2024-01-18,IEF,85.920914,94.930000
2024-01-19,IEF,85.929970,94.940002
2024-01-22,IEF,86.192474,95.230003
2024-01-23,IEF,85.975243,94.989998
2024-01-24,IEF,85.730850,94.720001
2024-01-25,IEF,86.101913,95.129997
2024-01-26,IEF,85.948082,94.959999
2024-01-29,IEF,86.463966,95.529999
2024-01-30,IEF,86.581627,95.660004
2024-01-31,IEF,87.305710,96.459999
2024-02-01,IEF,87.846481,96.820000
2024-02-02,IEF,86.703247,95.559998
2024-02-05,IEF,85.859436,94.629997
2024-02-06,IEF,86.322159,95.139999
2024-02-07,IEF,86.167961,94.970001
2024-02-08,IEF,85.886696,94.660004
2024-02-09,IEF,85.732422,94.489998
2024-02-12,IEF,85.814102,94.580002
2024-02-13,IEF,84.870491,93.540001
2024-02-14,IEF,85.188019,93.889999
2024-02-15,IEF,85.423935,94.150002
2024-02-16,IEF,85.051926,93.739998
2024-02-20,IEF,85.197121,93.900002
2024-02-21,IEF,84.924896,93.599998
2024-02-22,IEF,84.933990,93.610001
2024-02-23,IEF,85.324127,94.040001
2024-02-26,IEF,85.197121,93.900002
2024-02-27,IEF,85.006584,93.690002
2024-02-28,IEF,85.315086,94.029999
2024-02-29,IEF,85.487450,94.220001
2024-03-01,IEF,85.877724,94.400002
2024-03-04,IEF,85.686691,94.190002
2024-03-05,IEF,86.214317,94.769997
2024-03-06,IEF,86.423561,95.000000
2024-03-07,IEF,86.569107,95.160004
2024-03-08,IEF,86.632805,95.230003
2024-03-11,IEF,86.523613,95.110001
2024-03-12,IEF,86.168816,94.720001
2024-03-13,IEF,85.977791,94.510002
2024-03-14,IEF,85.340981,93.809998
2024-03-15,IEF,85.195435,93.650002
2024-03-18,IEF,85.095367,93.540001
2024-03-19,IEF,85.340981,93.809998
2024-03-20,IEF,85.541130,94.029999
2024-03-21,IEF,85.550224,94.040001
2024-03-22,IEF,85.968704,94.500000
2024-03-25,IEF,85.741257,94.250000
2024-03-26,IEF,85.868629,94.389999
2024-03-27,IEF,86.196136,94.750000
2024-03-28,IEF,86.114273,94.660004
2024-04-01,IEF,85.335075,93.529999
2024-04-02,IEF,85.152588,93.330002
2024-04-03,IEF,85.252953,93.440002
2024-04-04,IEF,85.544930,93.760002
2024-04-05,IEF,84.979256,93.139999
2024-04-08,IEF,84.787636,92.930000
2024-04-09,IEF,85.125244,93.300003
2024-04-10,IEF,83.993874,92.059998
2024-04-11,IEF,83.875267,91.930000
2024-04-12,IEF,84.221962,92.309998
2024-04-15,IEF,83.683662,91.720001
2024-04-16,IEF,83.355217,91.360001
2024-04-17,IEF,83.884399,91.940002
2024-04-18,IEF,83.592430,91.620003
2024-04-19,IEF,83.701904,91.739998
2024-04-22,IEF,83.711037,91.750000
2024-04-23,IEF,83.820503,91.870003
2024-04-24,IEF,83.565063,91.589996
2024-04-25,IEF,83.245720,91.239998
2024-04-26,IEF,83.473816,91.489998
2024-04-29,IEF,83.811378,91.860001
2024-04-30,IEF,83.419075,91.430000
2024-05-01,IEF,83.749420,91.519997
2024-05-02,IEF,84.142914,91.949997
2024-05-03,IEF,84.609596,92.459999
2024-05-06,IEF,84.682831,92.540001
2024-05-07,IEF,84.902443,92.779999
2024-05-08,IEF,84.664505,92.519997
2024-05-09,IEF,84.920753,92.800003
2024-05-10,IEF,84.646217,92.500000
2024-05-13,IEF,84.746880,92.610001
2024-05-14,IEF,84.993950,92.879997
2024-05-15,IEF,85.634529,93.580002
2024-05-16,IEF,85.469795,93.400002
2024-05-17,IEF,85.204430,93.110001
2024-05-20,IEF,85.076324,92.970001
2024-05-21,IEF,85.295937,93.209999
2024-05-22,IEF,85.186111,93.089996
2024-05-23,IEF,84.884125,92.760002
2024-05-24,IEF,84.993950,92.879997
2024-05-28,IEF,84.518120,92.360001
2024-05-29,IEF,84.106323,91.910004
2024-05-30,IEF,84.527252,92.370003
2024-05-31,IEF,84.920753,92.800003
2023-05-01,IEI,105.181908,117.230003
2023-05-02,IEI,106.061172,118.209999
2023-05-03,IEI,106.644371,118.860001
2023-05-04,IEI,106.805893,119.040001
2023-05-05,IEI,106.321388,118.500000
2023-05-08,IEI,105.944534,118.080002
2023-05-09,IEI,105.863800,117.989998
2023-05-10,IEI,106.473892,118.669998
2023-05-11,IEI,106.608490,118.820000
2023-05-12,IEI,106.195755,118.360001
2023-05-15,IEI,106.141937,118.300003
2023-05-16,IEI,105.899673,118.029999
2023-05-17,IEI,105.594635,117.690002
2023-05-18,IEI,105.128052,117.169998
2023-05-19,IEI,104.849930,116.860001
2023-05-22,IEI,104.787117,116.790001
2023-05-23,IEI,104.894783,116.910004
2023-05-24,IEI,104.670502,116.660004
2023-05-25,IEI,104.123169,116.050003
2023-05-26,IEI,104.051399,115.970001
2023-05-30,IEI,104.643578,116.629997
2023-05-31,IEI,104.867851,116.879997
2023-06-01,IEI,105.164513,116.989998
2023-06-02,IEI,104.517288,116.269997
2023-06-05,IEI,104.553223,116.309998
2023-06-06,IEI,104.517288,116.269997
2023-06-07,IEI,104.130737,115.839996
2023-06-08,IEI,104.553223,116.309998
2023-06-09,IEI,104.220650,115.940002
2023-06-12,IEI,104.391426,116.129997
2023-06-13,IEI,103.888039,115.570000
2023-06-14,IEI,103.852104,115.529999
2023-06-15,IEI,104.382454,116.120003
2023-06-16,IEI,104.031883,115.730003
2023-06-20,IEI,104.193703,115.910004
2023-06-21,IEI,104.238647,115.959999
2023-06-22,IEI,103.906036,115.589996
2023-06-23,IEI,104.085823,115.790001
2023-06-26,IEI,104.283585,116.010002
2023-06-27,IEI,103.986946,115.680000
2023-06-28,IEI,104.256638,115.980003
2023-06-29,IEI,103.582436,115.230003
2023-06-30,IEI,103.609398,115.260002
2023-07-03,IEI,103.322975,114.720001
2023-07-05,IEI,103.106850,114.480003
2023-07-06,IEI,102.629471,113.949997
2023-07-07,IEI,102.674515,114.000000
2023-07-10,IEI,103.151871,114.529999
2023-07-11,IEI,103.178864,114.559998
2023-07-12,IEI,103.935440,115.400002
2023-07-13,IEI,104.601891,116.139999
2023-07-14,IEI,104.133553,115.620003
2023-07-17,IEI,104.259682,115.760002
2023-07-18,IEI,104.286697,115.790001
2023-07-19,IEI,104.448776,115.970001
2023-07-20,IEI,103.971436,115.440002
2023-07-21,IEI,103.971436,115.440002
2023-07-24,IEI,103.755287,115.199997
2023-07-25,IEI,103.647194,115.080002
2023-07-26,IEI,103.917412,115.379997
2023-07-27,IEI,103.332001,114.730003
2023-07-28,IEI,103.593185,115.019997
2023-07-31,IEI,103.683243,115.120003
2023-08-01,IEI,103.392693,114.570000
2023-08-02,IEI,103.383591,114.559998
2023-08-03,IEI,103.121925,114.269997
2023-08-04,IEI,103.789726,115.010002
2023-08-07,IEI,103.735580,114.949997
2023-08-08,IEI,103.979218,115.220001
2023-08-09,IEI,103.925087,115.160004
2023-08-10,IEI,103.537048,114.730003
2023-08-11,IEI,103.158028,114.309998
2023-08-14,IEI,102.968491,114.099998
2023-08-15,IEI,102.932381,114.059998
2023-08-16,IEI,102.733849,113.839996
2023-08-17,IEI,102.788025,113.900002
2023-08-18,IEI,102.932381,114.059998
2023-08-21,IEI,102.580452,113.669998
2023-08-22,IEI,102.508255,113.589996
2023-08-23,IEI,103.085823,114.230003
2023-08-24,IEI,102.887291,114.010002
2023-08-25,IEI,102.778984,113.889999
2023-08-28,IEI,102.950439,114.080002
2023-08-29,IEI,103.482918,114.669998
2023-08-30,IEI,103.464851,114.650002
2023-08-31,IEI,103.654358,114.860001
2023-09-01,IEI,103.339668,114.279999
2023-09-05,IEI,103.068398,113.980003
2023-09-06,IEI,102.779007,113.660004
2023-09-07,IEI,103.086487,114.000000
2023-09-08,IEI,103.032219,113.940002
2023-09-11,IEI,102.987022,113.889999
2023-09-12,IEI,102.987022,113.889999
2023-09-13,IEI,103.122665,114.040001
2023-09-14,IEI,103.005096,113.910004
2023-09-15,IEI,102.833290,113.720001
2023-09-18,IEI,102.824249,113.709999
2023-09-19,IEI,102.598183,113.459999
2023-09-20,IEI,102.489639,113.339996
2023-09-21,IEI,102.236481,113.059998
2023-09-22,IEI,102.489639,113.339996
2023-09-25,IEI,102.245499,113.070000
2023-09-26,IEI,102.227448,113.050003
2023-09-27,IEI,101.965202,112.760002
2023-09-28,IEI,102.272621,113.099998
2023-09-29,IEI,102.326889,113.160004
2023-10-02,IEI,101.903679,112.449997
2023-10-03,IEI,101.504974,112.010002
2023-10-04,IEI,101.921822,112.470001
2023-10-05,IEI,102.139305,112.709999
2023-10-06,IEI,101.794937,112.330002
2023-10-09,IEI,102.619583,113.239998
2023-10-10,IEI,102.447418,113.050003
2023-10-11,IEI,102.583374,113.199997
2023-10-12,IEI,102.121193,112.690002
2023-10-13,IEI,102.383995,112.980003
2023-10-16,IEI,102.084923,112.650002
2023-10-17,IEI,101.423393,111.919998
2023-10-18,IEI,101.196846,111.669998
2023-10-19,IEI,101.142448,111.610001
2023-10-20,IEI,101.577454,112.089996
2023-10-23,IEI,101.813042,112.349998
2023-10-24,IEI,101.804008,112.339996
2023-10-25,IEI,101.387146,111.879997
2023-10-26,IEI,101.885574,112.430000
2023-10-27,IEI,102.057747,112.620003
2023-10-30,IEI,101.858383,112.400002
2023-10-31,IEI,101.758682,112.290001
2023-11-01,IEI,102.444572,112.769997
2023-11-02,IEI,102.617142,112.959999
2023-11-03,IEI,103.253067,113.660004
2023-11-06,IEI,102.844284,113.209999
2023-11-07,IEI,103.116844,113.510002
2023-11-08,IEI,103.234901,113.639999
2023-11-09,IEI,102.671684,113.019997
2023-11-10,IEI,102.671684,113.019997
2023-11-13,IEI,102.717110,113.070000
2023-11-14,IEI,103.725471,114.180000
2023-11-15,IEI,103.253067,113.660004
2023-11-16,IEI,103.743637,114.199997
2023-11-17,IEI,103.661873,114.110001
2023-11-20,IEI,103.725471,114.180000
2023-11-21,IEI,103.861740,114.330002
2023-11-22,IEI,103.798141,114.260002
2023-11-24,IEI,103.543777,113.980003
2023-11-27,IEI,103.961670,114.440002
2023-11-28,IEI,104.379524,114.900002
2023-11-29,IEI,104.724724,115.279999
2023-11-30,IEI,104.506737,115.040001
2023-12-01,IEI,105.130478,115.449997
2023-12-04,IEI,104.802673,115.089996
2023-12-05,IEI,105.194237,115.519997
2023-12-06,IEI,105.321709,115.660004
2023-12-07,IEI,105.321709,115.660004
2023-12-08,IEI,104.802673,115.089996
2023-12-11,IEI,104.811783,115.099998
2023-12-12,IEI,104.948357,115.250000
2023-12-13,IEI,106.068451,116.480003
2023-12-14,IEI,106.535835,116.699997
2023-12-15,IEI,106.398895,116.550003
2023-12-18,IEI,106.271095,116.410004
2023-12-19,IEI,106.362381,116.510002
2023-12-20,IEI,106.718391,116.900002
2023-12-21,IEI,106.718391,116.900002
2023-12-22,IEI,106.709282,116.889999
2023-12-26,IEI,106.681885,116.860001
2023-12-27,IEI,107.147453,117.370003
2023-12-28,IEI,106.955765,117.160004
2023-12-29,IEI,106.928383,117.129997
2024-01-02,IEI,106.617996,116.790001
2024-01-03,IEI,106.764030,116.949997
2024-01-04,IEI,106.426285,116.580002
2024-01-05,IEI,106.243698,116.379997
2024-01-08,IEI,106.462799,116.620003
2024-01-09,IEI,106.490181,116.650002
2024-01-10,IEI,106.426285,116.580002
2024-01-11,IEI,106.901001,117.099998
2024-01-12,IEI,107.174881,117.400002
2024-01-16,IEI,106.718391,116.900002
2024-01-17,IEI,106.353241,116.500000
2024-01-18,IEI,106.298492,116.440002
2024-01-19,IEI,106.243698,116.379997
2024-01-22,IEI,106.426285,116.580002
2024-01-23,IEI,106.307602,116.449997
2024-01-24,IEI,106.134155,116.260002
2024-01-25,IEI,106.481049,116.639999
2024-01-26,IEI,106.344124,116.489998
2024-01-29,IEI,106.691040,116.870003
2024-01-30,IEI,106.608841,116.779999
2024-01-31,IEI,107.257027,117.489998
2024-02-01,IEI,107.565430,117.540001
2024-02-02,IEI,106.686890,116.580002
2024-02-05,IEI,106.092049,115.930000
2024-02-06,IEI,106.476395,116.349998
2024-02-07,IEI,106.357422,116.220001
2024-02-08,IEI,106.165268,116.010002
2024-02-09,IEI,106.055443,115.889999
2024-02-12,IEI,106.137810,115.980003
2024-02-13,IEI,105.295891,115.059998
2024-02-14,IEI,105.616188,115.410004
2024-02-15,IEI,105.799194,115.610001
2024-02-16,IEI,105.478912,115.260002
2024-02-20,IEI,105.671089,115.470001
2024-02-21,IEI,105.433167,115.209999
2024-02-22,IEI,105.378227,115.150002
2024-02-23,IEI,105.579582,115.370003
2024-02-26,IEI,105.478912,115.260002
2024-02-27,IEI,105.396530,115.169998
2024-02-28,IEI,105.652786,115.449997
2024-02-29,IEI,105.780907,115.589996
2024-03-01,IEI,106.161598,115.730003
2024-03-04,IEI,105.987305,115.540001
2024-03-05,IEI,106.317558,115.900002
2024-03-06,IEI,106.418449,116.010002
2024-03-07,IEI,106.620270,116.230003
2024-03-08,IEI,106.730324,116.349998
2024-03-11,IEI,106.583549,116.190002
2024-03-12,IEI,106.290031,115.870003
2024-03-13,IEI,106.134071,115.699997
2024-03-14,IEI,105.702934,115.230003
2024-03-15,IEI,105.546997,115.059998
2024-03-18,IEI,105.464432,114.970001
2024-03-19,IEI,105.693764,115.220001
2024-03-20,IEI,105.941437,115.489998
2024-03-21,IEI,105.950615,115.500000
2024-03-22,IEI,106.234978,115.809998
2024-03-25,IEI,106.097374,115.660004
2024-03-26,IEI,106.170769,115.739998
2024-03-27,IEI,106.390923,115.980003
2024-03-28,IEI,106.234978,115.809998
2024-04-01,IEI,105.725433,114.949997
2024-04-02,IEI,105.697853,114.919998
2024-04-03,IEI,105.780624,115.010002
2024-04-04,IEI,106.010574,115.260002
2024-04-05,IEI,105.578278,114.790001
2024-04-08,IEI,105.385132,114.580002
2024-04-09,IEI,105.624245,114.839996
2024-04-10,IEI,104.612526,113.739998
2024-04-11,IEI,104.630936,113.760002
2024-04-12,IEI,104.897675,114.050003
2024-04-15,IEI,104.566559,113.690002
2024-04-16,IEI,104.327423,113.430000
2024-04-17,IEI,104.686111,113.820000
2024-04-18,IEI,104.446991,113.559998
2024-04-19,IEI,104.529747,113.650002
2024-04-22,IEI,104.566559,113.690002
2024-04-23,IEI,104.722900,113.860001
2024-04-24,IEI,104.594139,113.720001
2024-04-25,IEI,104.345810,113.449997
2024-04-26,IEI,104.465370,113.580002
2024-04-29,IEI,104.658524,113.790001
2024-04-30,IEI,104.391808,113.500000
2024-05-01,IEI,104.673988,113.510002
2024-05-02,IEI,105.079742,113.949997
2024-05-03,IEI,105.467041,114.370003
2024-05-06,IEI,105.494713,114.400002
2024-05-07,IEI,105.596138,114.510002
2024-05-08,IEI,105.485474,114.389999
2024-05-09,IEI,105.660690,114.580002
2024-05-10,IEI,105.467041,114.370003
2024-05-13,IEI,105.513138,114.419998
2024-05-14,IEI,105.716026,114.639999
2024-05-15,IEI,106.232422,115.199997
2024-05-16,IEI,106.057220,115.010002
2024-05-17,IEI,105.882019,114.820000
2024-05-20,IEI,105.799026,114.730003
2024-05-21,IEI,105.955780,114.900002
2024-05-22,IEI,105.799026,114.730003
2024-05-23,IEI,105.577698,114.489998
2024-05-24,IEI,105.596138,114.510002
2024-05-28,IEI,105.337929,114.230003
2024-05-29,IEI,105.098167,113.970001
2024-05-30,IEI,105.393265,114.290001
2024-05-31,IEI,105.762146,114.690002
2023-05-01,IGF,43.700798,48.939999
2023-05-02,IGF,43.200737,48.380001
2023-05-03,IGF,43.084656,48.250000
2023-05-04,IGF,43.102520,48.270000
2023-05-05,IGF,43.727581,48.970001
2023-05-08,IGF,43.700798,48.939999
2023-05-09,IGF,43.745438,48.990002
2023-05-10,IGF,43.888309,49.150002
2023-05-11,IGF,43.441837,48.650002
2023-05-12,IGF,43.557915,48.779999
2023-05-15,IGF,43.423977,48.630001
2023-05-16,IGF,42.789986,47.919998
2023-05-17,IGF,42.888206,48.029999
2023-05-18,IGF,42.656052,47.770000
2023-05-19,IGF,42.557819,47.660000
2023-05-22,IGF,42.557819,47.660000
2023-05-23,IGF,42.138138,47.189999
2023-05-24,IGF,41.807747,46.820000
2023-05-25,IGF,41.271980,46.220001
2023-05-26,IGF,41.557720,46.540001
2023-05-30,IGF,41.271980,46.220001
2023-05-31,IGF,41.343414,46.299999
2023-06-01,IGF,41.432705,46.400002
2023-06-02,IGF,41.986336,47.020000
2023-06-05,IGF,41.780949,46.790001
2023-06-06,IGF,41.995262,47.029999
2023-06-07,IGF,42.171921,46.549999
2023-06-08,IGF,42.271576,46.660000
2023-06-09,IGF,42.126625,46.500000
2023-06-12,IGF,42.072269,46.439999
2023-06-13,IGF,42.208160,46.590000
2023-06-14,IGF,42.344059,46.740002
2023-06-15,IGF,42.742672,47.180000
2023-06-16,IGF,42.932919,47.389999
2023-06-20,IGF,42.434650,46.840000
2023-06-21,IGF,42.724556,47.160000
2023-06-22,IGF,42.362171,46.759998
2023-06-23,IGF,41.664593,45.990002
2023-06-26,IGF,42.026974,46.389999
2023-06-27,IGF,42.244404,46.630001
2023-06-28,IGF,42.108509,46.480000
2023-06-29,IGF,42.153805,46.529999
2023-06-30,IGF,42.534306,46.950001
2023-07-03,IGF,42.797031,47.240002
2023-07-05,IGF,42.534306,46.950001
2023-07-06,IGF,41.990730,46.349998
2023-07-07,IGF,42.208160,46.590000
2023-07-10,IGF,42.063210,46.430000
2023-07-11,IGF,42.579601,47.000000
2023-07-12,IGF,43.114113,47.590000
2023-07-13,IGF,43.512726,48.029999
2023-07-14,IGF,43.050694,47.520000
2023-07-17,IGF,42.833263,47.279999
2023-07-18,IGF,42.869503,47.320000
2023-07-19,IGF,42.932919,47.389999
2023-07-20,IGF,43.123173,47.599998
2023-07-21,IGF,43.440258,47.950001
2023-07-24,IGF,43.367779,47.869999
2023-07-25,IGF,43.213764,47.700001
2023-07-26,IGF,43.521790,48.040001
2023-07-27,IGF,43.041634,47.509998
2023-07-28,IGF,43.032574,47.500000
2023-07-31,IGF,43.313423,47.810001
2023-08-01,IGF,42.624901,47.049999
2023-08-02,IGF,42.017914,46.380001
2023-08-03,IGF,41.718952,46.049999
2023-08-04,IGF,41.664593,45.990002
2023-08-07,IGF,41.746132,46.080002
2023-08-08,IGF,41.782364,46.119999
2023-08-09,IGF,41.999790,46.360001
2023-08-10,IGF,42.063210,46.430000
2023-08-11,IGF,42.054150,46.419998
2023-08-14,IGF,41.682713,46.009998
2023-08-15,IGF,41.202557,45.480000
2023-08-16,IGF,41.121021,45.389999
2023-08-17,IGF,40.803944,45.040001
2023-08-18,IGF,40.912655,45.160000
2023-08-21,IGF,40.704288,44.930000
2023-08-22,IGF,40.613697,44.830002
2023-08-23,IGF,41.021366,45.279999
2023-08-24,IGF,40.722412,44.950001
2023-08-25,IGF,40.957954,45.209999
2023-08-28,IGF,41.184437,45.459999
2023-08-29,IGF,41.673649,46.000000
2023-08-30,IGF,41.628353,45.950001
2023-08-31,IGF,41.166321,45.439999
2023-09-01,IGF,41.184437,45.459999
2023-09-05,IGF,40.668049,44.889999
2023-09-06,IGF,40.196957,44.369999
2023-09-07,IGF,40.423443,44.619999
2023-09-08,IGF,40.613697,44.830002
2023-09-11,IGF,40.858299,45.099998
2023-09-12,IGF,41.021366,45.279999
2023-09-13,IGF,40.930771,45.180000
2023-09-14,IGF,41.429050,45.730000
2023-09-15,IGF,41.456219,45.759998
2023-09-18,IGF,41.238800,45.520000
2023-09-19,IGF,41.229736,45.509998
2023-09-20,IGF,41.302216,45.590000
2023-09-21,IGF,40.622753,44.840000
2023-09-22,IGF,40.613697,44.830002
2023-09-25,IGF,40.532158,44.740002
2023-09-26,IGF,39.662441,43.779999
2023-09-27,IGF,39.454075,43.549999
2023-09-28,IGF,39.381603,43.470001
2023-09-29,IGF,39.218529,43.290001
2023-10-02,IGF,38.067974,42.020000
2023-10-03,IGF,37.651245,41.560001
2023-10-04,IGF,37.769012,41.689999
2023-10-05,IGF,37.306976,41.180000
2023-10-06,IGF,37.823368,41.750000
2023-10-09,IGF,38.095154,42.049999
2023-10-10,IGF,38.729317,42.750000
2023-10-11,IGF,39.100754,43.160000
2023-10-12,IGF,38.520947,42.520000
2023-10-13,IGF,38.638725,42.650002
2023-10-16,IGF,38.910507,42.950001
2023-10-17,IGF,38.856152,42.889999
2023-10-18,IGF,38.285400,42.259998
2023-10-19,IGF,38.067974,42.020000
2023-10-20,IGF,37.732777,41.650002
2023-10-23,IGF,37.696537,41.610001
2023-10-24,IGF,37.950203,41.889999
2023-10-25,IGF,37.859604,41.790001
2023-10-26,IGF,37.868664,41.799999
2023-10-27,IGF,37.479107,41.369999
2023-10-30,IGF,37.977386,41.919998
2023-10-31,IGF,38.167629,42.130001
2023-11-01,IGF,38.602489,42.610001
2023-11-02,IGF,39.689625,43.810001
2023-11-03,IGF,40.106358,44.270000
2023-11-06,IGF,39.988590,44.139999
2023-11-07,IGF,39.635265,43.750000
2023-11-08,IGF,39.562790,43.669998
2023-11-09,IGF,39.146053,43.209999
2023-11-10,IGF,39.408779,43.500000
2023-11-13,IGF,39.327244,43.410000
2023-11-14,IGF,40.550274,44.759998
2023-11-15,IGF,40.523098,44.730000
2023-11-16,IGF,40.550274,44.759998
2023-11-17,IGF,41.048546,45.310001
2023-11-20,IGF,41.148201,45.419998
2023-11-21,IGF,41.084782,45.349998
2023-11-22,IGF,41.202557,45.480000
2023-11-24,IGF,41.528698,45.840000
2023-11-27,IGF,41.429050,45.730000
2023-11-28,IGF,41.619301,45.939999
2023-11-29,IGF,41.537762,45.849998
2023-11-30,IGF,41.728008,46.060001
2023-12-01,IGF,42.180988,46.560001
2023-12-04,IGF,41.909199,46.259998
2023-12-05,IGF,41.673649,46.000000
2023-12-06,IGF,41.981674,46.340000
2023-12-07,IGF,41.918259,46.270000
2023-12-08,IGF,42.045090,46.410000
2023-12-11,IGF,41.945438,46.299999
2023-12-12,IGF,41.845776,46.189999
2023-12-13,IGF,42.896679,47.349998
2023-12-14,IGF,43.458374,47.970001
2023-12-15,IGF,42.878571,47.330002
2023-12-18,IGF,43.032574,47.500000
2023-12-19,IGF,43.485550,48.000000
2023-12-20,IGF,42.753292,46.299999
2023-12-21,IGF,43.214996,46.799999
2023-12-22,IGF,43.344269,46.939999
2023-12-26,IGF,43.593586,47.209999
2023-12-27,IGF,43.667461,47.290001
2023-12-28,IGF,43.639759,47.259998
2023-12-29,IGF,43.445839,47.049999
2024-01-02,IGF,43.390442,46.990002
2024-01-03,IGF,43.279629,46.869999
2024-01-04,IGF,43.288864,46.880001
2024-01-05,IGF,43.538185,47.150002
2024-01-08,IGF,43.648991,47.270000
2024-01-09,IGF,43.362736,46.959999
2024-01-10,IGF,43.593586,47.209999
2024-01-11,IGF,43.122654,46.700001
2024-01-12,IGF,43.353504,46.950001
2024-01-16,IGF,42.531685,46.060001
2024-01-17,IGF,41.940701,45.419998
2024-01-18,IGF,41.765255,45.230000
2024-01-19,IGF,41.839130,45.310001
2024-01-22,IGF,41.728325,45.189999
2024-01-23,IGF,41.580582,45.029999
2024-01-24,IGF,41.515942,44.959999
2024-01-25,IGF,42.005344,45.490002
2024-01-26,IGF,42.134621,45.630001
2024-01-29,IGF,42.180786,45.680000
2024-01-30,IGF,42.199257,45.700001
2024-01-31,IGF,41.894531,45.369999
2024-02-01,IGF,42.393169,45.910000
2024-02-02,IGF,41.922237,45.400002
2024-02-05,IGF,41.580582,45.029999
2024-02-06,IGF,41.857605,45.330002
2024-02-07,IGF,41.682156,45.139999
2024-02-08,IGF,41.386665,44.820000
2024-02-09,IGF,41.211220,44.630001
2024-02-12,IGF,41.442074,44.880001
2024-02-13,IGF,40.721817,44.099998
2024-02-14,IGF,40.814163,44.200001
2024-02-15,IGF,41.543648,44.990002
2024-02-16,IGF,41.497475,44.939999
2024-02-20,IGF,41.811428,45.279999
2024-02-21,IGF,42.097683,45.590000
2024-02-22,IGF,42.069981,45.560001
2024-02-23,IGF,42.245426,45.750000
2024-02-26,IGF,41.700623,45.160000
2024-02-27,IGF,42.014580,45.500000
2024-02-28,IGF,41.959175,45.439999
2024-02-29,IGF,42.143852,45.639999
2024-03-01,IGF,42.023808,45.509998
2024-03-04,IGF,42.116154,45.610001
2024-03-05,IGF,42.199257,45.700001
2024-03-06,IGF,42.513210,46.040001
2024-03-07,IGF,42.808701,46.360001
2024-03-08,IGF,42.891804,46.450001
2024-03-11,IGF,42.947205,46.509998
2024-03-12,IGF,42.882568,46.439999
2024-03-13,IGF,43.141121,46.720001
2024-03-14,IGF,42.836403,46.389999
2024-03-15,IGF,42.808701,46.360001
2024-03-18,IGF,42.808701,46.360001
2024-03-19,IGF,42.937977,46.500000
2024-03-20,IGF,43.316566,46.910000
2024-03-21,IGF,43.214996,46.799999
2024-03-22,IGF,43.168819,46.750000
2024-03-25,IGF,43.445839,47.049999
2024-03-26,IGF,43.325798,46.919998
2024-03-27,IGF,43.981411,47.630001
2024-03-28,IGF,43.972176,47.619999
2024-04-01,IGF,43.870602,47.509998
2024-04-02,IGF,43.898312,47.540001
2024-04-03,IGF,43.972176,47.619999
2024-04-04,IGF,43.787498,47.419998
2024-04-05,IGF,43.815205,47.450001
2024-04-08,IGF,43.999882,47.650002
2024-04-09,IGF,44.166096,47.830002
2024-04-10,IGF,43.353504,46.950001
2024-04-11,IGF,43.178055,46.759998
2024-04-12,IGF,42.799461,46.349998
2024-04-15,IGF,42.310062,45.820000
2024-04-16,IGF,41.783726,45.250000
2024-04-17,IGF,42.254662,45.759998
2024-04-18,IGF,42.494740,46.020000
2024-04-19,IGF,42.910275,46.470001
2024-04-22,IGF,43.298096,46.889999
2024-04-23,IGF,43.796734,47.430000
2024-04-24,IGF,43.722858,47.349998
2024-04-25,IGF,43.990646,47.639999
2024-04-26,IGF,43.870602,47.509998
2024-04-29,IGF,44.286133,47.959999
2024-04-30,IGF,43.685928,47.310001
2024-05-01,IGF,43.796734,47.430000
2024-05-02,IGF,44.470818,48.160000
2024-05-03,IGF,44.766300,48.480000
2024-05-06,IGF,45.006382,48.740002
2024-05-07,IGF,45.292637,49.049999
2024-05-08,IGF,45.588123,49.369999
2024-05-09,IGF,46.114456,49.939999
2024-05-10,IGF,46.280678,50.119999
2024-05-13,IGF,46.206802,50.040001
2024-05-14,IGF,46.391483,50.240002
2024-05-15,IGF,46.733135,50.610001
2024-05-16,IGF,46.696201,50.570000
2024-05-17,IGF,46.816242,50.700001
2024-05-20,IGF,46.788540,50.669998
2024-05-21,IGF,46.807011,50.689999
2024-05-22,IGF,46.456120,50.310001
2024-05-23,IGF,45.818974,49.619999
2024-05-24,IGF,46.031357,49.849998
2024-05-28,IGF,45.892849,49.700001
2024-05-29,IGF,45.292637,49.049999
2024-05-30,IGF,45.846680,49.650002
2024-05-31,IGF,46.557690,50.419998
2023-05-01,ISA.CL,14389.314453,18200.000000
2023-05-02,ISA.CL,14310.250000,18100.000000
2023-05-03,ISA.CL,14136.314453,17880.000000
2023-05-04,ISA.CL,14389.314453,18200.000000
2023-05-05,ISA.CL,14152.125977,17900.000000
2023-05-08,ISA.CL,13851.692383,17520.000000
2023-05-09,ISA.CL,14073.065430,17800.000000
2023-05-10,ISA.CL,13914.940430,17600.000000
2023-05-11,ISA.CL,13677.754883,17300.000000
2023-05-12,ISA.CL,14444.658203,18270.000000
2023-05-15,ISA.CL,13859.596680,17530.000000
2023-05-16,ISA.CL,13772.628906,17420.000000
2023-05-17,ISA.CL,13978.190430,17680.000000
2023-05-18,ISA.CL,14319.974609,17220.000000
2023-05-19,ISA.CL,13687.965820,16460.000000
2023-05-22,ISA.CL,13687.965820,16460.000000
2023-05-23,ISA.CL,13421.858398,16140.000000
2023-05-24,ISA.CL,13305.434570,16000.000000
2023-05-25,ISA.CL,13055.958984,15700.000000
2023-05-26,ISA.CL,13471.753906,16200.000000
2023-05-29,ISA.CL,13862.601562,16670.000000
2023-05-30,ISA.CL,14137.024414,17000.000000
2023-05-31,ISA.CL,14635.977539,17600.000000
2023-06-01,ISA.CL,14635.977539,17600.000000
2023-06-02,ISA.CL,14968.613281,18000.000000
2023-06-05,ISA.CL,14785.664062,17780.000000
2023-06-06,ISA.CL,15550.728516,18700.000000
2023-06-07,ISA.CL,14968.613281,18000.000000
2023-06-08,ISA.CL,14635.977539,17600.000000
2023-06-13,ISA.CL,15301.250977,18400.000000
2023-06-14,ISA.CL,14943.667969,17970.000000
2023-06-15,ISA.CL,14960.297852,17990.000000
2023-06-16,ISA.CL,14760.717773,17750.000000
2023-06-19,ISA.CL,14760.717773,17750.000000
2023-06-20,ISA.CL,14885.454102,17900.000000
2023-06-21,ISA.CL,14594.400391,17550.000000
2023-06-22,ISA.CL,14261.762695,17150.000000
2023-06-23,ISA.CL,14120.392578,16980.000000
2023-06-26,ISA.CL,14045.549805,16890.000000
2023-06-27,ISA.CL,14012.286133,16850.000000
2023-06-28,ISA.CL,13762.809570,16550.000000
2023-06-29,ISA.CL,14012.286133,16850.000000
2023-06-30,ISA.CL,14045.549805,16890.000000
2023-07-03,ISA.CL,14045.549805,16890.000000
2023-07-04,ISA.CL,13962.390625,16790.000000
2023-07-05,ISA.CL,13613.122070,16370.000000
2023-07-06,ISA.CL,13654.703125,16420.000000
2023-07-07,ISA.CL,14120.392578,16980.000000
2023-07-10,ISA.CL,13929.127930,16750.000000
2023-07-11,ISA.CL,13970.707031,16800.000000
2023-07-12,ISA.CL,14112.077148,16970.000000
2023-07-13,ISA.CL,14220.184570,17100.000000
2023-07-14,ISA.CL,14220.184570,17100.000000
2023-07-17,ISA.CL,14186.918945,17060.000000
2023-07-18,ISA.CL,14361.552734,17270.000000
2023-07-19,ISA.CL,14386.501953,17300.000000
2023-07-20,ISA.CL,14386.501953,17300.000000
2023-07-21,ISA.CL,14394.817383,17310.000000
2023-07-24,ISA.CL,14303.343750,17200.000000
2023-07-25,ISA.CL,14344.921875,17250.000000
2023-07-26,ISA.CL,14128.708984,16990.000000
2023-07-27,ISA.CL,14328.291016,17230.000000
2023-07-28,ISA.CL,14195.238281,17070.000000
2023-07-31,ISA.CL,14195.238281,17070.000000
2023-08-01,ISA.CL,14220.184570,17100.000000
2023-08-02,ISA.CL,14067.852539,16916.820312
2023-08-03,ISA.CL,13995.655273,16830.000000
2023-08-04,ISA.CL,13995.655273,16830.000000
2023-08-07,ISA.CL,13995.655273,16830.000000
2023-08-08,ISA.CL,14137.024414,17000.000000
2023-08-09,ISA.CL,14137.024414,17000.000000
2023-08-10,ISA.CL,14137.024414,17000.000000
2023-08-11,ISA.CL,13987.337891,16820.000000
2023-08-14,ISA.CL,14053.865234,16900.000000
2023-08-15,ISA.CL,14053.865234,16900.000000
2023-08-16,ISA.CL,14045.549805,16890.000000
2023-08-17,ISA.CL,13721.229492,16500.000000
2023-08-18,ISA.CL,13579.861328,16330.000000
2023-08-21,ISA.CL,13579.861328,16330.000000
2023-08-22,ISA.CL,13006.061523,15640.000000
2023-08-23,ISA.CL,12523.740234,15060.000000
2023-08-24,ISA.CL,12723.321289,15300.000000
2023-08-25,ISA.CL,12906.271484,15520.000000
2023-08-28,ISA.CL,13280.489258,15970.000000
2023-08-29,ISA.CL,13538.279297,16280.000000
2023-08-30,ISA.CL,13837.652344,16640.000000
2023-08-31,ISA.CL,12457.212891,14980.000000
2023-09-01,ISA.CL,12931.219727,15550.000000
2023-09-04,ISA.CL,12806.480469,15400.000000
2023-09-05,ISA.CL,11650.570312,14010.000000
2023-09-06,ISA.CL,11475.937500,13800.000000
2023-09-07,ISA.CL,11974.890625,14400.000000
2023-09-08,ISA.CL,11891.733398,14300.000000
2023-09-11,ISA.CL,11891.733398,14300.000000
2023-09-12,ISA.CL,12224.367188,14700.000000
2023-09-13,ISA.CL,12232.684570,14710.000000
2023-09-14,ISA.CL,12232.684570,14710.000000
2023-09-15,ISA.CL,12723.321289,15300.000000
2023-09-18,ISA.CL,12573.635742,15120.000000
2023-09-19,ISA.CL,12640.163086,15200.000000
2023-09-20,ISA.CL,12665.111328,15230.000000
2023-09-21,ISA.CL,12656.795898,15220.000000
2023-09-22,ISA.CL,12640.163086,15200.000000
2023-09-25,ISA.CL,12340.791992,14840.000000
2023-09-26,ISA.CL,12058.050781,14500.000000
2023-09-27,ISA.CL,12723.321289,15300.000000
2023-09-28,ISA.CL,12473.845703,15000.000000
2023-09-29,ISA.CL,12407.318359,14920.000000
2023-10-02,ISA.CL,12141.208984,14600.000000
2023-10-03,ISA.CL,11766.995117,14150.000000
2023-10-04,ISA.CL,11808.574219,14200.000000
2023-10-05,ISA.CL,11650.570312,14010.000000
2023-10-06,ISA.CL,11725.415039,14100.000000
2023-10-09,ISA.CL,11725.415039,14100.000000
2023-10-10,ISA.CL,11492.570312,13820.000000
2023-10-11,ISA.CL,11966.575195,14390.000000
2023-10-12,ISA.CL,11658.886719,14020.000000
2023-10-13,ISA.CL,11858.468750,14260.000000
2023-10-16,ISA.CL,11858.468750,14260.000000
2023-10-17,ISA.CL,12058.050781,14500.000000
2023-10-18,ISA.CL,12141.208984,14600.000000
2023-10-19,ISA.CL,12074.682617,14520.000000
2023-10-20,ISA.CL,12473.845703,15000.000000
2023-10-23,ISA.CL,12224.367188,14700.000000
2023-10-24,ISA.CL,12224.367188,14700.000000
2023-10-25,ISA.CL,12290.896484,14780.000000
2023-10-26,ISA.CL,11492.570312,13820.000000
2023-10-27,ISA.CL,11974.890625,14400.000000
2023-10-30,ISA.CL,11983.208008,14410.000000
2023-10-31,ISA.CL,12058.050781,14500.000000
2023-11-01,ISA.CL,11974.890625,14400.000000
2023-11-02,ISA.CL,12182.790039,14650.000000
2023-11-03,ISA.CL,12182.790039,14650.000000
2023-11-06,ISA.CL,12182.790039,14650.000000
2023-11-07,ISA.CL,12473.845703,15000.000000
2023-11-08,ISA.CL,12557.003906,15100.000000
2023-11-09,ISA.CL,12789.850586,15380.000000
2023-11-10,ISA.CL,12423.950195,14940.000000
2023-11-13,ISA.CL,12423.950195,14940.000000
2023-11-14,ISA.CL,12673.426758,15240.000000
2023-11-15,ISA.CL,12557.003906,15100.000000
2023-11-16,ISA.CL,12606.899414,15160.000000
2023-11-17,ISA.CL,13189.012695,15860.000000
2023-11-20,ISA.CL,13189.012695,15860.000000
2023-11-21,ISA.CL,12972.800781,15600.000000
2023-11-22,ISA.CL,12889.640625,15500.000000
2023-11-23,ISA.CL,12673.426758,15240.000000
2023-11-24,ISA.CL,12673.426758,15240.000000
2023-11-27,ISA.CL,12573.635742,15120.000000
2023-11-28,ISA.CL,12640.163086,15200.000000
2023-11-29,ISA.CL,12606.899414,15160.000000
2023-11-30,ISA.CL,12606.899414,15160.000000
2023-12-01,ISA.CL,12656.795898,15220.000000
2023-12-04,ISA.CL,12640.163086,15200.000000
2023-12-05,ISA.CL,12723.321289,15300.000000
2023-12-06,ISA.CL,12723.321289,15300.000000
2023-12-07,ISA.CL,13139.116211,15800.000000
2023-12-08,ISA.CL,13139.116211,15800.000000
2023-12-11,ISA.CL,12889.640625,15500.000000
2023-12-12,ISA.CL,12889.640625,15500.000000
2023-12-13,ISA.CL,12972.800781,15600.000000
2023-12-14,ISA.CL,13264.333008,15060.000000
2023-12-15,ISA.CL,13352.409180,15160.000000
2023-12-18,ISA.CL,13352.409180,15160.000000
2023-12-19,ISA.CL,13352.409180,15160.000000
2023-12-20,ISA.CL,13070.565430,14840.000000
2023-12-21,ISA.CL,13105.792969,14880.000000
2023-12-22,ISA.CL,13246.716797,15040.000000
2023-12-25,ISA.CL,13246.716797,15040.000000
2023-12-26,ISA.CL,13422.870117,15240.000000
2023-12-27,ISA.CL,13669.484375,15520.000000
2023-12-28,ISA.CL,13634.255859,15480.000000
2023-12-29,ISA.CL,13634.255859,15480.000000
2024-01-01,ISA.CL,13634.255859,15480.000000
2024-01-02,ISA.CL,14374.097656,16320.000000
2024-01-03,ISA.CL,14233.174805,16160.000000
2024-01-04,ISA.CL,14620.710938,16600.000000
2024-01-05,ISA.CL,14973.018555,17000.000000
2024-01-08,ISA.CL,14973.018555,17000.000000
2024-01-09,ISA.CL,15554.322266,17660.000000
2024-01-10,ISA.CL,15325.324219,17400.000000
2024-01-11,ISA.CL,15325.324219,17400.000000
2024-01-12,ISA.CL,15589.554688,17700.000000
2024-01-15,ISA.CL,15395.784180,17480.000000
2024-01-16,ISA.CL,15889.014648,18040.000000
2024-01-17,ISA.CL,15325.324219,17400.000000
2024-01-18,ISA.CL,14990.633789,17020.000000
2024-01-19,ISA.CL,15166.788086,17220.000000
2024-01-22,ISA.CL,15166.788086,17220.000000
2024-01-23,ISA.CL,14867.327148,16880.000000
2024-01-24,ISA.CL,14867.327148,16880.000000
2024-01-25,ISA.CL,14867.327148,16880.000000
2024-01-26,ISA.CL,14867.327148,16880.000000
2024-01-29,ISA.CL,15061.095703,17100.000000
2024-01-30,ISA.CL,14796.866211,16800.000000
2024-01-31,ISA.CL,14849.710938,16860.000000
2024-02-01,ISA.CL,14937.788086,16960.000000
2024-02-02,ISA.CL,14937.788086,16960.000000
2024-02-05,ISA.CL,14867.327148,16880.000000
2024-02-06,ISA.CL,14814.479492,16820.000000
2024-02-07,ISA.CL,14761.634766,16760.000000
2024-02-08,ISA.CL,14356.482422,16300.000000
2024-02-09,ISA.CL,14215.559570,16140.000000
2024-02-12,ISA.CL,14215.559570,16140.000000
2024-02-13,ISA.CL,14092.252930,16000.000000
2024-02-14,ISA.CL,14620.710938,16600.000000
2024-02-15,ISA.CL,14620.710938,16600.000000
2024-02-16,ISA.CL,14796.866211,16800.000000
2024-02-19,ISA.CL,14620.710938,16600.000000
2024-02-20,ISA.CL,14796.866211,16800.000000
2024-02-21,ISA.CL,15096.324219,17140.000000
2024-02-22,ISA.CL,15061.095703,17100.000000
2024-02-23,ISA.CL,15061.095703,17100.000000
2024-02-26,ISA.CL,15149.172852,17200.000000
2024-02-27,ISA.CL,15272.479492,17340.000000
2024-02-28,ISA.CL,15113.940430,17160.000000
2024-02-29,ISA.CL,14726.404297,16720.000000
2024-03-01,ISA.CL,14849.710938,16860.000000
2024-03-04,ISA.CL,14884.941406,16900.000000
2024-03-05,ISA.CL,15149.172852,17200.000000
2024-03-06,ISA.CL,15624.785156,17740.000000
2024-03-07,ISA.CL,15836.168945,17980.000000
2024-03-08,ISA.CL,16029.936523,18200.000000
2024-03-11,ISA.CL,16206.090820,18400.000000
2024-03-12,ISA.CL,15536.708984,17640.000000
2024-03-13,ISA.CL,16294.166992,18500.000000
2024-03-14,ISA.CL,16910.701172,19200.000000
2024-03-15,ISA.CL,17580.085938,19960.000000
2024-03-18,ISA.CL,17351.085938,19700.000000
2024-03-19,ISA.CL,16998.779297,19300.000000
2024-03-20,ISA.CL,16822.625000,19100.000000
2024-03-21,ISA.CL,17034.009766,19340.000000
2024-03-22,ISA.CL,17104.470703,19420.000000
2024-03-25,ISA.CL,17104.470703,19420.000000
2024-03-26,ISA.CL,17086.855469,19400.000000
2024-03-27,ISA.CL,17421.546875,19780.000000
2024-03-28,ISA.CL,17421.546875,19780.000000
2024-03-29,ISA.CL,17421.546875,19780.000000
2024-04-01,ISA.CL,17263.009766,19600.000000
2024-04-02,ISA.CL,17492.007812,19860.000000
2024-04-03,ISA.CL,17263.009766,19600.000000
2024-04-04,ISA.CL,17298.240234,19640.000000
2024-04-05,ISA.CL,16910.701172,19200.000000
2024-04-08,ISA.CL,17245.394531,19580.000000
2024-04-09,ISA.CL,17333.470703,19680.000000
2024-04-10,ISA.CL,17439.162109,19800.000000
2024-04-11,ISA.CL,17351.085938,19700.000000
2024-04-12,ISA.CL,16734.548828,19000.000000
2024-04-15,ISA.CL,16382.244141,18600.000000
2024-04-16,ISA.CL,16294.166992,18500.000000
2024-04-17,ISA.CL,16206.090820,18400.000000
2024-04-18,ISA.CL,15836.168945,17980.000000
2024-04-19,ISA.CL,15853.784180,18000.000000
2024-04-22,ISA.CL,15941.859375,18100.000000
2024-04-23,ISA.CL,15765.706055,17900.000000
2024-04-24,ISA.CL,16029.936523,18200.000000
2024-04-25,ISA.CL,15765.706055,17900.000000
2024-04-26,ISA.CL,15906.632812,18060.000000
2024-04-29,ISA.CL,16540.781250,18780.000000
2024-04-30,ISA.CL,15941.859375,18100.000000
2024-05-02,ISA.CL,16558.398438,18800.000000
2024-05-03,ISA.CL,14884.941406,16900.000000
2024-05-06,ISA.CL,16734.548828,19000.000000
2024-05-07,ISA.CL,16523.166016,18760.000000
2024-05-08,ISA.CL,16523.166016,18760.000000
2024-05-09,ISA.CL,16505.552734,18740.000000
2024-05-10,ISA.CL,16452.705078,18680.000000
2024-05-14,ISA.CL,16558.398438,18800.000000
2024-05-15,ISA.CL,16523.166016,18760.000000
2024-05-16,ISA.CL,16523.166016,18760.000000
2024-05-17,ISA.CL,16523.166016,18760.000000
2024-05-20,ISA.CL,16523.166016,18760.000000
2024-05-21,ISA.CL,16382.244141,18600.000000
2024-05-22,ISA.CL,16241.322266,18440.000000
2024-05-23,ISA.CL,16573.876953,18440.000000
2024-05-24,ISA.CL,16699.708984,18580.000000
2024-05-27,ISA.CL,17149.107422,19080.000000
2024-05-28,ISA.CL,16466.021484,18320.000000
2024-05-29,ISA.CL,16376.140625,18220.000000
2024-05-30,ISA.CL,16933.396484,18840.000000
2024-05-31,ISA.CL,17203.039062,19140.000000
2023-05-01,IYK,63.188606,69.203331
2023-05-02,IYK,62.975540,68.970001
2023-05-03,IYK,62.610302,68.570000
2023-05-04,IYK,62.345520,68.279999
2023-05-05,IYK,62.902493,68.889999
2023-05-08,IYK,62.631615,68.593330
2023-05-09,IYK,62.479439,68.426666
2023-05-10,IYK,62.461170,68.406670
2023-05-11,IYK,62.585964,68.543335
2023-05-12,IYK,62.802055,68.779999
2023-05-15,IYK,62.677261,68.643333
2023-05-16,IYK,62.248127,68.173332
2023-05-17,IYK,62.187244,68.106667
2023-05-18,IYK,61.828098,67.713333
2023-05-19,IYK,61.971149,67.870003
2023-05-22,IYK,61.076328,66.889999
2023-05-23,IYK,60.753693,66.536667
2023-05-24,IYK,60.382370,66.129997
2023-05-25,IYK,59.959312,65.666664
2023-05-26,IYK,59.825386,65.519997
2023-05-30,IYK,59.140568,64.769997
2023-05-31,IYK,59.338409,64.986664
2023-06-01,IYK,59.603207,65.276665
2023-06-02,IYK,60.531517,66.293335
2023-06-05,IYK,60.361073,66.106667
2023-06-06,IYK,60.044544,65.760002
2023-06-07,IYK,59.942032,65.309998
2023-06-08,IYK,60.272461,65.669998
2023-06-09,IYK,60.296940,65.696671
2023-06-12,IYK,60.171494,65.559998
2023-06-13,IYK,60.352009,65.756668
2023-06-14,IYK,60.315292,65.716667
2023-06-15,IYK,61.003628,66.466667
2023-06-16,IYK,61.159672,66.636665
2023-06-20,IYK,60.774185,66.216667
2023-06-21,IYK,61.055649,66.523331
2023-06-22,IYK,61.379936,66.876663
2023-06-23,IYK,60.988335,66.449997
2023-06-26,IYK,61.070946,66.540001
2023-06-27,IYK,61.153545,66.629997
2023-06-28,IYK,60.719120,66.156670
2023-06-29,IYK,60.786427,66.230003
2023-06-30,IYK,61.275936,66.763336
2023-07-03,IYK,61.615505,67.133331
2023-07-05,IYK,61.581860,67.096664
2023-07-06,IYK,61.474796,66.980003
2023-07-07,IYK,60.865974,66.316666
2023-07-10,IYK,60.709942,66.146667
2023-07-11,IYK,60.798668,66.243332
2023-07-12,IYK,60.862911,66.313332
2023-07-13,IYK,61.199448,66.680000
2023-07-14,IYK,61.383003,66.879997
2023-07-17,IYK,61.092369,66.563332
2023-07-18,IYK,61.089310,66.559998
2023-07-19,IYK,61.731762,67.260002
2023-07-20,IYK,62.337532,67.919998
2023-07-21,IYK,62.545567,68.146667
2023-07-24,IYK,62.732182,68.349998
2023-07-25,IYK,62.683235,68.296669
2023-07-26,IYK,62.759716,68.379997
2023-07-27,IYK,62.236565,67.809998
2023-07-28,IYK,62.805614,68.430000
2023-07-31,IYK,62.496616,68.093330
2023-08-01,IYK,62.285526,67.863335
2023-08-02,IYK,62.667946,68.279999
2023-08-03,IYK,62.444599,68.036667
2023-08-04,IYK,61.740952,67.269997
2023-08-07,IYK,62.227375,67.800003
2023-08-08,IYK,61.817436,67.353333
2023-08-09,IYK,61.887810,67.430000
2023-08-10,IYK,61.701176,67.226669
2023-08-11,IYK,61.875561,67.416664
2023-08-14,IYK,61.606342,67.123337
2023-08-15,IYK,60.960815,66.419998
2023-08-16,IYK,60.673229,66.106667
2023-08-17,IYK,59.972630,65.343330
2023-08-18,IYK,60.223507,65.616669
2023-08-21,IYK,59.908382,65.273331
2023-08-22,IYK,59.629990,64.970001
2023-08-23,IYK,59.948170,65.316666
2023-08-24,IYK,59.734016,65.083336
2023-08-25,IYK,60.113369,65.496666
2023-08-28,IYK,60.391777,65.800003
2023-08-29,IYK,60.508030,65.926666
2023-08-30,IYK,60.498848,65.916664
2023-08-31,IYK,60.107246,65.489998
2023-09-01,IYK,59.730953,65.080002
2023-09-05,IYK,59.146614,64.443336
2023-09-06,IYK,58.984470,64.266670
2023-09-07,IYK,59.198620,64.500000
2023-09-08,IYK,59.287350,64.596664
2023-09-11,IYK,59.890034,65.253334
2023-09-12,IYK,59.577984,64.913330
2023-09-13,IYK,59.685062,65.029999
2023-09-14,IYK,60.266342,65.663330
2023-09-15,IYK,59.874737,65.236664
2023-09-18,IYK,59.997116,65.370003
2023-09-19,IYK,59.868626,65.230003
2023-09-20,IYK,59.963470,65.333336
2023-09-21,IYK,59.388302,64.706665
2023-09-22,IYK,58.999760,64.283333
2023-09-25,IYK,58.797848,64.063332
2023-09-26,IYK,58.324471,62.959999
2023-09-27,IYK,57.632774,62.213333
2023-09-28,IYK,57.697624,62.283333
2023-09-29,IYK,57.592628,62.169998
2023-10-02,IYK,57.169586,61.713333
2023-10-03,IYK,56.752720,61.263332
2023-10-04,IYK,57.073864,61.610001
2023-10-05,IYK,55.847958,60.286667
2023-10-06,IYK,55.767677,60.200001
2023-10-09,IYK,55.949863,60.396667
2023-10-10,IYK,56.511868,61.003334
2023-10-11,IYK,56.023972,60.476665
2023-10-12,IYK,55.184059,59.570000
2023-10-13,IYK,55.656506,60.080002
2023-10-16,IYK,56.125874,60.586666
2023-10-17,IYK,56.419228,60.903332
2023-10-18,IYK,56.669346,61.173332
2023-10-19,IYK,56.379078,60.860001
2023-10-20,IYK,56.292622,60.766666
2023-10-23,IYK,56.020882,60.473331
2023-10-24,IYK,56.530396,61.023335
2023-10-25,IYK,56.768158,61.279999
2023-10-26,IYK,56.357468,60.836666
2023-10-27,IYK,55.604019,60.023335
2023-10-30,IYK,56.372906,60.853333
2023-10-31,IYK,56.675522,61.180000
2023-11-01,IYK,56.715664,61.223331
2023-11-02,IYK,57.499989,62.070000
2023-11-03,IYK,57.654396,62.236668
2023-11-06,IYK,57.719242,62.306667
2023-11-07,IYK,57.688354,62.273335
2023-11-08,IYK,57.515434,62.086666
2023-11-09,IYK,57.222084,61.770000
2023-11-10,IYK,57.425896,61.990002
2023-11-13,IYK,57.672924,62.256668
2023-11-14,IYK,57.972450,62.580002
2023-11-15,IYK,57.994064,62.603333
2023-11-16,IYK,58.006409,62.616669
2023-11-17,IYK,57.926128,62.529999
2023-11-20,IYK,57.901421,62.503334
2023-11-21,IYK,58.068172,62.683334
2023-11-22,IYK,58.565327,63.220001
2023-11-24,IYK,58.719719,63.386665
2023-11-27,IYK,58.488129,63.136665
2023-11-28,IYK,58.654873,63.316666
2023-11-29,IYK,58.117580,62.736668
2023-11-30,IYK,58.806187,63.480000
2023-12-01,IYK,59.040863,63.733334
2023-12-04,IYK,59.013077,63.703335
2023-12-05,IYK,58.497391,63.146667
2023-12-06,IYK,58.432541,63.076668
2023-12-07,IYK,58.664135,63.326668
2023-12-08,IYK,58.423275,63.066666
2023-12-11,IYK,58.864849,63.543331
2023-12-12,IYK,59.006897,63.696667
2023-12-13,IYK,59.939445,64.703331
2023-12-14,IYK,58.985279,63.673332
2023-12-15,IYK,58.593121,63.250000
2023-12-18,IYK,59.084091,63.779999
2023-12-19,IYK,59.263191,63.973331
2023-12-20,IYK,58.251793,62.356667
2023-12-21,IYK,58.709538,62.846668
2023-12-22,IYK,59.024044,63.183334
2023-12-26,IYK,59.319862,63.500000
2023-12-27,IYK,59.475567,63.666668
2023-12-28,IYK,59.544064,63.740002
2023-12-29,IYK,59.696651,63.903332
2024-01-02,IYK,60.665073,64.940002
2024-01-03,IYK,60.422188,64.680000
2024-01-04,IYK,60.303864,64.553329
2024-01-05,IYK,60.085884,64.320000
2024-01-08,IYK,60.391045,64.646667
2024-01-09,IYK,60.443985,64.703331
2024-01-10,IYK,60.197990,64.440002
2024-01-11,IYK,60.238461,64.483330
2024-01-12,IYK,60.322540,64.573334
2024-01-16,IYK,60.004929,64.233330
2024-01-17,IYK,59.883484,64.103333
2024-01-18,IYK,59.712212,63.919998
2024-01-19,IYK,59.410175,63.596668
2024-01-22,IYK,59.139256,63.306667
2024-01-23,IYK,59.905281,64.126663
2024-01-24,IYK,59.145485,63.313332
2024-01-25,IYK,59.649933,63.853333
2024-01-26,IYK,59.874138,64.093330
2024-01-29,IYK,60.166851,64.406670
2024-01-30,IYK,60.528053,64.793335
2024-01-31,IYK,60.219784,64.463333
2024-02-01,IYK,61.465351,65.796669
2024-02-02,IYK,61.144619,65.453331
2024-02-05,IYK,60.633938,64.906670
2024-02-06,IYK,60.789627,65.073334
2024-02-07,IYK,60.814537,65.099998
2024-02-08,IYK,60.556080,64.823334
2024-02-09,IYK,60.048523,64.279999
2024-02-12,IYK,60.450211,64.709999
2024-02-13,IYK,60.001808,64.230003
2024-02-14,IYK,59.814980,64.029999
2024-02-15,IYK,60.151272,64.389999
2024-02-16,IYK,60.176182,64.416664
2024-02-20,IYK,60.677528,64.953331
2024-02-21,IYK,61.029396,65.330002
2024-02-22,IYK,61.110359,65.416664
2024-02-23,IYK,61.384380,65.709999
2024-02-26,IYK,60.976463,65.273331
2024-02-27,IYK,60.867481,65.156670
2024-02-28,IYK,60.873699,65.163330
2024-02-29,IYK,60.945312,65.239998
2024-03-01,IYK,60.674412,64.949997
2024-03-04,IYK,60.746029,65.026665
2024-03-05,IYK,60.521824,64.786667
2024-03-06,IYK,60.864365,65.153336
2024-03-07,IYK,61.188210,65.500000
2024-03-08,IYK,61.384380,65.709999
2024-03-11,IYK,61.870159,66.230003
2024-03-12,IYK,61.991600,66.360001
2024-03-13,IYK,62.243820,66.629997
2024-03-14,IYK,62.019611,66.389999
2024-03-15,IYK,62.085007,66.459999
2024-03-18,IYK,62.486706,66.889999
2024-03-19,IYK,62.823009,67.250000
2024-03-20,IYK,62.897751,67.330002
2024-03-21,IYK,62.912754,67.059998
2024-03-22,IYK,62.800171,66.940002
2024-03-25,IYK,62.668839,66.800003
2024-03-26,IYK,62.753265,66.889999
2024-03-27,IYK,63.363064,67.540001
2024-03-28,IYK,63.447498,67.629997
2024-04-01,IYK,62.987801,67.139999
2024-04-02,IYK,62.584393,66.709999
2024-04-03,IYK,61.880775,65.959999
2024-04-04,IYK,61.505508,65.559998
2024-04-05,IYK,61.552425,65.610001
2024-04-08,IYK,61.543045,65.599998
2024-04-09,IYK,61.730675,65.800003
2024-04-10,IYK,61.252209,65.290001
2024-04-11,IYK,60.820667,64.830002
2024-04-12,IYK,60.192101,64.160004
2024-04-15,IYK,60.079517,64.040001
2024-04-16,IYK,60.267147,64.239998
2024-04-17,IYK,60.529835,64.519997
2024-04-18,IYK,60.952011,64.970001
2024-04-19,IYK,61.740055,65.809998
2024-04-22,IYK,62.312321,66.419998
2024-04-23,IYK,62.424908,66.540001
2024-04-24,IYK,63.044102,67.199997
2024-04-25,IYK,62.818943,66.959999
2024-04-26,IYK,62.631310,66.760002
2024-04-29,IYK,62.893978,67.040001
2024-04-30,IYK,62.743881,66.879997
2024-05-01,IYK,62.030888,66.120003
2024-05-02,IYK,62.349854,66.459999
2024-05-03,IYK,62.471806,66.589996
2024-05-06,IYK,62.471806,66.589996
2024-05-07,IYK,63.034710,67.190002
2024-05-08,IYK,62.912754,67.059998
2024-05-09,IYK,63.325539,67.500000
2024-05-10,IYK,63.738331,67.940002
2024-05-13,IYK,63.766487,67.970001
2024-05-14,IYK,63.597607,67.790001
2024-05-15,IYK,63.541306,67.730003
2024-05-16,IYK,64.029152,68.250000
2024-05-17,IYK,63.841518,68.050003
2024-05-20,IYK,63.531925,67.720001
2024-05-21,IYK,63.653885,67.849998
2024-05-22,IYK,63.616371,67.809998
2024-05-23,IYK,62.725121,66.860001
2024-05-24,IYK,62.631310,66.760002
2024-05-28,IYK,61.796356,65.870003
2024-05-29,IYK,61.374176,65.419998
2024-05-30,IYK,61.589958,65.650002
2024-05-31,IYK,62.734497,66.870003
2023-05-01,LYG,2.028168,2.380000
2023-05-02,LYG,2.011124,2.360000
2023-05-03,LYG,1.934429,2.270000
2023-05-04,LYG,1.925907,2.260000
2023-05-05,LYG,1.968516,2.310000
2023-05-08,LYG,1.968516,2.310000
2023-05-09,LYG,1.959994,2.300000
2023-05-10,LYG,1.959994,2.300000
2023-05-11,LYG,1.917385,2.250000
2023-05-12,LYG,1.917385,2.250000
2023-05-15,LYG,1.951472,2.290000
2023-05-16,LYG,1.908864,2.240000
2023-05-17,LYG,1.968516,2.310000
2023-05-18,LYG,1.951472,2.290000
2023-05-19,LYG,1.977037,2.320000
2023-05-22,LYG,1.977037,2.320000
2023-05-23,LYG,1.977037,2.320000
2023-05-24,LYG,1.942950,2.280000
2023-05-25,LYG,1.908864,2.240000
2023-05-26,LYG,1.900342,2.230000
2023-05-30,LYG,1.891820,2.220000
2023-05-31,LYG,1.849212,2.170000
2023-06-01,LYG,1.883299,2.210000
2023-06-02,LYG,1.925907,2.260000
2023-06-05,LYG,1.874777,2.200000
2023-06-06,LYG,1.908864,2.240000
2023-06-07,LYG,1.917385,2.250000
2023-06-08,LYG,1.917385,2.250000
2023-06-09,LYG,1.917385,2.250000
2023-06-12,LYG,1.900342,2.230000
2023-06-13,LYG,1.925907,2.260000
2023-06-14,LYG,1.925907,2.260000
2023-06-15,LYG,1.951472,2.290000
2023-06-16,LYG,1.934429,2.270000
2023-06-20,LYG,1.900342,2.230000
2023-06-21,LYG,1.857733,2.180000
2023-06-22,LYG,1.840690,2.160000
2023-06-23,LYG,1.789560,2.100000
2023-06-26,LYG,1.781038,2.090000
2023-06-27,LYG,1.823647,2.140000
2023-06-28,LYG,1.806603,2.120000
2023-06-29,LYG,1.815125,2.130000
2023-06-30,LYG,1.874777,2.200000
2023-07-03,LYG,1.900342,2.230000
2023-07-05,LYG,1.866255,2.190000
2023-07-06,LYG,1.866255,2.190000
2023-07-07,LYG,1.857733,2.180000
2023-07-10,LYG,1.857733,2.180000
2023-07-11,LYG,1.883299,2.210000
2023-07-12,LYG,1.942950,2.280000
2023-07-13,LYG,1.985559,2.330000
2023-07-14,LYG,1.942950,2.280000
2023-07-17,LYG,1.985559,2.330000
2023-07-18,LYG,1.994081,2.340000
2023-07-19,LYG,2.036690,2.390000
2023-07-20,LYG,2.028168,2.380000
2023-07-21,LYG,1.977037,2.320000
2023-07-24,LYG,1.985559,2.330000
2023-07-25,LYG,2.002602,2.350000
2023-07-26,LYG,1.977037,2.320000
2023-07-27,LYG,1.934429,2.270000
2023-07-28,LYG,1.951472,2.290000
2023-07-31,LYG,1.951472,2.290000
2023-08-01,LYG,1.900342,2.230000
2023-08-02,LYG,1.849212,2.170000
2023-08-03,LYG,1.874777,2.200000
2023-08-04,LYG,1.873035,2.150000
2023-08-07,LYG,1.899170,2.180000
2023-08-08,LYG,1.881746,2.160000
2023-08-09,LYG,1.873035,2.150000
2023-08-10,LYG,1.864323,2.140000
2023-08-11,LYG,1.873035,2.150000
2023-08-14,LYG,1.864323,2.140000
2023-08-15,LYG,1.838187,2.110000
2023-08-16,LYG,1.829475,2.100000
2023-08-17,LYG,1.838187,2.110000
2023-08-18,LYG,1.838187,2.110000
2023-08-21,LYG,1.838187,2.110000
2023-08-22,LYG,1.820764,2.090000
2023-08-23,LYG,1.846899,2.120000
2023-08-24,LYG,1.812052,2.080000
2023-08-25,LYG,1.812052,2.080000
2023-08-28,LYG,1.846899,2.120000
2023-08-29,LYG,1.864323,2.140000
2023-08-30,LYG,1.864323,2.140000
2023-08-31,LYG,1.829475,2.100000
2023-09-01,LYG,1.820764,2.090000
2023-09-05,LYG,1.785917,2.050000
2023-09-06,LYG,1.768493,2.030000
2023-09-07,LYG,1.742358,2.000000
2023-09-08,LYG,1.759781,2.020000
2023-09-11,LYG,1.768493,2.030000
2023-09-12,LYG,1.820764,2.090000
2023-09-13,LYG,1.820764,2.090000
2023-09-14,LYG,1.838187,2.110000
2023-09-15,LYG,1.838187,2.110000
2023-09-18,LYG,1.785917,2.050000
2023-09-19,LYG,1.812052,2.080000
2023-09-20,LYG,1.864323,2.140000
2023-09-21,LYG,1.855611,2.130000
2023-09-22,LYG,1.890458,2.170000
2023-09-25,LYG,1.873035,2.150000
2023-09-26,LYG,1.864323,2.140000
2023-09-27,LYG,1.855611,2.130000
2023-09-28,LYG,1.864323,2.140000
2023-09-29,LYG,1.855611,2.130000
2023-10-02,LYG,1.794628,2.060000
2023-10-03,LYG,1.768493,2.030000
2023-10-04,LYG,1.768493,2.030000
2023-10-05,LYG,1.768493,2.030000
2023-10-06,LYG,1.803340,2.070000
2023-10-09,LYG,1.777205,2.040000
2023-10-10,LYG,1.829475,2.100000
2023-10-11,LYG,1.838187,2.110000
2023-10-12,LYG,1.820764,2.090000
2023-10-13,LYG,1.785917,2.050000
2023-10-16,LYG,1.838187,2.110000
2023-10-17,LYG,1.846899,2.120000
2023-10-18,LYG,1.777205,2.040000
2023-10-19,LYG,1.742358,2.000000
2023-10-20,LYG,1.724934,1.980000
2023-10-23,LYG,1.716222,1.970000
2023-10-24,LYG,1.690087,1.940000
2023-10-25,LYG,1.742358,2.000000
2023-10-26,LYG,1.707510,1.960000
2023-10-27,LYG,1.646528,1.890000
2023-10-30,LYG,1.690087,1.940000
2023-10-31,LYG,1.663952,1.910000
2023-11-01,LYG,1.681375,1.930000
2023-11-02,LYG,1.751069,2.010000
2023-11-03,LYG,1.794628,2.060000
2023-11-06,LYG,1.785917,2.050000
2023-11-07,LYG,1.768493,2.030000
2023-11-08,LYG,1.759781,2.020000
2023-11-09,LYG,1.768493,2.030000
2023-11-10,LYG,1.768493,2.030000
2023-11-13,LYG,1.768493,2.030000
2023-11-14,LYG,1.829475,2.100000
2023-11-15,LYG,1.838187,2.110000
2023-11-16,LYG,1.820764,2.090000
2023-11-17,LYG,1.864323,2.140000
2023-11-20,LYG,1.864323,2.140000
2023-11-21,LYG,1.846899,2.120000
2023-11-22,LYG,1.820764,2.090000
2023-11-24,LYG,1.855611,2.130000
2023-11-27,LYG,1.820764,2.090000
2023-11-28,LYG,1.864323,2.140000
2023-11-29,LYG,1.916594,2.200000
2023-11-30,LYG,1.907881,2.190000
2023-12-01,LYG,1.960153,2.250000
2023-12-04,LYG,1.960153,2.250000
2023-12-05,LYG,1.951440,2.240000
2023-12-06,LYG,1.968864,2.260000
2023-12-07,LYG,1.986288,2.280000
2023-12-08,LYG,2.012423,2.310000
2023-12-11,LYG,1.994999,2.290000
2023-12-12,LYG,1.977576,2.270000
2023-12-13,LYG,2.029846,2.330000
2023-12-14,LYG,2.090830,2.400000
2023-12-15,LYG,2.047270,2.350000
2023-12-18,LYG,2.038558,2.340000
2023-12-19,LYG,2.038558,2.340000
2023-12-20,LYG,2.047270,2.350000
2023-12-21,LYG,2.073406,2.380000
2023-12-22,LYG,2.099541,2.410000
2023-12-26,LYG,2.134388,2.450000
2023-12-27,LYG,2.116964,2.430000
2023-12-28,LYG,2.099541,2.410000
2023-12-29,LYG,2.082118,2.390000
2024-01-02,LYG,2.082118,2.390000
2024-01-03,LYG,2.073406,2.380000
2024-01-04,LYG,2.064694,2.370000
2024-01-05,LYG,2.073406,2.380000
2024-01-08,LYG,2.125676,2.440000
2024-01-09,LYG,2.073406,2.380000
2024-01-10,LYG,2.064694,2.370000
2024-01-11,LYG,1.994999,2.290000
2024-01-12,LYG,1.986288,2.280000
2024-01-16,LYG,1.873035,2.150000
2024-01-17,LYG,1.820764,2.090000
2024-01-18,LYG,1.864323,2.140000
2024-01-19,LYG,1.907881,2.190000
2024-01-22,LYG,1.907881,2.190000
2024-01-23,LYG,1.881746,2.160000
2024-01-24,LYG,1.838187,2.110000
2024-01-25,LYG,1.846899,2.120000
2024-01-26,LYG,1.846899,2.120000
2024-01-29,LYG,1.864323,2.140000
2024-01-30,LYG,1.838187,2.110000
2024-01-31,LYG,1.838187,2.110000
2024-02-01,LYG,1.873035,2.150000
2024-02-02,LYG,1.838187,2.110000
2024-02-05,LYG,1.812052,2.080000
2024-02-06,LYG,1.812052,2.080000
2024-02-07,LYG,1.803340,2.070000
2024-02-08,LYG,1.785917,2.050000
2024-02-09,LYG,1.794628,2.060000
2024-02-12,LYG,1.785917,2.050000
2024-02-13,LYG,1.759781,2.020000
2024-02-14,LYG,1.785917,2.050000
2024-02-15,LYG,1.803340,2.070000
2024-02-16,LYG,1.864323,2.140000
2024-02-20,LYG,1.890458,2.170000
2024-02-21,LYG,1.855611,2.130000
2024-02-22,LYG,1.986288,2.280000
2024-02-23,LYG,1.968864,2.260000
2024-02-26,LYG,1.960153,2.250000
2024-02-27,LYG,2.012423,2.310000
2024-02-28,LYG,2.012423,2.310000
2024-02-29,LYG,2.038558,2.340000
2024-03-01,LYG,2.047270,2.350000
2024-03-04,LYG,2.055982,2.360000
2024-03-05,LYG,2.090830,2.400000
2024-03-06,LYG,2.134388,2.450000
2024-03-07,LYG,2.143100,2.460000
2024-03-08,LYG,2.151812,2.470000
2024-03-11,LYG,2.177947,2.500000
2024-03-12,LYG,2.186659,2.510000
2024-03-13,LYG,2.177947,2.500000
2024-03-14,LYG,2.151812,2.470000
2024-03-15,LYG,2.169235,2.490000
2024-03-18,LYG,2.177947,2.500000
2024-03-19,LYG,2.177947,2.500000
2024-03-20,LYG,2.221506,2.550000
2024-03-21,LYG,2.265064,2.600000
2024-03-22,LYG,2.265064,2.600000
2024-03-25,LYG,2.247641,2.580000
2024-03-26,LYG,2.247641,2.580000
2024-03-27,LYG,2.291200,2.630000
2024-03-28,LYG,2.256353,2.590000
2024-04-01,LYG,2.238930,2.570000
2024-04-02,LYG,2.247641,2.580000
2024-04-03,LYG,2.273777,2.610000
2024-04-04,LYG,2.317336,2.660000
2024-04-05,LYG,2.308624,2.650000
2024-04-08,LYG,2.352183,2.700000
2024-04-09,LYG,2.308624,2.650000
2024-04-10,LYG,2.291200,2.630000
2024-04-11,LYG,2.266816,2.510000
2024-04-12,LYG,2.230692,2.470000
2024-04-15,LYG,2.230692,2.470000
2024-04-16,LYG,2.212630,2.450000
2024-04-17,LYG,2.248754,2.490000
2024-04-18,LYG,2.266816,2.510000
2024-04-19,LYG,2.275847,2.520000
2024-04-22,LYG,2.284878,2.530000
2024-04-23,LYG,2.311972,2.560000
2024-04-24,LYG,2.293910,2.540000
2024-04-25,LYG,2.275847,2.520000
2024-04-26,LYG,2.357128,2.610000
2024-04-29,LYG,2.311972,2.560000
2024-04-30,LYG,2.311972,2.560000
2024-05-01,LYG,2.321003,2.570000
2024-05-02,LYG,2.330034,2.580000
2024-05-03,LYG,2.348096,2.600000
2024-05-06,LYG,2.375190,2.630000
2024-05-07,LYG,2.393252,2.650000
2024-05-08,LYG,2.411315,2.670000
2024-05-09,LYG,2.447439,2.710000
2024-05-10,LYG,2.438408,2.700000
2024-05-13,LYG,2.420346,2.680000
2024-05-14,LYG,2.474532,2.740000
2024-05-15,LYG,2.474532,2.740000
2024-05-16,LYG,2.474532,2.740000
2024-05-17,LYG,2.546781,2.820000
2024-05-20,LYG,2.555812,2.830000
2024-05-21,LYG,2.555812,2.830000
2024-05-22,LYG,2.564844,2.840000
2024-05-23,LYG,2.501626,2.770000
2024-05-24,LYG,2.483564,2.750000
2024-05-28,LYG,2.528719,2.800000
2024-05-29,LYG,2.483564,2.750000
2024-05-30,LYG,2.528719,2.800000
2024-05-31,LYG,2.546781,2.820000
2023-05-01,META,240.872971,243.179993
2023-05-02,META,236.970383,239.240005
2023-05-03,META,234.781311,237.029999
2023-05-04,META,231.304642,233.520004
2023-05-05,META,230.571655,232.779999
2023-05-08,META,231.057022,233.270004
2023-05-09,META,231.156052,233.369995
2023-05-10,META,230.868805,233.080002
2023-05-11,META,233.553070,235.789993
2023-05-12,META,231.591888,233.809998
2023-05-15,META,236.593979,238.860001
2023-05-16,META,236.554367,238.820007
2023-05-17,META,240.189545,242.490005
2023-05-18,META,244.508209,246.850006
2023-05-19,META,243.309662,245.639999
2023-05-22,META,245.964249,248.320007
2023-05-23,META,244.399231,246.740005
2023-05-24,META,246.845795,249.210007
2023-05-25,META,250.292786,252.690002
2023-05-26,META,259.554016,262.040009
2023-05-30,META,260.029480,262.519989
2023-05-31,META,262.208679,264.720001
2023-06-01,META,270.023773,272.609985
2023-06-02,META,270.023773,272.609985
2023-06-05,META,268.815399,271.390015
2023-06-06,META,268.547882,271.119995
2023-06-07,META,261.099274,263.600006
2023-06-08,META,262.069946,264.579987
2023-06-09,META,262.436493,264.950012
2023-06-12,META,268.478577,271.049988
2023-06-13,META,268.746063,271.320007
2023-06-14,META,270.756744,273.350006
2023-06-15,META,279.156281,281.829987
2023-06-16,META,278.334167,281.000000
2023-06-20,META,281.632568,284.329987
2023-06-21,META,278.968170,281.640015
2023-06-22,META,282.177368,284.880005
2023-06-23,META,285.990875,288.730011
2023-06-26,META,275.828186,278.470001
2023-06-27,META,284.326752,287.049988
2023-06-28,META,282.583496,285.290009
2023-06-29,META,278.859222,281.529999
2023-06-30,META,284.257477,286.980011
2023-07-03,META,283.306580,286.019989
2023-07-05,META,291.577362,294.369995
2023-07-06,META,289.219910,291.989990
2023-07-07,META,287.773773,290.529999
2023-07-10,META,291.309906,294.100006
2023-07-11,META,295.460205,298.290009
2023-07-12,META,306.405334,309.339996
2023-07-13,META,310.436676,313.410004
2023-07-14,META,305.939819,308.869995
2023-07-17,META,307.673157,310.619995
2023-07-18,META,309.089600,312.049988
2023-07-19,META,313.012085,316.010010
2023-07-20,META,299.649994,302.519989
2023-07-21,META,291.468384,294.260010
2023-07-24,META,288.843567,291.609985
2023-07-25,META,291.676422,294.470001
2023-07-26,META,295.737518,298.570007
2023-07-27,META,308.752808,311.709991
2023-07-28,META,322.392242,325.480011
2023-07-31,META,315.577515,318.600006
2023-08-01,META,319.648529,322.709991
2023-08-02,META,311.328186,314.309998
2023-08-03,META,310.218842,313.190002
2023-08-04,META,307.782166,310.730011
2023-08-07,META,313.556824,316.559998
2023-08-08,META,309.674042,312.640015
2023-08-09,META,302.314545,305.209991
2023-08-10,META,302.839508,305.739990
2023-08-11,META,298.778442,301.640015
2023-08-14,META,303.285248,306.190002
2023-08-15,META,299.085480,301.950012
2023-08-16,META,291.498138,294.290009
2023-08-17,META,282.385406,285.089996
2023-08-18,META,280.562866,283.250000
2023-08-21,META,287.149780,289.899994
2023-08-22,META,284.871582,287.600006
2023-08-23,META,291.448608,294.239990
2023-08-24,META,284.029663,286.750000
2023-08-25,META,282.791534,285.500000
2023-08-28,META,287.506409,290.260010
2023-08-29,META,295.163025,297.989990
2023-08-30,META,292.300415,295.100006
2023-08-31,META,293.082916,295.890015
2023-09-01,META,293.568207,296.380005
2023-09-05,META,297.302490,300.149994
2023-09-06,META,296.331848,299.170013
2023-09-07,META,295.836517,298.670013
2023-09-08,META,295.063995,297.890015
2023-09-11,META,304.642212,307.559998
2023-09-12,META,298.798157,301.660004
2023-09-13,META,302.165924,305.059998
2023-09-14,META,308.762817,311.720001
2023-09-15,META,297.460999,300.309998
2023-09-18,META,299.679810,302.549988
2023-09-19,META,302.175903,305.070007
2023-09-20,META,296.827118,299.670013
2023-09-21,META,292.924438,295.730011
2023-09-22,META,296.242706,299.079987
2023-09-25,META,297.976013,300.829987
2023-09-26,META,296.123779,298.959991
2023-09-27,META,294.915283,297.739990
2023-09-28,META,301.076385,303.959991
2023-09-29,META,297.361938,300.209991
2023-10-02,META,303.909271,306.820007
2023-10-03,META,298.085022,300.940002
2023-10-04,META,302.681000,305.579987
2023-10-05,META,301.898499,304.790009
2023-10-06,META,312.437531,315.429993
2023-10-09,META,315.339783,318.359985
2023-10-10,META,318.786774,321.839996
2023-10-11,META,324.710083,327.820007
2023-10-12,META,321.084778,324.160004
2023-10-13,META,311.704590,314.690002
2023-10-16,META,318.103271,321.149994
2023-10-17,META,320.926208,324.000000
2023-10-18,META,313.963013,316.970001
2023-10-19,META,309.842377,312.809998
2023-10-20,META,305.721893,308.649994
2023-10-23,META,311.031097,314.010010
2023-10-24,META,309.584900,312.549988
2023-10-25,META,296.688416,299.529999
2023-10-26,META,285.614502,288.350006
2023-10-27,META,293.914978,296.730011
2023-10-30,META,299.788696,302.660004
2023-10-31,META,298.411896,301.269989
2023-11-01,META,308.891510,311.850006
2023-11-02,META,307.920807,310.869995
2023-11-03,META,311.615448,314.600006
2023-11-06,META,312.804077,315.799988
2023-11-07,META,315.795441,318.820007
2023-11-08,META,316.746277,319.779999
2023-11-09,META,317.509003,320.549988
2023-11-10,META,325.651001,328.769989
2023-11-13,META,326.067017,329.190002
2023-11-14,META,333.119446,336.309998
2023-11-15,META,329.553650,332.709991
2023-11-16,META,331.019623,334.190002
2023-11-17,META,331.861542,335.040009
2023-11-20,META,336.744751,339.970001
2023-11-21,META,333.783173,336.980011
2023-11-22,META,338.250336,341.489990
2023-11-24,META,335.021240,338.230011
2023-11-27,META,331.524811,334.700012
2023-11-28,META,335.774048,338.989990
2023-11-29,META,329.048462,332.200012
2023-11-30,META,324.046387,327.149994
2023-12-01,META,321.738556,324.820007
2023-12-04,META,316.984039,320.019989
2023-12-05,META,315.270477,318.290009
2023-12-06,META,314.438416,317.450012
2023-12-07,META,323.491699,326.589996
2023-12-08,META,329.593262,332.750000
2023-12-11,META,322.194153,325.279999
2023-12-12,META,331.049316,334.220001
2023-12-13,META,331.564362,334.739990
2023-12-14,META,330.009277,333.170013
2023-12-15,META,331.742645,334.920013
2023-12-18,META,341.350677,344.619995
2023-12-19,META,347.036194,350.359985
2023-12-20,META,345.966461,349.279999
2023-12-21,META,350.730804,354.089996
2023-12-22,META,350.037445,353.390015
2023-12-26,META,351.463745,354.829987
2023-12-27,META,354.435333,357.829987
2023-12-28,META,354.920685,358.320007
2023-12-29,META,350.602081,353.959991
2024-01-02,META,343.004822,346.290009
2024-01-03,META,341.202057,344.470001
2024-01-04,META,343.826904,347.119995
2024-01-05,META,348.611115,351.950012
2024-01-08,META,355.257446,358.660004
2024-01-09,META,354.039093,357.429993
2024-01-10,META,366.955475,370.470001
2024-01-11,META,366.162994,369.670013
2024-01-12,META,370.937286,374.489990
2024-01-16,META,363.973969,367.459991
2024-01-17,META,364.875366,368.369995
2024-01-18,META,372.561646,376.130005
2024-01-19,META,379.812286,383.450012
2024-01-22,META,378.158081,381.779999
2024-01-23,META,381.545685,385.200012
2024-01-24,META,386.993500,390.700012
2024-01-25,META,389.449982,393.179993
2024-01-26,META,390.400909,394.140015
2024-01-29,META,397.215637,401.019989
2024-01-30,META,396.264709,400.059998
2024-01-31,META,386.438843,390.140015
2024-02-01,META,391.034790,394.779999
2024-02-02,META,470.483856,474.989990
2024-02-05,META,455.051666,459.410004
2024-02-06,META,450.406158,454.720001
2024-02-07,META,465.135040,469.589996
2024-02-08,META,465.541199,470.000000
2024-02-09,META,463.669067,468.109985
2024-02-12,META,464.451599,468.899994
2024-02-13,META,455.754944,460.119995
2024-02-14,META,468.790070,473.279999
2024-02-15,META,479.438080,484.029999
2024-02-16,META,468.829742,473.320007
2024-02-20,META,467.274567,471.750000
2024-02-21,META,464.081787,468.029999
2024-02-22,META,482.029083,486.130005
2024-02-23,META,479.946808,484.029999
2024-02-26,META,477.676056,481.739990
2024-02-27,META,482.941254,487.049988
2024-02-28,META,479.936798,484.019989
2024-02-29,META,485.995300,490.130005
2024-03-01,META,498.062683,502.299988
2024-03-04,META,493.987366,498.190002
2024-03-05,META,486.084595,490.220001
2024-03-06,META,491.905060,496.089996
2024-03-07,META,507.869232,512.190002
2024-03-08,META,501.681915,505.950012
2024-03-11,META,479.510437,483.589996
2024-03-12,META,495.534180,499.750000
2024-03-13,META,491.389435,495.570007
2024-03-14,META,487.680969,491.829987
2024-03-15,META,480.016205,484.100006
2024-03-18,META,492.787537,496.980011
2024-03-19,META,492.053711,496.239990
2024-03-20,META,501.255493,505.519989
2024-03-21,META,503.476593,507.760010
2024-03-22,META,505.281281,509.579987
2024-03-25,META,498.776611,503.019989
2024-03-26,META,491.706726,495.890015
2024-03-27,META,489.693909,493.859985
2024-03-28,META,481.483673,485.579987
2024-04-01,META,487.205048,491.350006
2024-04-02,META,493.174255,497.369995
2024-04-03,META,502.465149,506.739990
2024-04-04,META,506.609894,510.920013
2024-04-05,META,522.891418,527.340027
2024-04-08,META,514.869690,519.250000
2024-04-09,META,512.539490,516.900024
2024-04-10,META,515.444824,519.830017
2024-04-11,META,518.746643,523.159973
2024-04-12,META,507.581665,511.899994
2024-04-15,META,496.010162,500.230011
2024-04-16,META,495.544067,499.760010
2024-04-17,META,490.001251,494.170013
2024-04-18,META,497.566864,501.799988
2024-04-19,META,477.011749,481.070007
2024-04-22,META,477.666229,481.730011
2024-04-23,META,491.914978,496.100006
2024-04-24,META,489.336914,493.500000
2024-04-25,META,437.656555,441.380005
2024-04-26,META,439.550507,443.290009
2024-04-29,META,428.970428,432.619995
2024-04-30,META,426.541168,430.170013
2024-05-01,META,435.485046,439.190002
2024-05-02,META,437.954010,441.679993
2024-05-03,META,448.147278,451.959991
2024-05-06,META,461.751587,465.679993
2024-05-07,META,464.290009,468.239990
2024-05-08,META,468.613190,472.600006
2024-05-09,META,471.409424,475.420013
2024-05-10,META,472.182800,476.200012
2024-05-13,META,464.061890,468.010010
2024-05-14,META,467.869537,471.850006
2024-05-15,META,477.477814,481.540009
2024-05-16,META,469.237915,473.230011
2024-05-17,META,467.929047,471.910004
2024-05-20,META,464.884918,468.839996
2024-05-21,META,460.710419,464.630005
2024-05-22,META,463.833893,467.779999
2024-05-23,META,461.850769,465.779999
2024-05-24,META,474.185791,478.220001
2024-05-28,META,475.871490,479.920013
2024-05-29,META,470.358337,474.359985
2024-05-30,META,463.110016,467.049988
2024-05-31,META,462.891907,466.829987
2023-05-01,MINEROS.CL,1999.863770,2000.000000
2023-05-02,MINEROS.CL,2029.861328,2030.000000
2023-05-03,MINEROS.CL,1983.864990,1984.000000
2023-05-04,MINEROS.CL,1998.863892,1999.000000
2023-05-05,MINEROS.CL,2089.857422,2090.000000
2023-05-08,MINEROS.CL,2149.853516,2150.000000
2023-05-09,MINEROS.CL,2150.853516,2151.000000
2023-05-10,MINEROS.CL,2151.933594,2152.080078
2023-05-11,MINEROS.CL,2086.727783,2086.870117
2023-05-12,MINEROS.CL,2129.104736,2129.250000
2023-05-15,MINEROS.CL,2016.792236,2016.930054
2023-05-16,MINEROS.CL,2147.853516,2148.000000
2023-05-17,MINEROS.CL,2009.713013,2009.849976
2023-05-18,MINEROS.CL,2116.855713,2117.000000
2023-05-19,MINEROS.CL,2065.238770,2065.379883
2023-05-22,MINEROS.CL,2065.238770,2065.379883
2023-05-23,MINEROS.CL,2032.291382,2032.430054
2023-05-24,MINEROS.CL,2030.861328,2031.000000
2023-05-25,MINEROS.CL,1999.863770,2000.000000
2023-05-26,MINEROS.CL,1999.863770,2000.000000
2023-05-29,MINEROS.CL,2048.099854,2048.239990
2023-05-30,MINEROS.CL,1999.863770,2000.000000
2023-05-31,MINEROS.CL,1949.866943,1950.000000
2023-06-01,MINEROS.CL,1910.869629,1911.000000
2023-06-02,MINEROS.CL,1949.866943,1950.000000
2023-06-05,MINEROS.CL,1949.866943,1950.000000
2023-06-06,MINEROS.CL,1925.868774,1926.000000
2023-06-07,MINEROS.CL,1949.866943,1950.000000
2023-06-08,MINEROS.CL,1949.866943,1950.000000
2023-06-13,MINEROS.CL,1899.870483,1900.000000
2023-06-14,MINEROS.CL,1921.868896,1922.000000
2023-06-15,MINEROS.CL,1904.870239,1905.000000
2023-06-16,MINEROS.CL,1904.870239,1905.000000
2023-06-19,MINEROS.CL,1904.870239,1905.000000
2023-06-20,MINEROS.CL,1896.240479,1896.369995
2023-06-21,MINEROS.CL,1899.870483,1900.000000
2023-06-22,MINEROS.CL,1899.870483,1900.000000
2023-06-23,MINEROS.CL,1899.870483,1900.000000
2023-06-26,MINEROS.CL,1884.871338,1885.000000
2023-06-27,MINEROS.CL,1888.871094,1889.000000
2023-06-28,MINEROS.CL,1849.873901,1850.000000
2023-06-29,MINEROS.CL,1834.874878,1835.000000
2023-06-30,MINEROS.CL,1849.873901,1850.000000
2023-07-03,MINEROS.CL,1849.873901,1850.000000
2023-07-04,MINEROS.CL,1825.875366,1826.000000
2023-07-05,MINEROS.CL,1849.873901,1850.000000
2023-07-06,MINEROS.CL,1832.874878,1833.000000
2023-07-07,MINEROS.CL,1833.874878,1834.000000
2023-07-10,MINEROS.CL,1839.874756,1840.000000
2023-07-11,MINEROS.CL,1834.874878,1835.000000
2023-07-12,MINEROS.CL,1860.873169,1861.000000
2023-07-13,MINEROS.CL,1873.872314,1874.000000
2023-07-14,MINEROS.CL,1904.200195,1904.329956
2023-07-17,MINEROS.CL,1913.869385,1914.000000
2023-07-18,MINEROS.CL,1914.869263,1915.000000
2023-07-19,MINEROS.CL,1911.887085,1912.000000
2023-07-20,MINEROS.CL,1911.887085,1912.000000
2023-07-21,MINEROS.CL,1883.988647,1884.099976
2023-07-24,MINEROS.CL,1901.887573,1902.000000
2023-07-25,MINEROS.CL,1901.887573,1902.000000
2023-07-26,MINEROS.CL,1879.889038,1880.000000
2023-07-27,MINEROS.CL,1899.887817,1900.000000
2023-07-28,MINEROS.CL,1897.887817,1898.000000
2023-07-31,MINEROS.CL,1897.887817,1898.000000
2023-08-01,MINEROS.CL,1884.888550,1885.000000
2023-08-02,MINEROS.CL,1892.348145,1892.459961
2023-08-03,MINEROS.CL,1899.887817,1900.000000
2023-08-04,MINEROS.CL,1899.887817,1900.000000
2023-08-07,MINEROS.CL,1899.887817,1900.000000
2023-08-08,MINEROS.CL,1925.886353,1926.000000
2023-08-09,MINEROS.CL,1924.886353,1925.000000
2023-08-10,MINEROS.CL,1924.886353,1925.000000
2023-08-11,MINEROS.CL,1946.885010,1947.000000
2023-08-14,MINEROS.CL,1919.886719,1920.000000
2023-08-15,MINEROS.CL,1919.886719,1920.000000
2023-08-16,MINEROS.CL,1916.886719,1917.000000
2023-08-17,MINEROS.CL,1916.886719,1917.000000
2023-08-18,MINEROS.CL,1912.886841,1913.000000
2023-08-21,MINEROS.CL,1912.886841,1913.000000
2023-08-22,MINEROS.CL,1889.888306,1890.000000
2023-08-23,MINEROS.CL,1855.400513,1855.510010
2023-08-24,MINEROS.CL,1889.888306,1890.000000
2023-08-25,MINEROS.CL,1880.889038,1881.000000
2023-08-28,MINEROS.CL,1817.872559,1817.979980
2023-08-29,MINEROS.CL,1879.889038,1880.000000
2023-08-30,MINEROS.CL,1878.889038,1879.000000
2023-08-31,MINEROS.CL,1870.889648,1871.000000
2023-09-01,MINEROS.CL,1813.382812,1813.489990
2023-09-04,MINEROS.CL,1770.995483,1771.099976
2023-09-05,MINEROS.CL,1847.890747,1848.000000
2023-09-06,MINEROS.CL,1847.890747,1848.000000
2023-09-07,MINEROS.CL,1838.891602,1839.000000
2023-09-08,MINEROS.CL,1834.891602,1835.000000
2023-09-11,MINEROS.CL,1781.804810,1781.910034
2023-09-12,MINEROS.CL,1898.887817,1899.000000
2023-09-13,MINEROS.CL,1816.962524,1817.069946
2023-09-14,MINEROS.CL,1898.887817,1899.000000
2023-09-15,MINEROS.CL,1806.873169,1806.979980
2023-09-18,MINEROS.CL,1898.887817,1899.000000
2023-09-19,MINEROS.CL,1898.887817,1899.000000
2023-09-20,MINEROS.CL,1829.891724,1830.000000
2023-09-21,MINEROS.CL,1829.891724,1830.000000
2023-09-22,MINEROS.CL,1806.893188,1807.000000
2023-09-25,MINEROS.CL,1797.893799,1798.000000
2023-09-26,MINEROS.CL,1796.893921,1797.000000
2023-09-27,MINEROS.CL,1796.893921,1797.000000
2023-09-28,MINEROS.CL,1779.894775,1780.000000
2023-09-29,MINEROS.CL,1798.893799,1799.000000
2023-10-02,MINEROS.CL,1796.423950,1796.530029
2023-10-03,MINEROS.CL,1759.896240,1760.000000
2023-10-04,MINEROS.CL,1784.894775,1785.000000
2023-10-05,MINEROS.CL,1770.895508,1771.000000
2023-10-06,MINEROS.CL,1764.895630,1765.000000
2023-10-09,MINEROS.CL,1764.895630,1765.000000
2023-10-10,MINEROS.CL,1776.894897,1777.000000
2023-10-11,MINEROS.CL,1769.895508,1770.000000
2023-10-12,MINEROS.CL,1779.894775,1780.000000
2023-10-13,MINEROS.CL,1779.894775,1780.000000
2023-10-16,MINEROS.CL,1779.894775,1780.000000
2023-10-17,MINEROS.CL,1784.894775,1785.000000
2023-10-18,MINEROS.CL,1887.888428,1888.000000
2023-10-19,MINEROS.CL,1902.887573,1903.000000
2023-10-20,MINEROS.CL,1834.908447,1835.000000
2023-10-23,MINEROS.CL,1826.908691,1827.000000
2023-10-24,MINEROS.CL,1806.909790,1807.000000
2023-10-25,MINEROS.CL,1798.350220,1798.439941
2023-10-26,MINEROS.CL,1747.912720,1748.000000
2023-10-27,MINEROS.CL,1781.911133,1782.000000
2023-10-30,MINEROS.CL,1778.911255,1779.000000
2023-10-31,MINEROS.CL,1747.912720,1748.000000
2023-11-01,MINEROS.CL,1714.914307,1715.000000
2023-11-02,MINEROS.CL,1749.912598,1750.000000
2023-11-03,MINEROS.CL,1779.911133,1780.000000
2023-11-06,MINEROS.CL,1779.911133,1780.000000
2023-11-07,MINEROS.CL,1772.911743,1773.000000
2023-11-08,MINEROS.CL,1769.911743,1770.000000
2023-11-09,MINEROS.CL,1749.912598,1750.000000
2023-11-10,MINEROS.CL,1759.912354,1760.000000
2023-11-13,MINEROS.CL,1759.912354,1760.000000
2023-11-14,MINEROS.CL,1734.913208,1735.000000
2023-11-15,MINEROS.CL,1724.914062,1725.000000
2023-11-16,MINEROS.CL,1724.914062,1725.000000
2023-11-17,MINEROS.CL,1699.915283,1700.000000
2023-11-20,MINEROS.CL,1689.915894,1690.000000
2023-11-21,MINEROS.CL,1689.915894,1690.000000
2023-11-22,MINEROS.CL,1689.915894,1690.000000
2023-11-23,MINEROS.CL,1689.915894,1690.000000
2023-11-24,MINEROS.CL,1679.916138,1680.000000
2023-11-27,MINEROS.CL,1679.916138,1680.000000
2023-11-28,MINEROS.CL,1679.916138,1680.000000
2023-11-29,MINEROS.CL,1674.916504,1675.000000
2023-11-30,MINEROS.CL,1674.916504,1675.000000
2023-12-01,MINEROS.CL,1699.915283,1700.000000
2023-12-04,MINEROS.CL,1724.914062,1725.000000
2023-12-05,MINEROS.CL,1709.914673,1710.000000
2023-12-06,MINEROS.CL,1699.915283,1700.000000
2023-12-07,MINEROS.CL,1719.914062,1720.000000
2023-12-08,MINEROS.CL,1719.914062,1720.000000
2023-12-11,MINEROS.CL,1699.915283,1700.000000
2023-12-12,MINEROS.CL,1684.916016,1685.000000
2023-12-13,MINEROS.CL,1714.914307,1715.000000
2023-12-14,MINEROS.CL,1719.914062,1720.000000
2023-12-15,MINEROS.CL,1724.914062,1725.000000
2023-12-18,MINEROS.CL,1729.913940,1730.000000
2023-12-19,MINEROS.CL,1749.912598,1750.000000
2023-12-20,MINEROS.CL,1764.911865,1765.000000
2023-12-21,MINEROS.CL,1709.914673,1710.000000
2023-12-22,MINEROS.CL,1709.914673,1710.000000
2023-12-25,MINEROS.CL,1709.914673,1710.000000
2023-12-26,MINEROS.CL,1739.913086,1740.000000
2023-12-27,MINEROS.CL,1819.909180,1820.000000
2023-12-28,MINEROS.CL,1834.908447,1835.000000
2023-12-29,MINEROS.CL,1834.908447,1835.000000
2024-01-01,MINEROS.CL,1834.908447,1835.000000
2024-01-02,MINEROS.CL,1864.906982,1865.000000
2024-01-03,MINEROS.CL,1879.906250,1880.000000
2024-01-04,MINEROS.CL,1919.904297,1920.000000
2024-01-05,MINEROS.CL,1929.903687,1930.000000
2024-01-08,MINEROS.CL,1929.903687,1930.000000
2024-01-09,MINEROS.CL,1949.902710,1950.000000
2024-01-10,MINEROS.CL,1964.901978,1965.000000
2024-01-11,MINEROS.CL,2019.899170,2020.000000
2024-01-12,MINEROS.CL,2034.898438,2035.000000
2024-01-15,MINEROS.CL,2014.899414,2015.000000
2024-01-16,MINEROS.CL,2019.916748,2020.000000
2024-01-17,MINEROS.CL,2014.916992,2015.000000
2024-01-18,MINEROS.CL,2019.916748,2020.000000
2024-01-19,MINEROS.CL,1969.918945,1970.000000
2024-01-22,MINEROS.CL,1969.918945,1970.000000
2024-01-23,MINEROS.CL,1994.917847,1995.000000
2024-01-24,MINEROS.CL,1994.917847,1995.000000
2024-01-25,MINEROS.CL,1994.917847,1995.000000
2024-01-26,MINEROS.CL,1994.917847,1995.000000
2024-01-29,MINEROS.CL,1914.921021,1915.000000
2024-01-30,MINEROS.CL,1914.921021,1915.000000
2024-01-31,MINEROS.CL,1919.921021,1920.000000
2024-02-01,MINEROS.CL,1944.919800,1945.000000
2024-02-02,MINEROS.CL,1899.921753,1900.000000
2024-02-05,MINEROS.CL,1899.921753,1900.000000
2024-02-06,MINEROS.CL,1899.921753,1900.000000
2024-02-07,MINEROS.CL,1904.921631,1905.000000
2024-02-08,MINEROS.CL,1904.921631,1905.000000
2024-02-09,MINEROS.CL,1909.921265,1910.000000
2024-02-12,MINEROS.CL,1909.921265,1910.000000
2024-02-13,MINEROS.CL,1909.921265,1910.000000
2024-02-14,MINEROS.CL,1879.922607,1880.000000
2024-02-15,MINEROS.CL,1979.918457,1980.000000
2024-02-16,MINEROS.CL,2029.916260,2030.000000
2024-02-19,MINEROS.CL,2014.916992,2015.000000
2024-02-20,MINEROS.CL,2029.916260,2030.000000
2024-02-21,MINEROS.CL,2084.913818,2085.000000
2024-02-22,MINEROS.CL,2049.915283,2050.000000
2024-02-23,MINEROS.CL,2119.912842,2120.000000
2024-02-26,MINEROS.CL,2249.907227,2250.000000
2024-02-27,MINEROS.CL,2349.903320,2350.000000
2024-02-28,MINEROS.CL,2514.896484,2515.000000
2024-02-29,MINEROS.CL,2299.905273,2300.000000
2024-03-01,MINEROS.CL,2529.895508,2530.000000
2024-03-04,MINEROS.CL,2529.895508,2530.000000
2024-03-05,MINEROS.CL,2529.895508,2530.000000
2024-03-06,MINEROS.CL,2544.895508,2545.000000
2024-03-07,MINEROS.CL,2669.889893,2670.000000
2024-03-08,MINEROS.CL,2699.888916,2700.000000
2024-03-11,MINEROS.CL,2699.888916,2700.000000
2024-03-12,MINEROS.CL,2549.895264,2550.000000
2024-03-13,MINEROS.CL,2549.895264,2550.000000
2024-03-14,MINEROS.CL,2694.888916,2695.000000
2024-03-15,MINEROS.CL,2629.891357,2630.000000
2024-03-18,MINEROS.CL,2589.893799,2590.000000
2024-03-19,MINEROS.CL,2579.894043,2580.000000
2024-03-20,MINEROS.CL,2594.893066,2595.000000
2024-03-21,MINEROS.CL,2629.891357,2630.000000
2024-03-22,MINEROS.CL,2874.881836,2875.000000
2024-03-25,MINEROS.CL,2874.881836,2875.000000
2024-03-26,MINEROS.CL,2994.876709,2995.000000
2024-03-27,MINEROS.CL,3099.872559,3100.000000
2024-03-28,MINEROS.CL,3099.872559,3100.000000
2024-03-29,MINEROS.CL,3099.872559,3100.000000
2024-04-01,MINEROS.CL,3169.869385,3170.000000
2024-04-02,MINEROS.CL,3299.863770,3300.000000
2024-04-03,MINEROS.CL,3289.864258,3290.000000
2024-04-04,MINEROS.CL,3239.866699,3240.000000
2024-04-05,MINEROS.CL,3234.866699,3235.000000
2024-04-08,MINEROS.CL,3289.864258,3290.000000
2024-04-09,MINEROS.CL,3324.863037,3325.000000
2024-04-10,MINEROS.CL,3299.863770,3300.000000
2024-04-11,MINEROS.CL,3319.863037,3320.000000
2024-04-12,MINEROS.CL,3259.890137,3260.000000
2024-04-15,MINEROS.CL,3239.891113,3240.000000
2024-04-16,MINEROS.CL,3239.891113,3240.000000
2024-04-17,MINEROS.CL,3334.887451,3335.000000
2024-04-18,MINEROS.CL,3274.889893,3275.000000
2024-04-19,MINEROS.CL,3274.889893,3275.000000
2024-04-22,MINEROS.CL,3249.890625,3250.000000
2024-04-23,MINEROS.CL,3249.890625,3250.000000
2024-04-24,MINEROS.CL,3174.893066,3175.000000
2024-04-25,MINEROS.CL,3244.890869,3245.000000
2024-04-26,MINEROS.CL,3269.889893,3270.000000
2024-04-29,MINEROS.CL,3199.892334,3200.000000
2024-04-30,MINEROS.CL,3049.896973,3050.000000
2024-05-02,MINEROS.CL,3184.892578,3185.000000
2024-05-03,MINEROS.CL,2529.914551,2530.000000
2024-05-06,MINEROS.CL,3204.892090,3205.000000
2024-05-07,MINEROS.CL,3229.891113,3230.000000
2024-05-08,MINEROS.CL,3249.890625,3250.000000
2024-05-09,MINEROS.CL,3234.891113,3235.000000
2024-05-10,MINEROS.CL,3239.891113,3240.000000
2024-05-14,MINEROS.CL,3249.890625,3250.000000
2024-05-15,MINEROS.CL,3254.890137,3255.000000
2024-05-16,MINEROS.CL,3234.891113,3235.000000
2024-05-17,MINEROS.CL,3274.889893,3275.000000
2024-05-20,MINEROS.CL,3234.891113,3235.000000
2024-05-21,MINEROS.CL,3279.889893,3280.000000
2024-05-22,MINEROS.CL,3164.893311,3165.000000
2024-05-23,MINEROS.CL,3164.893311,3165.000000
2024-05-24,MINEROS.CL,3124.894775,3125.000000
2024-05-27,MINEROS.CL,3149.894043,3150.000000
2024-05-28,MINEROS.CL,3154.893799,3155.000000
2024-05-29,MINEROS.CL,3074.896240,3075.000000
2024-05-30,MINEROS.CL,3104.895508,3105.000000
2024-05-31,MINEROS.CL,3159.893555,3160.000000
2023-05-01,MRVL,39.600941,40.009998
2023-05-02,MRVL,39.086258,39.490002
2023-05-03,MRVL,39.115948,39.520000
2023-05-04,MRVL,38.937778,39.340000
2023-05-05,MRVL,40.551125,40.970001
2023-05-08,MRVL,40.590717,41.009998
2023-05-09,MRVL,39.581150,39.990002
2023-05-10,MRVL,40.016647,40.430000
2023-05-11,MRVL,39.323803,39.730000
2023-05-12,MRVL,39.709820,40.119999
2023-05-15,MRVL,41.639881,42.070000
2023-05-16,MRVL,41.243965,41.669998
2023-05-17,MRVL,43.144344,43.590000
2023-05-18,MRVL,44.282581,44.740002
2023-05-19,MRVL,44.995220,45.459999
2023-05-22,MRVL,45.965199,46.439999
2023-05-23,MRVL,46.113667,46.590000
2023-05-24,MRVL,45.509899,45.980000
2023-05-25,MRVL,48.964218,49.470001
2023-05-26,MRVL,64.840233,65.510002
2023-05-30,MRVL,62.751804,63.400002
2023-05-31,MRVL,57.892006,58.490002
2023-06-01,MRVL,60.475319,61.099998
2023-06-02,MRVL,59.564720,60.180000
2023-06-05,MRVL,57.436703,58.029999
2023-06-06,MRVL,58.535355,59.139999
2023-06-07,MRVL,58.723419,59.330002
2023-06-08,MRVL,59.109428,59.720001
2023-06-09,MRVL,59.396458,60.009998
2023-06-12,MRVL,61.415604,62.049999
2023-06-13,MRVL,62.405376,63.049999
2023-06-14,MRVL,62.316299,62.959999
2023-06-15,MRVL,61.395805,62.029999
2023-06-16,MRVL,60.495102,61.119999
2023-06-20,MRVL,60.208076,60.830002
2023-06-21,MRVL,58.248322,58.849998
2023-06-22,MRVL,58.515560,59.119999
2023-06-23,MRVL,57.228851,57.820000
2023-06-26,MRVL,57.159569,57.750000
2023-06-27,MRVL,59.970531,60.590000
2023-06-28,MRVL,59.455841,60.070000
2023-06-29,MRVL,57.773228,58.369999
2023-06-30,MRVL,59.168812,59.779999
2023-07-03,MRVL,60.722755,61.349998
2023-07-05,MRVL,59.198509,59.810001
2023-07-06,MRVL,58.277092,58.820000
2023-07-07,MRVL,58.604046,59.150002
2023-07-10,MRVL,59.733524,60.290001
2023-07-11,MRVL,61.576363,62.150002
2023-07-12,MRVL,62.299622,62.880001
2023-07-13,MRVL,64.766640,65.370003
2023-07-14,MRVL,62.864361,63.450001
2023-07-17,MRVL,63.964104,64.559998
2023-07-18,MRVL,65.153038,65.760002
2023-07-19,MRVL,65.024239,65.629997
2023-07-20,MRVL,62.636478,63.220001
2023-07-21,MRVL,62.824718,63.410000
2023-07-24,MRVL,62.527496,63.110001
2023-07-25,MRVL,63.310196,63.900002
2023-07-26,MRVL,63.121956,63.709999
2023-07-27,MRVL,63.300297,63.889999
2023-07-28,MRVL,64.310890,64.910004
2023-07-31,MRVL,64.528847,65.129997
2023-08-01,MRVL,65.321465,65.930000
2023-08-02,MRVL,61.536728,62.110001
2023-08-03,MRVL,61.774513,62.349998
2023-08-04,MRVL,62.111362,62.689999
2023-08-07,MRVL,62.963432,63.549999
2023-08-08,MRVL,61.388111,61.959999
2023-08-09,MRVL,59.386761,59.939999
2023-08-10,MRVL,58.386070,58.930000
2023-08-11,MRVL,56.563061,57.090000
2023-08-14,MRVL,59.020168,59.570000
2023-08-15,MRVL,58.574329,59.119999
2023-08-16,MRVL,56.840473,57.369999
2023-08-17,MRVL,57.028721,57.560001
2023-08-18,MRVL,57.058441,57.590000
2023-08-21,MRVL,59.475922,60.029999
2023-08-22,MRVL,59.039986,59.590000
2023-08-23,MRVL,60.932354,61.500000
2023-08-24,MRVL,56.761215,57.290001
2023-08-25,MRVL,53.006195,53.500000
2023-08-28,MRVL,54.660778,55.169998
2023-08-29,MRVL,55.602013,56.119999
2023-08-30,MRVL,56.810757,57.340000
2023-08-31,MRVL,57.712353,58.250000
2023-09-01,MRVL,57.415119,57.950001
2023-09-05,MRVL,57.355679,57.889999
2023-09-06,MRVL,56.186562,56.709999
2023-09-07,MRVL,56.057766,56.580002
2023-09-08,MRVL,55.225525,55.740002
2023-09-11,MRVL,55.800167,56.320000
2023-09-12,MRVL,55.136360,55.650002
2023-09-13,MRVL,55.086803,55.599998
2023-09-14,MRVL,55.324593,55.840000
2023-09-15,MRVL,53.987057,54.490002
2023-09-18,MRVL,54.274380,54.779999
2023-09-19,MRVL,53.590744,54.090000
2023-09-20,MRVL,52.451366,52.939999
2023-09-21,MRVL,51.361511,51.840000
2023-09-22,MRVL,51.817268,52.299999
2023-09-25,MRVL,52.144226,52.630001
2023-09-26,MRVL,51.232723,51.709999
2023-09-27,MRVL,52.064957,52.549999
2023-09-28,MRVL,53.501583,54.000000
2023-09-29,MRVL,53.630383,54.130001
2023-10-02,MRVL,54.086136,54.590000
2023-10-03,MRVL,52.074871,52.560001
2023-10-04,MRVL,52.817944,53.310001
2023-10-05,MRVL,52.669170,53.099998
2023-10-06,MRVL,54.087559,54.529999
2023-10-09,MRVL,53.829674,54.270000
2023-10-10,MRVL,54.603344,55.049999
2023-10-11,MRVL,54.692616,55.139999
2023-10-12,MRVL,54.176834,54.619999
2023-10-13,MRVL,52.193058,52.619999
2023-10-16,MRVL,53.224632,53.660000
2023-10-17,MRVL,52.738598,53.169998
2023-10-18,MRVL,51.052395,51.470001
2023-10-19,MRVL,50.278721,50.689999
2023-10-20,MRVL,49.068615,49.470001
2023-10-23,MRVL,48.622269,49.020000
2023-10-24,MRVL,49.088459,49.490002
2023-10-25,MRVL,47.164196,47.549999
2023-10-26,MRVL,46.251663,46.630001
2023-10-27,MRVL,46.876549,47.259998
2023-10-30,MRVL,46.450043,46.830002
2023-10-31,MRVL,46.836884,47.220001
2023-11-01,MRVL,47.312981,47.700001
2023-11-02,MRVL,48.503246,48.900002
2023-11-03,MRVL,50.943283,51.360001
2023-11-06,MRVL,50.824265,51.240002
2023-11-07,MRVL,50.764744,51.180000
2023-11-08,MRVL,51.161499,51.580002
2023-11-09,MRVL,52.064110,52.490002
2023-11-10,MRVL,54.176834,54.619999
2023-11-13,MRVL,53.016327,53.450001
2023-11-14,MRVL,56.567280,57.029999
2023-11-15,MRVL,56.706146,57.169998
2023-11-16,MRVL,54.216507,54.660000
2023-11-17,MRVL,55.129044,55.580002
2023-11-20,MRVL,55.922558,56.380001
2023-11-21,MRVL,54.236351,54.680000
2023-11-22,MRVL,55.049694,55.500000
2023-11-24,MRVL,55.575397,56.029999
2023-11-27,MRVL,55.446449,55.900002
2023-11-28,MRVL,55.129044,55.580002
2023-11-29,MRVL,55.644829,56.099998
2023-11-30,MRVL,55.277828,55.730000
2023-12-01,MRVL,52.371593,52.799999
2023-12-04,MRVL,51.588013,52.009998
2023-12-05,MRVL,50.288639,50.700001
2023-12-06,MRVL,50.020828,50.430000
2023-12-07,MRVL,51.766548,52.189999
2023-12-08,MRVL,52.450951,52.880001
2023-12-11,MRVL,54.037971,54.480000
2023-12-12,MRVL,53.819756,54.259998
2023-12-13,MRVL,56.745819,57.209999
2023-12-14,MRVL,58.808945,59.290001
2023-12-15,MRVL,59.106506,59.590000
2023-12-18,MRVL,59.235455,59.720001
2023-12-19,MRVL,59.175941,59.660000
2023-12-20,MRVL,57.073147,57.540001
2023-12-21,MRVL,59.761154,60.250000
2023-12-22,MRVL,59.761154,60.250000
2023-12-26,MRVL,60.653851,61.150002
2023-12-27,MRVL,60.762959,61.259998
2023-12-28,MRVL,60.802635,61.299999
2023-12-29,MRVL,59.820675,60.310001
2024-01-02,MRVL,57.698032,58.169998
2024-01-03,MRVL,56.299477,56.759998
2024-01-04,MRVL,57.659798,58.070000
2024-01-05,MRVL,59.496723,59.919998
2024-01-08,MRVL,63.657116,64.110001
2024-01-09,MRVL,63.021656,63.470001
2024-01-10,MRVL,62.981934,63.430000
2024-01-11,MRVL,65.404694,65.870003
2024-01-12,MRVL,65.216026,65.680000
2024-01-16,MRVL,65.057159,65.519997
2024-01-17,MRVL,64.898285,65.360001
2024-01-18,MRVL,67.728172,68.209999
2024-01-19,MRVL,70.577896,71.080002
2024-01-22,MRVL,69.614731,70.110001
2024-01-23,MRVL,70.101288,70.599998
2024-01-24,MRVL,71.769409,72.279999
2024-01-25,MRVL,69.505524,70.000000
2024-01-26,MRVL,67.559372,68.040001
2024-01-29,MRVL,69.644531,70.139999
2024-01-30,MRVL,68.343803,68.830002
2024-01-31,MRVL,67.221756,67.699997
2024-02-01,MRVL,66.397636,66.870003
2024-02-02,MRVL,67.052979,67.529999
2024-02-05,MRVL,66.546577,67.019997
2024-02-06,MRVL,66.606140,67.080002
2024-02-07,MRVL,68.879967,69.370003
2024-02-08,MRVL,70.518311,71.019997
2024-02-09,MRVL,68.343803,68.830002
2024-02-12,MRVL,69.922546,70.419998
2024-02-13,MRVL,67.648720,68.129997
2024-02-14,MRVL,68.472870,68.959999
2024-02-15,MRVL,66.963615,67.440002
2024-02-16,MRVL,65.821732,66.290001
2024-02-20,MRVL,64.580551,65.040001
2024-02-21,MRVL,65.057159,65.519997
2024-02-22,MRVL,69.376442,69.870003
2024-02-23,MRVL,67.102608,67.580002
2024-02-26,MRVL,68.135269,68.620003
2024-02-27,MRVL,68.641655,69.129997
2024-02-28,MRVL,67.062904,67.540001
2024-02-29,MRVL,71.153809,71.660004
2024-03-01,MRVL,77.061775,77.610001
2024-03-04,MRVL,78.789467,79.349998
2024-03-05,MRVL,78.173859,78.730003
2024-03-06,MRVL,80.795204,81.370003
2024-03-07,MRVL,84.488914,85.089996
2024-03-08,MRVL,74.887230,75.419998
2024-03-11,MRVL,71.848846,72.360001
2024-03-12,MRVL,71.263016,71.769997
2024-03-13,MRVL,67.152260,67.629997
2024-03-14,MRVL,65.613213,66.080002
2024-03-15,MRVL,66.397636,66.870003
2024-03-18,MRVL,66.725288,67.199997
2024-03-19,MRVL,64.600418,65.059998
2024-03-20,MRVL,65.077019,65.540001
2024-03-21,MRVL,66.119591,66.589996
2024-03-22,MRVL,66.069977,66.540001
2024-03-25,MRVL,65.652931,66.120003
2024-03-26,MRVL,67.777817,68.260002
2024-03-27,MRVL,71.799202,72.309998
2024-03-28,MRVL,70.379295,70.879997
2024-04-01,MRVL,72.682915,73.199997
2024-04-02,MRVL,73.070152,73.589996
2024-04-03,MRVL,72.514107,73.029999
2024-04-04,MRVL,70.379295,70.879997
2024-04-05,MRVL,72.136795,72.650002
2024-04-08,MRVL,71.411957,71.919998
2024-04-09,MRVL,72.821930,73.339996
2024-04-10,MRVL,70.925430,71.430000
2024-04-11,MRVL,71.084427,71.529999
2024-04-12,MRVL,69.722969,70.160004
2024-04-15,MRVL,67.457161,67.879997
2024-04-16,MRVL,67.854668,68.279999
2024-04-17,MRVL,66.065880,66.480003
2024-04-18,MRVL,64.833588,65.239998
2024-04-19,MRVL,61.742977,62.130001
2024-04-22,MRVL,62.488304,62.880001
2024-04-23,MRVL,63.462196,63.860001
2024-04-24,MRVL,64.446037,64.849998
2024-04-25,MRVL,67.059647,67.480003
2024-04-26,MRVL,69.186325,69.620003
2024-04-29,MRVL,68.321732,68.750000
2024-04-30,MRVL,65.499435,65.910004
2024-05-01,MRVL,63.422455,63.820000
2024-05-02,MRVL,66.254700,66.669998
2024-05-03,MRVL,68.083237,68.510002
2024-05-06,MRVL,69.385078,69.820000
2024-05-07,MRVL,68.252174,68.680000
2024-05-08,MRVL,67.685738,68.110001
2024-05-09,MRVL,67.258408,67.680000
2024-05-10,MRVL,68.043488,68.470001
2024-05-13,MRVL,68.590050,69.019997
2024-05-14,MRVL,67.596283,68.019997
2024-05-15,MRVL,69.713028,70.150002
2024-05-16,MRVL,72.624771,73.080002
2024-05-17,MRVL,71.471992,71.919998
2024-05-20,MRVL,74.006111,74.470001
2024-05-21,MRVL,72.843399,73.300003
2024-05-22,MRVL,73.221046,73.680000
2024-05-23,MRVL,74.552689,75.019997
2024-05-24,MRVL,76.202339,76.680000
2024-05-28,MRVL,77.842064,78.330002
2024-05-29,MRVL,75.307938,75.779999
2024-05-30,MRVL,76.371300,76.849998
2024-05-31,MRVL,68.381371,68.809998
2023-05-01,NFLX,32.411999,32.411999
2023-05-02,NFLX,31.754999,31.754999
2023-05-03,NFLX,31.930000,31.930000
2023-05-04,NFLX,32.077999,32.077999
2023-05-05,NFLX,32.276001,32.276001
2023-05-08,NFLX,33.120998,33.120998
2023-05-09,NFLX,33.214001,33.214001
2023-05-10,NFLX,33.542000,33.542000
2023-05-11,NFLX,34.476002,34.476002
2023-05-12,NFLX,33.988998,33.988998
2023-05-15,NFLX,33.589001,33.589001
2023-05-16,NFLX,33.375000,33.375000
2023-05-17,NFLX,33.995998,33.995998
2023-05-18,NFLX,37.129002,37.129002
2023-05-19,NFLX,36.535999,36.535999
2023-05-22,NFLX,36.300999,36.300999
2023-05-23,NFLX,35.598999,35.598999
2023-05-24,NFLX,36.485001,36.485001
2023-05-25,NFLX,35.900002,35.900002
2023-05-26,NFLX,37.888000,37.888000
2023-05-30,NFLX,39.298000,39.298000
2023-05-31,NFLX,39.522999,39.522999
2023-06-01,NFLX,40.313000,40.313000
2023-06-02,NFLX,40.047001,40.047001
2023-06-05,NFLX,40.354000,40.354000
2023-06-06,NFLX,39.929001,39.929001
2023-06-07,NFLX,39.977001,39.977001
2023-06-08,NFLX,40.937000,40.937000
2023-06-09,NFLX,42.001999,42.001999
2023-06-12,NFLX,42.396999,42.396999
2023-06-13,NFLX,43.573002,43.573002
2023-06-14,NFLX,44.085999,44.085999
2023-06-15,NFLX,44.527000,44.527000
2023-06-16,NFLX,43.195999,43.195999
2023-06-20,NFLX,43.470001,43.470001
2023-06-21,NFLX,42.445000,42.445000
2023-06-22,NFLX,42.248001,42.248001
2023-06-23,NFLX,42.402000,42.402000
2023-06-26,NFLX,41.594002,41.594002
2023-06-27,NFLX,41.708000,41.708000
2023-06-28,NFLX,42.984001,42.984001
2023-06-29,NFLX,42.824001,42.824001
2023-06-30,NFLX,44.049000,44.049000
2023-07-03,NFLX,44.144001,44.144001
2023-07-05,NFLX,44.590000,44.590000
2023-07-06,NFLX,43.883999,43.883999
2023-07-07,NFLX,43.810001,43.810001
2023-07-10,NFLX,44.171001,44.171001
2023-07-11,NFLX,44.021000,44.021000
2023-07-12,NFLX,44.404999,44.404999
2023-07-13,NFLX,45.037998,45.037998
2023-07-14,NFLX,44.191002,44.191002
2023-07-17,NFLX,45.005001,45.005001
2023-07-18,NFLX,47.480000,47.480000
2023-07-19,NFLX,47.758999,47.758999
2023-07-20,NFLX,43.742001,43.742001
2023-07-21,NFLX,42.750000,42.750000
2023-07-24,NFLX,42.837002,42.837002
2023-07-25,NFLX,42.770000,42.770000
2023-07-26,NFLX,42.266998,42.266998
2023-07-27,NFLX,41.317001,41.317001
2023-07-28,NFLX,42.577999,42.577999
2023-07-31,NFLX,43.896999,43.896999
2023-08-01,NFLX,43.862000,43.862000
2023-08-02,NFLX,42.970001,42.970001
2023-08-03,NFLX,43.099998,43.099998
2023-08-04,NFLX,43.160000,43.160000
2023-08-07,NFLX,44.076000,44.076000
2023-08-08,NFLX,43.830002,43.830002
2023-08-09,NFLX,42.889999,42.889999
2023-08-10,NFLX,42.998001,42.998001
2023-08-11,NFLX,42.166000,42.166000
2023-08-14,NFLX,42.778000,42.778000
2023-08-15,NFLX,42.369999,42.369999
2023-08-16,NFLX,41.544998,41.544998
2023-08-17,NFLX,40.299999,40.299999
2023-08-18,NFLX,40.452999,40.452999
2023-08-21,NFLX,40.828999,40.828999
2023-08-22,NFLX,41.317001,41.317001
2023-08-23,NFLX,42.755001,42.755001
2023-08-24,NFLX,40.693001,40.693001
2023-08-25,NFLX,41.603001,41.603001
2023-08-28,NFLX,41.806000,41.806000
2023-08-29,NFLX,42.999001,42.999001
2023-08-30,NFLX,43.466999,43.466999
2023-08-31,NFLX,43.368000,43.368000
2023-09-01,NFLX,43.987999,43.987999
2023-09-05,NFLX,44.868000,44.868000
2023-09-06,NFLX,44.576000,44.576000
2023-09-07,NFLX,44.313999,44.313999
2023-09-08,NFLX,44.279999,44.279999
2023-09-11,NFLX,44.535999,44.535999
2023-09-12,NFLX,43.469002,43.469002
2023-09-13,NFLX,41.223999,41.223999
2023-09-14,NFLX,40.049000,40.049000
2023-09-15,NFLX,39.694000,39.694000
2023-09-18,NFLX,39.439999,39.439999
2023-09-19,NFLX,39.619999,39.619999
2023-09-20,NFLX,38.630001,38.630001
2023-09-21,NFLX,38.415001,38.415001
2023-09-22,NFLX,37.980999,37.980999
2023-09-25,NFLX,38.480000,38.480000
2023-09-26,NFLX,37.924999,37.924999
2023-09-27,NFLX,37.758999,37.758999
2023-09-28,NFLX,37.636002,37.636002
2023-09-29,NFLX,37.759998,37.759998
2023-10-02,NFLX,38.033001,38.033001
2023-10-03,NFLX,37.674999,37.674999
2023-10-04,NFLX,37.689999,37.689999
2023-10-05,NFLX,37.258999,37.258999
2023-10-06,NFLX,38.151001,38.151001
2023-10-09,NFLX,38.595001,38.595001
2023-10-10,NFLX,37.332001,37.332001
2023-10-11,NFLX,36.592999,36.592999
2023-10-12,NFLX,36.119999,36.119999
2023-10-13,NFLX,35.568001,35.568001
2023-10-16,NFLX,36.082001,36.082001
2023-10-17,NFLX,35.571999,35.571999
2023-10-18,NFLX,34.618999,34.618999
2023-10-19,NFLX,40.176998,40.176998
2023-10-20,NFLX,40.096001,40.096001
2023-10-23,NFLX,40.683998,40.683998
2023-10-24,NFLX,41.373001,41.373001
2023-10-25,NFLX,41.125000,41.125000
2023-10-26,NFLX,40.354000,40.354000
2023-10-27,NFLX,39.786999,39.786999
2023-10-30,NFLX,41.007999,41.007999
2023-10-31,NFLX,41.168999,41.168999
2023-11-01,NFLX,42.019001,42.019001
2023-11-02,NFLX,42.471001,42.471001
2023-11-03,NFLX,43.236000,43.236000
2023-11-06,NFLX,43.473999,43.473999
2023-11-07,NFLX,43.460999,43.460999
2023-11-08,NFLX,43.665001,43.665001
2023-11-09,NFLX,43.514999,43.514999
2023-11-10,NFLX,44.723999,44.723999
2023-11-13,NFLX,44.462002,44.462002
2023-11-14,NFLX,44.865002,44.865002
2023-11-15,NFLX,46.194000,46.194000
2023-11-16,NFLX,46.695000,46.695000
2023-11-17,NFLX,46.591000,46.591000
2023-11-20,NFLX,47.446999,47.446999
2023-11-21,NFLX,47.494999,47.494999
2023-11-22,NFLX,47.799999,47.799999
2023-11-24,NFLX,47.956001,47.956001
2023-11-27,NFLX,47.917000,47.917000
2023-11-28,NFLX,47.900002,47.900002
2023-11-29,NFLX,47.719002,47.719002
2023-11-30,NFLX,47.396999,47.396999
2023-12-01,NFLX,46.574001,46.574001
2023-12-04,NFLX,45.389999,45.389999
2023-12-05,NFLX,45.514999,45.514999
2023-12-06,NFLX,44.673000,44.673000
2023-12-07,NFLX,45.200001,45.200001
2023-12-08,NFLX,45.375999,45.375999
2023-12-11,NFLX,45.988998,45.988998
2023-12-12,NFLX,46.299999,46.299999
2023-12-13,NFLX,47.998001,47.998001
2023-12-14,NFLX,46.983002,46.983002
2023-12-15,NFLX,47.206001,47.206001
2023-12-18,NFLX,48.612000,48.612000
2023-12-19,NFLX,49.501999,49.501999
2023-12-20,NFLX,48.926998,48.926998
2023-12-21,NFLX,49.160999,49.160999
2023-12-22,NFLX,48.675999,48.675999
2023-12-26,NFLX,49.118999,49.118999
2023-12-27,NFLX,49.179001,49.179001
2023-12-28,NFLX,49.050999,49.050999
2023-12-29,NFLX,48.688000,48.688000
2024-01-02,NFLX,46.849998,46.849998
2024-01-03,NFLX,47.026001,47.026001
2024-01-04,NFLX,47.466999,47.466999
2024-01-05,NFLX,47.405998,47.405998
2024-01-08,NFLX,48.502998,48.502998
2024-01-09,NFLX,48.209000,48.209000
2024-01-10,NFLX,47.833000,47.833000
2024-01-11,NFLX,49.223000,49.223000
2024-01-12,NFLX,49.216000,49.216000
2024-01-16,NFLX,48.124001,48.124001
2024-01-17,NFLX,48.033001,48.033001
2024-01-18,NFLX,48.530998,48.530998
2024-01-19,NFLX,48.294998,48.294998
2024-01-22,NFLX,48.570999,48.570999
2024-01-23,NFLX,49.219002,49.219002
2024-01-24,NFLX,54.487000,54.487000
2024-01-25,NFLX,56.200001,56.200001
2024-01-26,NFLX,57.042000,57.042000
2024-01-29,NFLX,57.578999,57.578999
2024-01-30,NFLX,56.285000,56.285000
2024-01-31,NFLX,56.410999,56.410999
2024-02-01,NFLX,56.750999,56.750999
2024-02-02,NFLX,56.464001,56.464001
2024-02-05,NFLX,56.206001,56.206001
2024-02-06,NFLX,55.588001,55.588001
2024-02-07,NFLX,55.930000,55.930000
2024-02-08,NFLX,55.853001,55.853001
2024-02-09,NFLX,56.132000,56.132000
2024-02-12,NFLX,55.785000,55.785000
2024-02-13,NFLX,55.452000,55.452000
2024-02-14,NFLX,57.932999,57.932999
2024-02-15,NFLX,59.346001,59.346001
2024-02-16,NFLX,58.395000,58.395000
2024-02-20,NFLX,57.513000,57.513000
2024-02-21,NFLX,57.334999,57.334999
2024-02-22,NFLX,58.847000,58.847000
2024-02-23,NFLX,58.355999,58.355999
2024-02-26,NFLX,58.764999,58.764999
2024-02-27,NFLX,60.167000,60.167000
2024-02-28,NFLX,59.647999,59.647999
2024-02-29,NFLX,60.292000,60.292000
2024-03-01,NFLX,61.933998,61.933998
2024-03-04,NFLX,61.583000,61.583000
2024-03-05,NFLX,59.849998,59.849998
2024-03-06,NFLX,59.769001,59.769001
2024-03-07,NFLX,60.851002,60.851002
2024-03-08,NFLX,60.481998,60.481998
2024-03-11,NFLX,60.092999,60.092999
2024-03-12,NFLX,61.108002,61.108002
2024-03-13,NFLX,60.945000,60.945000
2024-03-14,NFLX,61.300999,61.300999
2024-03-15,NFLX,60.588001,60.588001
2024-03-18,NFLX,61.839001,61.839001
2024-03-19,NFLX,62.074001,62.074001
2024-03-20,NFLX,62.769001,62.769001
2024-03-21,NFLX,62.271000,62.271000
2024-03-22,NFLX,62.800999,62.800999
2024-03-25,NFLX,62.745998,62.745998
2024-03-26,NFLX,62.924000,62.924000
2024-03-27,NFLX,61.353001,61.353001
2024-03-28,NFLX,60.733002,60.733002
2024-04-01,NFLX,61.431000,61.431000
2024-04-02,NFLX,61.421001,61.421001
2024-04-03,NFLX,63.007999,63.007999
2024-04-04,NFLX,61.714001,61.714001
2024-04-05,NFLX,63.618000,63.618000
2024-04-08,NFLX,62.841000,62.841000
2024-04-09,NFLX,61.820000,61.820000
2024-04-10,NFLX,61.858002,61.858002
2024-04-11,NFLX,62.877998,62.877998
2024-04-12,NFLX,62.283001,62.283001
2024-04-15,NFLX,60.715000,60.715000
2024-04-16,NFLX,61.751999,61.751999
2024-04-17,NFLX,61.368999,61.368999
2024-04-18,NFLX,61.056000,61.056000
2024-04-19,NFLX,55.504002,55.504002
2024-04-22,NFLX,55.459999,55.459999
2024-04-23,NFLX,57.775002,57.775002
2024-04-24,NFLX,55.512001,55.512001
2024-04-25,NFLX,56.480000,56.480000
2024-04-26,NFLX,56.123001,56.123001
2024-04-29,NFLX,55.949001,55.949001
2024-04-30,NFLX,55.063999,55.063999
2024-05-01,NFLX,55.171001,55.171001
2024-05-02,NFLX,56.514999,56.514999
2024-05-03,NFLX,57.933998,57.933998
2024-05-06,NFLX,59.696999,59.696999
2024-05-07,NFLX,60.599998,60.599998
2024-05-08,NFLX,60.946999,60.946999
2024-05-09,NFLX,61.209000,61.209000
2024-05-10,NFLX,61.087002,61.087002
2024-05-13,NFLX,61.659000,61.659000
2024-05-14,NFLX,61.366001,61.366001
2024-05-15,NFLX,61.352001,61.352001
2024-05-16,NFLX,61.051998,61.051998
2024-05-17,NFLX,62.110001,62.110001
2024-05-20,NFLX,64.082001,64.082001
2024-05-21,NFLX,65.060997,65.060997
2024-05-22,NFLX,64.046997,64.046997
2024-05-23,NFLX,63.567001,63.567001
2024-05-24,NFLX,64.675003,64.675003
2024-05-28,NFLX,64.900002,64.900002
2024-05-29,NFLX,65.461998,65.461998
2024-05-30,NFLX,64.765999,64.765999
2024-05-31,NFLX,64.162003,64.162003
2023-05-01,NUTRESA.CL,53357.511719,55847.085938
2023-05-02,NUTRESA.CL,53499.117188,55995.292969
2023-05-03,NUTRESA.CL,53977.011719,56495.500000
2023-05-04,NUTRESA.CL,55747.050781,58348.117188
2023-05-05,NUTRESA.CL,54782.386719,57338.441406
2023-05-08,NUTRESA.CL,55729.339844,58329.589844
2023-05-09,NUTRESA.CL,55405.011719,57894.226562
2023-05-10,NUTRESA.CL,55121.332031,57597.804688
2023-05-11,NUTRESA.CL,53179.945312,55569.191406
2023-05-12,NUTRESA.CL,53126.750000,55513.613281
2023-05-15,NUTRESA.CL,54039.828125,56467.710938
2023-05-16,NUTRESA.CL,54518.531250,56967.917969
2023-05-17,NUTRESA.CL,54084.152344,56514.027344
2023-05-18,NUTRESA.CL,54066.417969,56495.500000
2023-05-19,NUTRESA.CL,52621.453125,54985.617188
2023-05-22,NUTRESA.CL,52621.453125,54985.617188
2023-05-23,NUTRESA.CL,53171.078125,55559.929688
2023-05-24,NUTRESA.CL,51238.550781,53540.578125
2023-05-25,NUTRESA.CL,51238.550781,53540.578125
2023-05-26,NUTRESA.CL,51238.550781,53540.578125
2023-05-29,NUTRESA.CL,51238.550781,53540.578125
2023-05-30,NUTRESA.CL,51238.550781,53540.578125
2023-05-31,NUTRESA.CL,51238.550781,53540.578125
2023-06-01,NUTRESA.CL,51238.550781,53540.578125
2023-06-02,NUTRESA.CL,51238.550781,53540.578125
2023-06-05,NUTRESA.CL,51238.550781,53540.578125
2023-06-06,NUTRESA.CL,51238.550781,53540.578125
2023-06-07,NUTRESA.CL,51238.550781,53540.578125
2023-06-08,NUTRESA.CL,51377.394531,53540.578125
2023-06-09,NUTRESA.CL,51377.394531,53540.578125
2023-06-12,NUTRESA.CL,51377.394531,53540.578125
2023-06-13,NUTRESA.CL,51377.394531,53540.578125
2023-06-14,NUTRESA.CL,51377.394531,53540.578125
2023-06-15,NUTRESA.CL,51377.394531,53540.578125
2023-06-16,NUTRESA.CL,51359.617188,53522.054688
2023-06-19,NUTRESA.CL,51359.617188,53522.054688
2023-06-20,NUTRESA.CL,50630.734375,52762.480469
2023-06-21,NUTRESA.CL,48861.855469,50919.128906
2023-06-22,NUTRESA.CL,47999.640625,50020.609375
2023-06-23,NUTRESA.CL,47701.250000,49709.656250
2023-06-26,NUTRESA.CL,47644.085938,49650.085938
2023-06-27,NUTRESA.CL,47092.976562,49075.777344
2023-06-28,NUTRESA.CL,45634.000000,47555.363281
2023-06-29,NUTRESA.CL,46604.097656,48566.308594
2023-06-30,NUTRESA.CL,46604.097656,48566.308594
2023-07-03,NUTRESA.CL,46604.097656,48566.308594
2023-07-04,NUTRESA.CL,47110.761719,49094.304688
2023-07-05,NUTRESA.CL,47101.871094,49085.039062
2023-07-06,NUTRESA.CL,46070.769531,48010.523438
2023-07-07,NUTRESA.CL,46932.980469,48909.042969
2023-07-10,NUTRESA.CL,46230.769531,48177.257812
2023-07-11,NUTRESA.CL,47205.269531,49094.304688
2023-07-12,NUTRESA.CL,46751.023438,48621.886719
2023-07-13,NUTRESA.CL,47205.269531,49094.304688
2023-07-14,NUTRESA.CL,46314.601562,48167.996094
2023-07-17,NUTRESA.CL,46314.601562,48167.996094
2023-07-18,NUTRESA.CL,45678.539062,47506.480469
2023-07-19,NUTRESA.CL,45869.265625,47704.839844
2023-07-20,NUTRESA.CL,45869.265625,47704.839844
2023-07-21,NUTRESA.CL,46314.601562,48167.996094
2023-07-24,NUTRESA.CL,46314.601562,48167.996094
2023-07-25,NUTRESA.CL,45602.066406,47426.949219
2023-07-26,NUTRESA.CL,46074.117188,47917.890625
2023-07-27,NUTRESA.CL,45272.519531,47084.214844
2023-07-28,NUTRESA.CL,45423.941406,47241.687500
2023-07-31,NUTRESA.CL,45423.941406,47241.687500
2023-08-01,NUTRESA.CL,45869.265625,47704.839844
2023-08-02,NUTRESA.CL,45546.675781,47369.343750
2023-08-03,NUTRESA.CL,45619.878906,47445.476562
2023-08-04,NUTRESA.CL,45619.878906,47445.476562
2023-08-07,NUTRESA.CL,45619.878906,47445.476562
2023-08-08,NUTRESA.CL,45031.140625,46833.167969
2023-08-09,NUTRESA.CL,45838.976562,47575.160156
2023-08-10,NUTRESA.CL,45963.929688,47704.839844
2023-08-11,NUTRESA.CL,45946.074219,47686.316406
2023-08-14,NUTRESA.CL,44625.171875,46315.378906
2023-08-15,NUTRESA.CL,45963.929688,47704.839844
2023-08-16,NUTRESA.CL,46410.179688,48167.996094
2023-08-17,NUTRESA.CL,46401.250000,48158.730469
2023-08-18,NUTRESA.CL,46231.675781,47982.734375
2023-08-21,NUTRESA.CL,46231.675781,47982.734375
2023-08-22,NUTRESA.CL,46410.179688,48167.996094
2023-08-23,NUTRESA.CL,46231.675781,47982.734375
2023-08-24,NUTRESA.CL,46178.125000,47927.156250
2023-08-25,NUTRESA.CL,46410.179688,48167.996094
2023-08-28,NUTRESA.CL,44923.453125,46624.960938
2023-08-29,NUTRESA.CL,46410.179688,48167.996094
2023-08-30,NUTRESA.CL,45544.453125,47269.476562
2023-08-31,NUTRESA.CL,44455.597656,46139.382812
2023-09-01,NUTRESA.CL,45919.300781,47658.527344
2023-09-04,NUTRESA.CL,44268.910156,45945.625000
2023-09-05,NUTRESA.CL,45901.457031,47640.000000
2023-09-06,NUTRESA.CL,44982.171875,46685.902344
2023-09-07,NUTRESA.CL,44883.996094,46584.007812
2023-09-08,NUTRESA.CL,44991.101562,46695.167969
2023-09-11,NUTRESA.CL,43702.535156,45217.250000
2023-09-12,NUTRESA.CL,43420.957031,44925.917969
2023-09-13,NUTRESA.CL,43152.378906,44648.027344
2023-09-14,NUTRESA.CL,41702.027344,43147.406250
2023-09-15,NUTRESA.CL,41361.820312,42795.410156
2023-09-18,NUTRESA.CL,43868.601562,45389.074219
2023-09-19,NUTRESA.CL,43062.851562,44555.394531
2023-09-20,NUTRESA.CL,43152.378906,44648.027344
2023-09-21,NUTRESA.CL,43152.378906,44648.027344
2023-09-22,NUTRESA.CL,42172.156250,43633.832031
2023-09-25,NUTRESA.CL,43626.632812,45138.718750
2023-09-26,NUTRESA.CL,43186.734375,44683.570312
2023-09-27,NUTRESA.CL,44745.980469,46296.855469
2023-09-28,NUTRESA.CL,44763.882812,46315.378906
2023-09-29,NUTRESA.CL,44334.144531,45870.753906
2023-10-02,NUTRESA.CL,45498.011719,47074.953125
2023-10-03,NUTRESA.CL,43886.500000,45407.597656
2023-10-04,NUTRESA.CL,45462.195312,47037.898438
2023-10-05,NUTRESA.CL,46375.375000,47982.734375
2023-10-06,NUTRESA.CL,45659.152344,47241.687500
2023-10-09,NUTRESA.CL,45659.152344,47241.687500
2023-10-10,NUTRESA.CL,42876.871094,44272.398438
2023-10-11,NUTRESA.CL,45752.562500,47241.687500
2023-10-12,NUTRESA.CL,44837.511719,46296.855469
2023-10-13,NUTRESA.CL,44855.453125,46315.378906
2023-10-16,NUTRESA.CL,44855.453125,46315.378906
2023-10-17,NUTRESA.CL,44846.484375,46306.117188
2023-10-18,NUTRESA.CL,44756.773438,46213.484375
2023-10-19,NUTRESA.CL,43976.289062,45407.597656
2023-10-20,NUTRESA.CL,43859.667969,45287.179688
2023-10-23,NUTRESA.CL,44541.464844,45991.171875
2023-10-24,NUTRESA.CL,44541.464844,45991.171875
2023-10-25,NUTRESA.CL,44182.625000,45620.648438
2023-10-26,NUTRESA.CL,43240.664062,44648.027344
2023-10-27,NUTRESA.CL,44048.058594,45481.703125
2023-10-30,NUTRESA.CL,44667.062500,46120.855469
2023-10-31,NUTRESA.CL,43517.023438,44933.382812
2023-11-01,NUTRESA.CL,44828.542969,46287.589844
2023-11-02,NUTRESA.CL,44649.117188,46102.328125
2023-11-03,NUTRESA.CL,43393.171875,44805.500000
2023-11-06,NUTRESA.CL,43393.171875,44805.500000
2023-11-07,NUTRESA.CL,43671.269531,45092.652344
2023-11-08,NUTRESA.CL,43764.878906,45092.652344
2023-11-09,NUTRESA.CL,43764.878906,45092.652344
2023-11-10,NUTRESA.CL,43423.250000,44740.656250
2023-11-13,NUTRESA.CL,43423.250000,44740.656250
2023-11-14,NUTRESA.CL,43153.542969,44462.765625
2023-11-15,NUTRESA.CL,43153.542969,44462.765625
2023-11-16,NUTRESA.CL,43764.878906,45092.652344
2023-11-17,NUTRESA.CL,43135.562500,44444.238281
2023-11-20,NUTRESA.CL,43135.562500,44444.238281
2023-11-21,NUTRESA.CL,43153.542969,44462.765625
2023-11-22,NUTRESA.CL,43567.097656,44888.867188
2023-11-23,NUTRESA.CL,43872.769531,45203.812500
2023-11-24,NUTRESA.CL,43872.769531,45203.812500
2023-11-27,NUTRESA.CL,43567.097656,44888.867188
2023-11-28,NUTRESA.CL,44052.574219,45389.074219
2023-11-29,NUTRESA.CL,44052.574219,45389.074219
2023-11-30,NUTRESA.CL,44933.621094,46296.855469
2023-12-01,NUTRESA.CL,44933.621094,46296.855469
2023-12-04,NUTRESA.CL,44933.621094,46296.855469
2023-12-05,NUTRESA.CL,44933.621094,46296.855469
2023-12-06,NUTRESA.CL,46300.152344,47704.839844
2023-12-07,NUTRESA.CL,44933.621094,46296.855469
2023-12-08,NUTRESA.CL,44933.621094,46296.855469
2023-12-11,NUTRESA.CL,44190.679688,45389.074219
2023-12-12,NUTRESA.CL,44190.679688,45389.074219
2023-12-13,NUTRESA.CL,44190.679688,45389.074219
2023-12-14,NUTRESA.CL,44190.679688,45389.074219
2023-12-15,NUTRESA.CL,44190.679688,45389.074219
2023-12-18,NUTRESA.CL,45739.601562,46980.000000
2023-12-19,NUTRESA.CL,44688.117188,45900.000000
2023-12-20,NUTRESA.CL,44493.398438,45700.000000
2023-12-21,NUTRESA.CL,44493.398438,45700.000000
2023-12-22,NUTRESA.CL,43811.878906,45000.000000
2023-12-25,NUTRESA.CL,43811.878906,45000.000000
2023-12-26,NUTRESA.CL,43811.878906,45000.000000
2023-12-27,NUTRESA.CL,42546.203125,43700.000000
2023-12-28,NUTRESA.CL,43811.878906,45000.000000
2023-12-29,NUTRESA.CL,43811.878906,45000.000000
2024-01-01,NUTRESA.CL,43811.878906,45000.000000
2024-01-02,NUTRESA.CL,44571.289062,45780.000000
2024-01-03,NUTRESA.CL,45272.277344,46500.000000
2024-01-04,NUTRESA.CL,44688.117188,45900.000000
2024-01-05,NUTRESA.CL,43792.410156,44980.000000
2024-01-08,NUTRESA.CL,43792.410156,44980.000000
2024-01-09,NUTRESA.CL,44764.632812,45880.000000
2024-01-10,NUTRESA.CL,45135.394531,46260.000000
2024-01-11,NUTRESA.CL,44569.496094,45680.000000
2024-01-12,NUTRESA.CL,44101.167969,45200.000000
2024-01-15,NUTRESA.CL,44101.167969,45200.000000
2024-01-16,NUTRESA.CL,42891.308594,43960.000000
2024-01-17,NUTRESA.CL,43281.582031,44360.000000
2024-01-18,NUTRESA.CL,42949.851562,44020.000000
2024-01-19,NUTRESA.CL,43418.179688,44500.000000
2024-01-22,NUTRESA.CL,43418.179688,44500.000000
2024-01-23,NUTRESA.CL,43086.445312,44160.000000
2024-01-24,NUTRESA.CL,43086.445312,44160.000000
2024-01-25,NUTRESA.CL,43086.445312,44160.000000
2024-01-26,NUTRESA.CL,43086.445312,44160.000000
2024-01-29,NUTRESA.CL,41954.644531,43000.000000
2024-01-30,NUTRESA.CL,41935.132812,42980.000000
2024-01-31,NUTRESA.CL,43867.000000,44960.000000
2024-02-01,NUTRESA.CL,44296.300781,45400.000000
2024-02-02,NUTRESA.CL,44569.496094,45680.000000
2024-02-05,NUTRESA.CL,44881.710938,46000.000000
2024-02-06,NUTRESA.CL,45174.421875,46300.000000
2024-02-07,NUTRESA.CL,45740.324219,46880.000000
2024-02-08,NUTRESA.CL,45740.324219,46880.000000
2024-02-09,NUTRESA.CL,44974.242188,46000.000000
2024-02-12,NUTRESA.CL,44974.242188,46000.000000
2024-02-13,NUTRESA.CL,45697.742188,46740.000000
2024-02-14,NUTRESA.CL,45658.632812,46700.000000
2024-02-15,NUTRESA.CL,45658.632812,46700.000000
2024-02-16,NUTRESA.CL,45658.632812,46700.000000
2024-02-19,NUTRESA.CL,45658.632812,46700.000000
2024-02-20,NUTRESA.CL,45658.632812,46700.000000
2024-02-21,NUTRESA.CL,45658.632812,46700.000000
2024-02-22,NUTRESA.CL,45658.632812,46700.000000
2024-02-23,NUTRESA.CL,45658.632812,46700.000000
2024-02-26,NUTRESA.CL,45658.632812,46700.000000
2024-02-27,NUTRESA.CL,45658.632812,46700.000000
2024-02-28,NUTRESA.CL,45658.632812,46700.000000
2024-02-29,NUTRESA.CL,45658.632812,46700.000000
2024-03-01,NUTRESA.CL,45658.632812,46700.000000
2024-03-04,NUTRESA.CL,45658.632812,46700.000000
2024-03-05,NUTRESA.CL,45658.632812,46700.000000
2024-03-06,NUTRESA.CL,45658.632812,46700.000000
2024-03-07,NUTRESA.CL,45658.632812,46700.000000
2024-03-08,NUTRESA.CL,45658.632812,46700.000000
2024-03-11,NUTRESA.CL,45800.539062,46700.000000
2024-03-12,NUTRESA.CL,45349.398438,46240.000000
2024-03-13,NUTRESA.CL,44917.875000,45800.000000
2024-03-14,NUTRESA.CL,45251.324219,46140.000000
2024-03-15,NUTRESA.CL,45094.406250,45980.000000
2024-03-18,NUTRESA.CL,45310.167969,46200.000000
2024-03-19,NUTRESA.CL,45270.941406,46160.000000
2024-03-20,NUTRESA.CL,44878.644531,45760.000000
2024-03-21,NUTRESA.CL,45270.941406,46160.000000
2024-03-22,NUTRESA.CL,45074.792969,45960.000000
2024-03-26,NUTRESA.CL,45015.949219,45900.000000
2024-03-27,NUTRESA.CL,45015.949219,45900.000000
2024-03-28,NUTRESA.CL,45015.949219,45900.000000
2024-03-29,NUTRESA.CL,45015.949219,45900.000000
2024-04-01,NUTRESA.CL,45898.613281,46800.000000
2024-04-02,NUTRESA.CL,45663.234375,46560.000000
2024-04-03,NUTRESA.CL,45663.234375,46560.000000
2024-04-04,NUTRESA.CL,45663.234375,46560.000000
2024-04-05,NUTRESA.CL,41387.210938,42200.000000
2024-04-08,NUTRESA.CL,41387.210938,42200.000000
2024-04-09,NUTRESA.CL,41387.210938,42200.000000
2024-04-10,NUTRESA.CL,39229.582031,40000.000000
2024-04-11,NUTRESA.CL,39955.332031,40740.000000
2024-04-12,NUTRESA.CL,41171.449219,41980.000000
2024-04-15,NUTRESA.CL,41171.449219,41980.000000
2024-04-16,NUTRESA.CL,39072.664062,39840.000000
2024-04-17,NUTRESA.CL,37268.105469,38000.000000
2024-04-18,NUTRESA.CL,34718.179688,35400.000000
2024-04-19,NUTRESA.CL,36150.062500,36860.000000
2024-04-22,NUTRESA.CL,36150.062500,36860.000000
2024-04-23,NUTRESA.CL,36150.062500,36860.000000
2024-04-24,NUTRESA.CL,35306.625000,36000.000000
2024-04-25,NUTRESA.CL,35306.625000,36000.000000
2024-04-26,NUTRESA.CL,35306.625000,36000.000000
2024-04-29,NUTRESA.CL,35306.625000,36000.000000
2024-04-30,NUTRESA.CL,35306.625000,36000.000000
2024-05-02,NUTRESA.CL,35796.996094,36500.000000
2024-05-03,NUTRESA.CL,45800.539062,46700.000000
2024-05-06,NUTRESA.CL,35796.996094,36500.000000
2024-05-07,NUTRESA.CL,34620.109375,35300.000000
2024-05-08,NUTRESA.CL,34541.648438,35220.000000
2024-05-09,NUTRESA.CL,34541.648438,35220.000000
2024-05-10,NUTRESA.CL,34541.648438,35220.000000
2024-05-14,NUTRESA.CL,34541.648438,35220.000000
2024-05-15,NUTRESA.CL,32462.480469,33100.000000
2024-05-16,NUTRESA.CL,33521.679688,34180.000000
2024-05-17,NUTRESA.CL,35267.394531,35960.000000
2024-05-20,NUTRESA.CL,32658.628906,33300.000000
2024-05-21,NUTRESA.CL,32737.087891,33380.000000
2024-05-22,NUTRESA.CL,32737.087891,33380.000000
2024-05-23,NUTRESA.CL,32737.087891,33380.000000
2024-05-24,NUTRESA.CL,33835.515625,34500.000000
2024-05-27,NUTRESA.CL,34325.886719,35000.000000
2024-05-28,NUTRESA.CL,39523.804688,40300.000000
2024-05-29,NUTRESA.CL,43466.378906,44320.000000
2024-05-30,NUTRESA.CL,47075.500000,48000.000000
2024-05-31,NUTRESA.CL,57961.710938,59100.000000
2023-05-01,PBR,6.811877,10.510000
2023-05-02,PBR,6.559105,10.120000
2023-05-03,PBR,6.565585,10.130000
2023-05-04,PBR,6.656326,10.270000
2023-05-05,PBR,7.012796,10.820000
2023-05-08,PBR,7.038723,10.860000
2023-05-09,PBR,7.135943,11.010000
2023-05-10,PBR,7.200757,11.110000
2023-05-11,PBR,7.330384,11.310000
2023-05-12,PBR,7.686855,11.860000
2023-05-15,PBR,7.576675,11.690000
2023-05-16,PBR,7.635006,11.780000
2023-05-17,PBR,7.615561,11.750000
2023-05-18,PBR,7.589636,11.710000
2023-05-19,PBR,7.589636,11.710000
2023-05-22,PBR,7.485934,11.550000
2023-05-23,PBR,7.641487,11.790000
2023-05-24,PBR,7.758152,11.970000
2023-05-25,PBR,7.615561,11.750000
2023-05-26,PBR,7.758152,11.970000
2023-05-30,PBR,7.602598,11.730000
2023-05-31,PBR,7.479455,11.540000
2023-06-01,PBR,7.764632,11.980000
2023-06-02,PBR,7.933146,12.240000
2023-06-05,PBR,8.004440,12.350000
2023-06-06,PBR,8.198882,12.650000
2023-06-07,PBR,8.432209,13.010000
2023-06-08,PBR,8.522946,13.150000
2023-06-09,PBR,8.918308,13.760000
2023-06-12,PBR,9.060898,13.980000
2023-06-13,PBR,9.097232,13.270000
2023-06-14,PBR,9.522272,13.890000
2023-06-15,PBR,9.453716,13.790000
2023-06-16,PBR,9.529126,13.900000
2023-06-20,PBR,9.755360,14.230000
2023-06-21,PBR,10.242100,14.940000
2023-06-22,PBR,10.063855,14.680000
2023-06-23,PBR,9.659382,14.090000
2023-06-26,PBR,9.885613,14.420000
2023-06-27,PBR,9.762214,14.240000
2023-06-28,PBR,9.721081,14.180000
2023-06-29,PBR,9.823913,14.330000
2023-06-30,PBR,9.481137,13.830000
2023-07-03,PBR,9.577116,13.970000
2023-07-05,PBR,9.535982,13.910000
2023-07-06,PBR,9.261763,13.510000
2023-07-07,PBR,9.330319,13.610000
2023-07-10,PBR,9.323463,13.600000
2023-07-11,PBR,9.296041,13.560000
2023-07-12,PBR,9.330319,13.610000
2023-07-13,PBR,9.474283,13.820000
2023-07-14,PBR,9.275474,13.530000
2023-07-17,PBR,9.254910,13.500000
2023-07-18,PBR,9.179497,13.390000
2023-07-19,PBR,9.275474,13.530000
2023-07-20,PBR,9.323463,13.600000
2023-07-21,PBR,9.549696,13.930000
2023-07-24,PBR,9.817057,14.320000
2023-07-25,PBR,9.981589,14.560000
2023-07-26,PBR,9.967878,14.540000
2023-07-27,PBR,9.385160,13.690000
2023-07-28,PBR,9.549696,13.930000
2023-07-31,PBR,10.063855,14.680000
2023-08-01,PBR,9.727937,14.190000
2023-08-02,PBR,9.631959,14.050000
2023-08-03,PBR,9.618250,14.030000
2023-08-04,PBR,9.268619,13.520000
2023-08-07,PBR,9.234341,13.470000
2023-08-08,PBR,9.248053,13.490000
2023-08-09,PBR,9.323463,13.600000
2023-08-10,PBR,9.378305,13.680000
2023-08-11,PBR,9.344029,13.630000
2023-08-14,PBR,9.254910,13.500000
2023-08-15,PBR,9.206920,13.430000
2023-08-16,PBR,9.487993,13.840000
2023-08-17,PBR,9.419438,13.740000
2023-08-18,PBR,9.522272,13.890000
2023-08-21,PBR,9.378305,13.680000
2023-08-22,PBR,9.599115,13.520000
2023-08-23,PBR,10.323308,14.540000
2023-08-24,PBR,10.287807,14.490000
2023-08-25,PBR,10.160010,14.310000
2023-08-28,PBR,10.294909,14.500000
2023-08-29,PBR,10.351708,14.580000
2023-08-30,PBR,10.323308,14.540000
2023-08-31,PBR,9.975411,14.050000
2023-09-01,PBR,10.287807,14.490000
2023-09-05,PBR,10.507907,14.800000
2023-09-06,PBR,10.600205,14.930000
2023-09-07,PBR,10.337508,14.560000
2023-09-08,PBR,10.422708,14.680000
2023-09-11,PBR,10.465308,14.740000
2023-09-12,PBR,10.522106,14.820000
2023-09-13,PBR,10.515007,14.810000
2023-09-14,PBR,10.912602,15.370000
2023-09-15,PBR,10.791903,15.200000
2023-09-18,PBR,10.926804,15.390000
2023-09-19,PBR,10.848704,15.280000
2023-09-20,PBR,10.884204,15.330000
2023-09-21,PBR,10.635706,14.980000
2023-09-22,PBR,10.706704,15.080000
2023-09-25,PBR,10.678305,15.040000
2023-09-26,PBR,10.408506,14.660000
2023-09-27,PBR,10.607307,14.940000
2023-09-28,PBR,10.536307,14.840000
2023-09-29,PBR,10.642805,14.990000
2023-10-02,PBR,10.422708,14.680000
2023-10-03,PBR,10.152909,14.300000
2023-10-04,PBR,9.840512,13.860000
2023-10-05,PBR,9.783713,13.780000
2023-10-06,PBR,10.003812,14.090000
2023-10-09,PBR,10.444008,14.710000
2023-10-10,PBR,10.706704,15.080000
2023-10-11,PBR,10.699605,15.070000
2023-10-12,PBR,10.664104,15.020000
2023-10-13,PBR,10.962303,15.440000
2023-10-16,PBR,11.210800,15.790000
2023-10-17,PBR,11.473498,16.160000
2023-10-18,PBR,11.729096,16.520000
2023-10-19,PBR,11.615499,16.360001
2023-10-20,PBR,11.508996,16.209999
2023-10-23,PBR,10.898404,15.350000
2023-10-24,PBR,11.040402,15.550000
2023-10-25,PBR,11.075902,15.600000
2023-10-26,PBR,10.976501,15.460000
2023-10-27,PBR,10.884204,15.330000
2023-10-30,PBR,10.728005,15.110000
2023-10-31,PBR,10.649905,15.000000
2023-11-01,PBR,10.884204,15.330000
2023-11-02,PBR,11.132700,15.680000
2023-11-03,PBR,11.132700,15.680000
2023-11-06,PBR,11.153999,15.710000
2023-11-07,PBR,10.955204,15.430000
2023-11-08,PBR,10.621507,14.960000
2023-11-09,PBR,10.791903,15.200000
2023-11-10,PBR,10.813204,15.230000
2023-11-13,PBR,11.019103,15.520000
2023-11-14,PBR,11.239201,15.830000
2023-11-15,PBR,11.203699,15.780000
2023-11-16,PBR,11.040402,15.550000
2023-11-17,PBR,11.388302,16.040001
2023-11-20,PBR,11.430900,16.100000
2023-11-21,PBR,11.253399,15.850000
2023-11-22,PBR,11.251929,15.300000
2023-11-24,PBR,11.273992,15.330000
2023-11-27,PBR,11.207804,15.240000
2023-11-28,PBR,11.391659,15.490000
2023-11-29,PBR,11.193096,15.220000
2023-11-30,PBR,11.229867,15.270000
2023-12-01,PBR,11.185742,15.210000
2023-12-04,PBR,10.854802,14.760000
2023-12-05,PBR,10.773905,14.650000
2023-12-06,PBR,10.604758,14.420000
2023-12-07,PBR,10.590052,14.400000
2023-12-08,PBR,10.943053,14.880000
2023-12-11,PBR,10.847448,14.750000
2023-12-12,PBR,10.663593,14.500000
2023-12-13,PBR,10.847448,14.750000
2023-12-14,PBR,11.163679,15.180000
2023-12-15,PBR,10.994532,14.950000
2023-12-18,PBR,11.288701,15.350000
2023-12-19,PBR,11.494618,15.630000
2023-12-20,PBR,11.384305,15.480000
2023-12-21,PBR,11.443138,15.560000
2023-12-22,PBR,11.604931,15.780000
2023-12-26,PBR,11.906455,16.190001
2023-12-27,PBR,11.899100,16.180000
2023-12-28,PBR,11.788787,16.030001
2023-12-29,PBR,11.744660,15.970000
2024-01-02,PBR,11.766724,16.000000
2024-01-03,PBR,12.193268,16.580000
2024-01-04,PBR,12.024122,16.350000
2024-01-05,PBR,12.163850,16.540001
2024-01-08,PBR,11.972641,16.280001
2024-01-09,PBR,11.759370,15.990000
2024-01-10,PBR,11.722597,15.940000
2024-01-11,PBR,11.950579,16.250000
2024-01-12,PBR,12.016768,16.340000
2024-01-16,PBR,11.825556,16.080000
2024-01-17,PBR,11.693182,15.900000
2024-01-18,PBR,11.634347,15.820000
2024-01-19,PBR,11.575514,15.740000
2024-01-22,PBR,11.516680,15.660000
2024-01-23,PBR,11.722597,15.940000
2024-01-24,PBR,11.685828,15.890000
2024-01-25,PBR,12.259455,16.670000
2024-01-26,PBR,12.538914,17.049999
2024-01-29,PBR,12.619813,17.160000
2024-01-30,PBR,12.531561,17.040001
2024-01-31,PBR,12.553622,17.070000
2024-02-01,PBR,12.862500,17.490000
2024-02-02,PBR,12.509497,17.010000
2024-02-05,PBR,12.443311,16.920000
2024-02-06,PBR,12.671290,17.230000
2024-02-07,PBR,12.788958,17.389999
2024-02-08,PBR,12.678643,17.240000
2024-02-09,PBR,12.641875,17.190001
2024-02-12,PBR,12.700707,17.270000
2024-02-13,PBR,12.472726,16.959999
2024-02-14,PBR,12.443311,16.920000
2024-02-15,PBR,12.796315,17.400000
2024-02-16,PBR,13.016937,17.700001
2024-02-20,PBR,12.972812,17.639999
2024-02-21,PBR,12.972812,17.639999
2024-02-22,PBR,12.928689,17.580000
2024-02-23,PBR,12.766896,17.360001
2024-02-26,PBR,12.980167,17.650000
2024-02-27,PBR,13.016937,17.700001
2024-02-28,PBR,12.296226,16.719999
2024-02-29,PBR,12.149142,16.520000
2024-03-01,PBR,12.266809,16.680000
2024-03-04,PBR,12.156497,16.530001
2024-03-05,PBR,12.038830,16.370001
2024-03-06,PBR,12.274164,16.690001
2024-03-07,PBR,12.281518,16.700001
2024-03-08,PBR,10.869510,14.780000
2024-03-11,PBR,10.707718,14.560000
2024-03-12,PBR,11.060719,15.040000
2024-03-13,PBR,10.891573,14.810000
2024-03-14,PBR,10.825387,14.720000
2024-03-15,PBR,10.693010,14.540000
2024-03-18,PBR,10.729780,14.590000
2024-03-19,PBR,10.685656,14.530000
2024-03-20,PBR,10.979824,14.930000
2024-03-21,PBR,10.759198,14.630000
2024-03-22,PBR,10.803323,14.690000
2024-03-25,PBR,10.987179,14.940000
2024-03-26,PBR,10.840095,14.740000
2024-03-27,PBR,10.979824,14.930000
2024-03-28,PBR,11.185742,15.210000
2024-04-01,PBR,11.193096,15.220000
2024-04-02,PBR,11.494618,15.630000
2024-04-03,PBR,11.465201,15.590000
2024-04-04,PBR,11.413722,15.520000
2024-04-05,PBR,11.391659,15.490000
2024-04-08,PBR,11.501973,15.640000
2024-04-09,PBR,11.678474,15.880000
2024-04-10,PBR,11.884391,16.160000
2024-04-11,PBR,11.766724,16.000000
2024-04-12,PBR,11.560806,15.720000
2024-04-15,PBR,11.612286,15.790000
2024-04-16,PBR,11.509327,15.650000
2024-04-17,PBR,11.538743,15.690000
2024-04-18,PBR,11.457847,15.580000
2024-04-19,PBR,12.112371,16.469999
2024-04-22,PBR,12.458019,16.940001
2024-04-23,PBR,12.472726,16.959999
2024-04-24,PBR,12.362412,16.809999
2024-04-25,PBR,12.538914,17.049999
2024-04-26,PBR,12.867971,17.049999
2024-04-29,PBR,13.079293,17.330000
2024-04-30,PBR,12.807596,16.969999
2024-05-01,PBR,12.784953,16.940001
2024-05-02,PBR,13.086842,17.340000
2024-05-03,PBR,12.901525,16.430000
2024-05-06,PBR,13.058572,16.629999
2024-05-07,PBR,13.356964,17.010000
2024-05-08,PBR,13.443341,17.120001
2024-05-09,PBR,13.521864,17.219999
2024-05-10,PBR,13.411932,17.080000
2024-05-13,PBR,13.380523,17.040001
2024-05-14,PBR,13.105686,16.690001
2024-05-15,PBR,12.218364,15.560000
2024-05-16,PBR,11.959234,15.230000
2024-05-17,PBR,11.794333,15.020000
2024-05-20,PBR,11.872859,15.120000
2024-05-21,PBR,11.794333,15.020000
2024-05-22,PBR,11.778629,15.000000
2024-05-23,PBR,11.692253,14.890000
2024-05-24,PBR,11.637284,14.820000
2024-05-28,PBR,11.974937,15.250000
2024-05-29,PBR,11.880710,15.130000
2024-05-30,PBR,12.037757,15.330000
2024-05-31,PBR,12.210511,15.550000
2023-05-01,PFAVAL.CL,486.973999,588.000000
2023-05-02,PFAVAL.CL,478.692261,578.000000
2023-05-03,PFAVAL.CL,473.722931,572.000000
2023-05-04,PFAVAL.CL,480.182983,579.799988
2023-05-05,PFAVAL.CL,466.269257,563.000000
2023-05-08,PFAVAL.CL,466.269257,563.000000
2023-05-09,PFAVAL.CL,463.867493,560.099976
2023-05-10,PFAVAL.CL,469.416534,566.799988
2023-05-11,PFAVAL.CL,458.815582,554.000000
2023-05-12,PFAVAL.CL,469.499329,566.900024
2023-05-15,PFAVAL.CL,459.643890,555.000000
2023-05-16,PFAVAL.CL,450.616577,544.099976
2023-05-17,PFAVAL.CL,440.595642,532.000000
2023-05-18,PFAVAL.CL,432.313690,522.000000
2023-05-19,PFAVAL.CL,422.375427,510.000000
2023-05-22,PFAVAL.CL,422.375427,510.000000
2023-05-23,PFAVAL.CL,419.062744,506.000000
2023-05-24,PFAVAL.CL,414.921722,501.000000
2023-05-25,PFAVAL.CL,420.636322,507.899994
2023-05-26,PFAVAL.CL,420.803131,504.500000
2023-05-29,PFAVAL.CL,423.722504,508.000000
2023-05-30,PFAVAL.CL,407.040375,488.000000
2023-05-31,PFAVAL.CL,400.367645,480.000000
2023-06-01,PFAVAL.CL,416.716034,499.600006
2023-06-02,PFAVAL.CL,425.307190,509.899994
2023-06-05,PFAVAL.CL,433.648132,519.900024
2023-06-06,PFAVAL.CL,437.902069,525.000000
2023-06-07,PFAVAL.CL,433.731537,520.000000
2023-06-08,PFAVAL.CL,424.556458,509.000000
2023-06-13,PFAVAL.CL,425.390625,510.000000
2023-06-14,PFAVAL.CL,421.386963,505.200012
2023-06-15,PFAVAL.CL,417.049561,500.000000
2023-06-16,PFAVAL.CL,396.197235,475.000000
2023-06-19,PFAVAL.CL,396.197235,475.000000
2023-06-20,PFAVAL.CL,404.538147,485.000000
2023-06-21,PFAVAL.CL,412.795654,494.899994
2023-06-22,PFAVAL.CL,403.787476,484.100006
2023-06-23,PFAVAL.CL,405.372223,486.000000
2023-06-26,PFAVAL.CL,404.538147,485.000000
2023-06-27,PFAVAL.CL,408.403748,486.000000
2023-06-28,PFAVAL.CL,407.563385,485.000000
2023-06-29,PFAVAL.CL,413.445709,492.000000
2023-06-30,PFAVAL.CL,408.403748,486.000000
2023-07-03,PFAVAL.CL,408.403748,486.000000
2023-07-04,PFAVAL.CL,407.563385,485.000000
2023-07-05,PFAVAL.CL,409.243988,487.000000
2023-07-06,PFAVAL.CL,411.765015,490.000000
2023-07-07,PFAVAL.CL,413.445709,492.000000
2023-07-10,PFAVAL.CL,412.605377,491.000000
2023-07-11,PFAVAL.CL,413.445709,492.000000
2023-07-12,PFAVAL.CL,417.479309,496.799988
2023-07-13,PFAVAL.CL,414.286102,493.000000
2023-07-14,PFAVAL.CL,411.765015,490.000000
2023-07-17,PFAVAL.CL,406.050781,483.200012
2023-07-18,PFAVAL.CL,421.849152,502.000000
2023-07-19,PFAVAL.CL,431.849060,513.900024
2023-07-20,PFAVAL.CL,431.849060,513.900024
2023-07-21,PFAVAL.CL,430.252533,512.000000
2023-07-24,PFAVAL.CL,435.210510,517.900024
2023-07-25,PFAVAL.CL,432.773407,515.000000
2023-07-26,PFAVAL.CL,438.358673,518.000000
2023-07-27,PFAVAL.CL,433.281281,512.000000
2023-07-28,PFAVAL.CL,427.780579,505.500000
2023-07-31,PFAVAL.CL,427.780579,505.500000
2023-08-01,PFAVAL.CL,432.265717,510.799988
2023-08-02,PFAVAL.CL,427.543579,505.220001
2023-08-03,PFAVAL.CL,423.126190,500.000000
2023-08-04,PFAVAL.CL,423.126190,500.000000
2023-08-07,PFAVAL.CL,423.126190,500.000000
2023-08-08,PFAVAL.CL,435.819855,515.000000
2023-08-09,PFAVAL.CL,440.051300,520.000000
2023-08-10,PFAVAL.CL,440.051300,520.000000
2023-08-11,PFAVAL.CL,429.896210,508.000000
2023-08-14,PFAVAL.CL,433.788971,512.599976
2023-08-15,PFAVAL.CL,418.894958,495.000000
2023-08-16,PFAVAL.CL,434.127441,513.000000
2023-08-17,PFAVAL.CL,416.356171,492.000000
2023-08-18,PFAVAL.CL,418.894958,495.000000
2023-08-21,PFAVAL.CL,418.894958,495.000000
2023-08-22,PFAVAL.CL,410.432404,485.000000
2023-08-23,PFAVAL.CL,395.284515,467.100006
2023-08-24,PFAVAL.CL,392.661041,464.000000
2023-08-25,PFAVAL.CL,391.814850,463.000000
2023-08-28,PFAVAL.CL,394.885223,463.000000
2023-08-29,PFAVAL.CL,404.266907,474.000000
2023-08-30,PFAVAL.CL,417.913025,490.000000
2023-08-31,PFAVAL.CL,434.970764,510.000000
2023-09-01,PFAVAL.CL,405.205200,475.100006
2023-09-04,PFAVAL.CL,393.503540,461.380005
2023-09-05,PFAVAL.CL,398.825531,467.619995
2023-09-06,PFAVAL.CL,392.326569,460.000000
2023-09-07,PFAVAL.CL,400.855469,470.000000
2023-09-08,PFAVAL.CL,392.326569,460.000000
2023-09-11,PFAVAL.CL,389.767944,457.000000
2023-09-12,PFAVAL.CL,402.561127,472.000000
2023-09-13,PFAVAL.CL,400.940674,470.100006
2023-09-14,PFAVAL.CL,405.119781,475.000000
2023-09-15,PFAVAL.CL,431.559204,506.000000
2023-09-18,PFAVAL.CL,417.913025,490.000000
2023-09-19,PFAVAL.CL,434.970764,510.000000
2023-09-20,PFAVAL.CL,426.612579,500.200012
2023-09-21,PFAVAL.CL,416.122009,487.899994
2023-09-22,PFAVAL.CL,417.913025,490.000000
2023-09-25,PFAVAL.CL,430.876953,505.200012
2023-09-26,PFAVAL.CL,433.883484,505.100006
2023-09-27,PFAVAL.CL,442.387482,515.000000
2023-09-28,PFAVAL.CL,442.387482,515.000000
2023-09-29,PFAVAL.CL,441.958069,514.500000
2023-10-02,PFAVAL.CL,438.178528,510.100006
2023-10-03,PFAVAL.CL,438.092529,510.000000
2023-10-04,PFAVAL.CL,442.387482,515.000000
2023-10-05,PFAVAL.CL,442.387482,515.000000
2023-10-06,PFAVAL.CL,442.473480,515.099976
2023-10-09,PFAVAL.CL,442.473480,515.099976
2023-10-10,PFAVAL.CL,429.596985,500.109985
2023-10-11,PFAVAL.CL,438.092529,510.000000
2023-10-12,PFAVAL.CL,438.006622,509.899994
2023-10-13,PFAVAL.CL,438.092529,510.000000
2023-10-16,PFAVAL.CL,438.092529,510.000000
2023-10-17,PFAVAL.CL,426.066528,496.000000
2023-10-18,PFAVAL.CL,428.643463,499.000000
2023-10-19,PFAVAL.CL,420.912445,490.000000
2023-10-20,PFAVAL.CL,412.322418,480.000000
2023-10-23,PFAVAL.CL,412.322418,480.000000
2023-10-24,PFAVAL.CL,408.027344,475.000000
2023-10-25,PFAVAL.CL,405.622223,472.200012
2023-10-26,PFAVAL.CL,410.296417,474.000000
2023-10-27,PFAVAL.CL,406.834137,470.000000
2023-10-30,PFAVAL.CL,407.786255,471.100006
2023-10-31,PFAVAL.CL,398.177948,460.000000
2023-11-01,PFAVAL.CL,404.843201,467.700012
2023-11-02,PFAVAL.CL,399.909149,462.000000
2023-11-03,PFAVAL.CL,398.177948,460.000000
2023-11-06,PFAVAL.CL,398.177948,460.000000
2023-11-07,PFAVAL.CL,385.194000,445.000000
2023-11-08,PFAVAL.CL,389.521942,450.000000
2023-11-09,PFAVAL.CL,389.521942,450.000000
2023-11-10,PFAVAL.CL,386.925171,447.000000
2023-11-13,PFAVAL.CL,386.925171,447.000000
2023-11-14,PFAVAL.CL,389.521942,450.000000
2023-11-15,PFAVAL.CL,398.177948,460.000000
2023-11-16,PFAVAL.CL,385.194000,445.000000
2023-11-17,PFAVAL.CL,389.521942,450.000000
2023-11-20,PFAVAL.CL,382.597076,442.000000
2023-11-21,PFAVAL.CL,379.134827,438.000000
2023-11-22,PFAVAL.CL,380.865967,440.000000
2023-11-23,PFAVAL.CL,387.790680,448.000000
2023-11-24,PFAVAL.CL,378.269165,437.000000
2023-11-27,PFAVAL.CL,379.665558,435.000000
2023-11-28,PFAVAL.CL,379.665558,435.000000
2023-11-29,PFAVAL.CL,384.029510,440.000000
2023-11-30,PFAVAL.CL,391.011871,448.000000
2023-12-01,PFAVAL.CL,391.011871,448.000000
2023-12-04,PFAVAL.CL,374.428772,429.000000
2023-12-05,PFAVAL.CL,376.174377,431.000000
2023-12-06,PFAVAL.CL,371.810455,426.000000
2023-12-07,PFAVAL.CL,383.156738,439.000000
2023-12-08,PFAVAL.CL,383.156738,439.000000
2023-12-11,PFAVAL.CL,377.920013,433.000000
2023-12-12,PFAVAL.CL,380.538330,436.000000
2023-12-13,PFAVAL.CL,375.301575,430.000000
2023-12-14,PFAVAL.CL,375.301575,430.000000
2023-12-15,PFAVAL.CL,401.485382,460.000000
2023-12-18,PFAVAL.CL,381.411102,437.000000
2023-12-19,PFAVAL.CL,392.757446,450.000000
2023-12-20,PFAVAL.CL,408.467773,468.000000
2023-12-21,PFAVAL.CL,397.994171,456.000000
2023-12-22,PFAVAL.CL,405.560089,461.000000
2023-12-25,PFAVAL.CL,405.560089,461.000000
2023-12-26,PFAVAL.CL,414.357483,471.000000
2023-12-27,PFAVAL.CL,416.996643,474.000000
2023-12-28,PFAVAL.CL,426.673737,485.000000
2023-12-29,PFAVAL.CL,426.673737,485.000000
2024-01-01,PFAVAL.CL,426.673737,485.000000
2024-01-02,PFAVAL.CL,429.312927,488.000000
2024-01-03,PFAVAL.CL,422.275055,480.000000
2024-01-04,PFAVAL.CL,432.831909,492.000000
2024-01-05,PFAVAL.CL,442.509155,503.000000
2024-01-08,PFAVAL.CL,442.509155,503.000000
2024-01-09,PFAVAL.CL,464.502502,528.000000
2024-01-10,PFAVAL.CL,455.705109,518.000000
2024-01-11,PFAVAL.CL,448.667236,510.000000
2024-01-12,PFAVAL.CL,452.186127,514.000000
2024-01-15,PFAVAL.CL,455.705109,518.000000
2024-01-16,PFAVAL.CL,464.502502,528.000000
2024-01-17,PFAVAL.CL,453.065948,515.000000
2024-01-18,PFAVAL.CL,450.426697,512.000000
2024-01-19,PFAVAL.CL,447.787445,509.000000
2024-01-22,PFAVAL.CL,447.787445,509.000000
2024-01-23,PFAVAL.CL,430.192719,489.000000
2024-01-24,PFAVAL.CL,430.192719,489.000000
2024-01-25,PFAVAL.CL,430.192719,489.000000
2024-01-26,PFAVAL.CL,433.383270,489.000000
2024-01-29,PFAVAL.CL,444.018463,501.000000
2024-01-30,PFAVAL.CL,451.994781,510.000000
2024-01-31,PFAVAL.CL,456.426178,515.000000
2024-02-01,PFAVAL.CL,444.904694,502.000000
2024-02-02,PFAVAL.CL,441.359650,498.000000
2024-02-05,PFAVAL.CL,439.587097,496.000000
2024-02-06,PFAVAL.CL,443.132202,500.000000
2024-02-07,PFAVAL.CL,444.018463,501.000000
2024-02-08,PFAVAL.CL,442.245911,499.000000
2024-02-09,PFAVAL.CL,436.042053,492.000000
2024-02-12,PFAVAL.CL,425.406860,480.000000
2024-02-13,PFAVAL.CL,434.269409,490.000000
2024-02-14,PFAVAL.CL,427.179382,482.000000
2024-02-15,PFAVAL.CL,436.928406,493.000000
2024-02-16,PFAVAL.CL,436.928406,493.000000
2024-02-19,PFAVAL.CL,430.724487,486.000000
2024-02-20,PFAVAL.CL,434.269409,490.000000
2024-02-21,PFAVAL.CL,438.700806,495.000000
2024-02-22,PFAVAL.CL,434.269409,490.000000
2024-02-23,PFAVAL.CL,435.155823,491.000000
2024-02-26,PFAVAL.CL,433.013000,485.000000
2024-02-27,PFAVAL.CL,430.334595,482.000000
2024-02-28,PFAVAL.CL,437.477020,490.000000
2024-02-29,PFAVAL.CL,429.441803,481.000000
2024-03-01,PFAVAL.CL,439.262695,492.000000
2024-03-04,PFAVAL.CL,437.477020,490.000000
2024-03-05,PFAVAL.CL,437.477020,490.000000
2024-03-06,PFAVAL.CL,434.798645,487.000000
2024-03-07,PFAVAL.CL,433.905914,486.000000
2024-03-08,PFAVAL.CL,424.084961,475.000000
2024-03-11,PFAVAL.CL,424.977722,476.000000
2024-03-12,PFAVAL.CL,410.692810,460.000000
2024-03-13,PFAVAL.CL,387.479736,434.000000
2024-03-14,PFAVAL.CL,383.908508,430.000000
2024-03-15,PFAVAL.CL,364.266663,408.000000
2024-03-18,PFAVAL.CL,386.586853,433.000000
2024-03-19,PFAVAL.CL,379.444397,425.000000
2024-03-20,PFAVAL.CL,377.658844,423.000000
2024-03-21,PFAVAL.CL,385.732300,430.000000
2024-03-22,PFAVAL.CL,383.938202,428.000000
2024-03-25,PFAVAL.CL,383.938202,428.000000
2024-03-26,PFAVAL.CL,387.526367,432.000000
2024-03-27,PFAVAL.CL,385.732300,430.000000
2024-03-28,PFAVAL.CL,385.732300,430.000000
2024-03-29,PFAVAL.CL,385.732300,430.000000
2024-04-01,PFAVAL.CL,392.908691,438.000000
2024-04-02,PFAVAL.CL,403.673309,450.000000
2024-04-03,PFAVAL.CL,400.982117,447.000000
2024-04-04,PFAVAL.CL,408.158539,455.000000
2024-04-05,PFAVAL.CL,407.261444,454.000000
2024-04-08,PFAVAL.CL,411.746735,459.000000
2024-04-09,PFAVAL.CL,422.511383,471.000000
2024-04-10,PFAVAL.CL,422.511383,471.000000
2024-04-11,PFAVAL.CL,430.584900,480.000000
2024-04-12,PFAVAL.CL,423.408478,472.000000
2024-04-15,PFAVAL.CL,417.129120,465.000000
2024-04-16,PFAVAL.CL,410.849762,458.000000
2024-04-17,PFAVAL.CL,412.643860,460.000000
2024-04-18,PFAVAL.CL,412.643860,460.000000
2024-04-19,PFAVAL.CL,414.437927,462.000000
2024-04-22,PFAVAL.CL,417.129120,465.000000
2024-04-23,PFAVAL.CL,417.129120,465.000000
2024-04-24,PFAVAL.CL,421.614380,470.000000
2024-04-25,PFAVAL.CL,421.614288,468.000000
2024-04-26,PFAVAL.CL,425.217804,472.000000
2024-04-29,PFAVAL.CL,424.317047,471.000000
2024-04-30,PFAVAL.CL,417.109863,463.000000
2024-05-02,PFAVAL.CL,416.209015,462.000000
2024-05-03,PFAVAL.CL,441.433777,490.000000
2024-05-06,PFAVAL.CL,418.911621,465.000000
2024-05-07,PFAVAL.CL,418.010834,464.000000
2024-05-08,PFAVAL.CL,418.911621,465.000000
2024-05-09,PFAVAL.CL,417.109863,463.000000
2024-05-10,PFAVAL.CL,417.109863,463.000000
2024-05-14,PFAVAL.CL,426.118744,473.000000
2024-05-15,PFAVAL.CL,419.812653,466.000000
2024-05-16,PFAVAL.CL,423.416107,470.000000
2024-05-17,PFAVAL.CL,420.713470,467.000000
2024-05-20,PFAVAL.CL,425.217804,472.000000
2024-05-21,PFAVAL.CL,425.217804,472.000000
2024-05-22,PFAVAL.CL,420.713470,467.000000
2024-05-23,PFAVAL.CL,420.713470,467.000000
2024-05-24,PFAVAL.CL,422.515167,469.000000
2024-05-27,PFAVAL.CL,424.317047,471.000000
2024-05-28,PFAVAL.CL,423.412231,468.000000
2024-05-29,PFAVAL.CL,423.412231,468.000000
2024-05-30,PFAVAL.CL,418.888580,463.000000
2024-05-31,PFAVAL.CL,407.127167,450.000000
2023-05-01,PFCEMARGOS.CL,1917.026367,2349.000000
2023-05-02,PFCEMARGOS.CL,1909.159302,2339.360107
2023-05-03,PFCEMARGOS.CL,1867.440063,2288.239990
2023-05-04,PFCEMARGOS.CL,1838.011108,2252.179932
2023-05-05,PFCEMARGOS.CL,1819.910034,2230.000000
2023-05-08,PFCEMARGOS.CL,1828.071411,2240.000000
2023-05-09,PFCEMARGOS.CL,1845.739990,2261.649902
2023-05-10,PFCEMARGOS.CL,1816.645874,2226.000000
2023-05-11,PFCEMARGOS.CL,1806.036499,2213.000000
2023-05-12,PFCEMARGOS.CL,1795.427002,2200.000000
2023-05-15,PFCEMARGOS.CL,1815.193237,2224.219971
2023-05-16,PFCEMARGOS.CL,1815.143921,2224.159912
2023-05-17,PFCEMARGOS.CL,1744.445190,2137.530029
2023-05-18,PFCEMARGOS.CL,1778.101074,2178.770020
2023-05-19,PFCEMARGOS.CL,1795.427002,2200.000000
2023-05-22,PFCEMARGOS.CL,1795.427002,2200.000000
2023-05-23,PFCEMARGOS.CL,1795.427002,2200.000000
2023-05-24,PFCEMARGOS.CL,1707.287964,2092.000000
2023-05-25,PFCEMARGOS.CL,1773.180176,2172.739990
2023-05-26,PFCEMARGOS.CL,1713.629150,2099.770020
2023-05-29,PFCEMARGOS.CL,1722.377563,2110.489990
2023-05-30,PFCEMARGOS.CL,1795.427002,2200.000000
2023-05-31,PFCEMARGOS.CL,1787.265991,2190.000000
2023-06-01,PFCEMARGOS.CL,1754.621826,2150.000000
2023-06-02,PFCEMARGOS.CL,1827.254761,2239.000000
2023-06-05,PFCEMARGOS.CL,1890.095215,2316.000000
2023-06-06,PFCEMARGOS.CL,1958.647705,2400.000000
2023-06-07,PFCEMARGOS.CL,1958.647705,2400.000000
2023-06-08,PFCEMARGOS.CL,1974.969849,2420.000000
2023-06-13,PFCEMARGOS.CL,2081.062988,2550.000000
2023-06-14,PFCEMARGOS.CL,2154.512451,2640.000000
2023-06-15,PFCEMARGOS.CL,2151.247803,2636.000000
2023-06-16,PFCEMARGOS.CL,2017.406982,2472.000000
2023-06-19,PFCEMARGOS.CL,2017.406982,2472.000000
2023-06-20,PFCEMARGOS.CL,2023.936157,2480.000000
2023-06-21,PFCEMARGOS.CL,2015.774658,2470.000000
2023-06-22,PFCEMARGOS.CL,2007.614136,2460.000000
2023-06-23,PFCEMARGOS.CL,1958.647705,2400.000000
2023-06-26,PFCEMARGOS.CL,1939.616089,2376.679932
2023-06-27,PFCEMARGOS.CL,1930.083984,2365.000000
2023-06-28,PFCEMARGOS.CL,1946.618286,2385.260010
2023-06-29,PFCEMARGOS.CL,1877.037476,2300.000000
2023-06-30,PFCEMARGOS.CL,1854.186523,2272.000000
2023-07-03,PFCEMARGOS.CL,1854.186523,2272.000000
2023-07-04,PFCEMARGOS.CL,1854.186523,2272.000000
2023-07-05,PFCEMARGOS.CL,1854.186523,2272.000000
2023-07-06,PFCEMARGOS.CL,1912.129761,2343.000000
2023-07-07,PFCEMARGOS.CL,1957.831787,2399.000000
2023-07-10,PFCEMARGOS.CL,1959.463379,2401.000000
2023-07-11,PFCEMARGOS.CL,2024.028320,2401.000000
2023-07-12,PFCEMARGOS.CL,1988.622925,2359.000000
2023-07-13,PFCEMARGOS.CL,1981.036011,2350.000000
2023-07-14,PFCEMARGOS.CL,1933.828247,2294.000000
2023-07-17,PFCEMARGOS.CL,1913.596436,2270.000000
2023-07-18,PFCEMARGOS.CL,1934.671387,2295.000000
2023-07-19,PFCEMARGOS.CL,1938.886475,2300.000000
2023-07-20,PFCEMARGOS.CL,1938.886475,2300.000000
2023-07-21,PFCEMARGOS.CL,1954.903320,2319.000000
2023-07-24,PFCEMARGOS.CL,1922.026855,2280.000000
2023-07-25,PFCEMARGOS.CL,1922.869385,2281.000000
2023-07-26,PFCEMARGOS.CL,1933.272095,2293.340088
2023-07-27,PFCEMARGOS.CL,1937.200317,2298.000000
2023-07-28,PFCEMARGOS.CL,1937.200317,2298.000000
2023-07-31,PFCEMARGOS.CL,1937.200317,2298.000000
2023-08-01,PFCEMARGOS.CL,1919.497681,2277.000000
2023-08-02,PFCEMARGOS.CL,1913.722900,2270.149902
2023-08-03,PFCEMARGOS.CL,1938.886475,2300.000000
2023-08-04,PFCEMARGOS.CL,1938.886475,2300.000000
2023-08-07,PFCEMARGOS.CL,1938.886475,2300.000000
2023-08-08,PFCEMARGOS.CL,1938.886475,2300.000000
2023-08-09,PFCEMARGOS.CL,1949.844971,2313.000000
2023-08-10,PFCEMARGOS.CL,1974.291870,2342.000000
2023-08-11,PFCEMARGOS.CL,1978.506958,2347.000000
2023-08-14,PFCEMARGOS.CL,1953.217163,2317.000000
2023-08-15,PFCEMARGOS.CL,1953.217163,2317.000000
2023-08-16,PFCEMARGOS.CL,1953.217163,2317.000000
2023-08-17,PFCEMARGOS.CL,1953.217163,2317.000000
2023-08-18,PFCEMARGOS.CL,1953.217163,2317.000000
2023-08-21,PFCEMARGOS.CL,1953.217163,2317.000000
2023-08-22,PFCEMARGOS.CL,1953.217163,2317.000000
2023-08-23,PFCEMARGOS.CL,1879.876587,2230.000000
2023-08-24,PFCEMARGOS.CL,1863.016846,2210.000000
2023-08-25,PFCEMARGOS.CL,1830.662720,2171.620117
2023-08-28,PFCEMARGOS.CL,1864.702759,2212.000000
2023-08-29,PFCEMARGOS.CL,1812.437134,2150.000000
2023-08-30,PFCEMARGOS.CL,1778.725830,2110.010010
2023-08-31,PFCEMARGOS.CL,1702.848022,2020.000000
2023-09-01,PFCEMARGOS.CL,1707.062988,2025.000000
2023-09-04,PFCEMARGOS.CL,1704.424438,2021.869995
2023-09-05,PFCEMARGOS.CL,1674.312622,1986.150024
2023-09-06,PFCEMARGOS.CL,1669.128296,1980.000000
2023-09-07,PFCEMARGOS.CL,2024.028320,2401.000000
2023-09-08,PFCEMARGOS.CL,2151.321045,2552.000000
2023-09-11,PFCEMARGOS.CL,2151.321045,2552.000000
2023-09-12,PFCEMARGOS.CL,2067.021729,2452.000000
2023-09-13,PFCEMARGOS.CL,2141.205322,2540.000000
2023-09-14,PFCEMARGOS.CL,2054.376709,2437.000000
2023-09-15,PFCEMARGOS.CL,2067.021729,2452.000000
2023-09-18,PFCEMARGOS.CL,2103.270020,2495.000000
2023-09-19,PFCEMARGOS.CL,2107.485352,2500.000000
2023-09-20,PFCEMARGOS.CL,2133.618164,2531.000000
2023-09-21,PFCEMARGOS.CL,2292.943848,2720.000000
2023-09-22,PFCEMARGOS.CL,2476.716553,2938.000000
2023-09-25,PFCEMARGOS.CL,2630.141602,3120.000000
2023-09-26,PFCEMARGOS.CL,2852.691895,3384.000000
2023-09-27,PFCEMARGOS.CL,3051.638428,3620.000000
2023-09-28,PFCEMARGOS.CL,3263.230225,3871.000000
2023-09-29,PFCEMARGOS.CL,3246.370117,3851.000000
2023-10-02,PFCEMARGOS.CL,3161.227295,3750.000000
2023-10-03,PFCEMARGOS.CL,3194.947510,3790.000000
2023-10-04,PFCEMARGOS.CL,3119.078125,3700.000000
2023-10-05,PFCEMARGOS.CL,3123.292725,3705.000000
2023-10-06,PFCEMARGOS.CL,3102.217773,3680.000000
2023-10-09,PFCEMARGOS.CL,3097.160889,3674.000000
2023-10-10,PFCEMARGOS.CL,3099.389893,3600.000000
2023-10-11,PFCEMARGOS.CL,2927.201660,3400.000000
2023-10-12,PFCEMARGOS.CL,2909.982910,3380.000000
2023-10-13,PFCEMARGOS.CL,2884.154785,3350.000000
2023-10-16,PFCEMARGOS.CL,2884.154785,3350.000000
2023-10-17,PFCEMARGOS.CL,2927.201660,3400.000000
2023-10-18,PFCEMARGOS.CL,2975.414551,3456.000000
2023-10-19,PFCEMARGOS.CL,3047.733887,3540.000000
2023-10-20,PFCEMARGOS.CL,2944.420410,3420.000000
2023-10-23,PFCEMARGOS.CL,2928.062256,3401.000000
2023-10-24,PFCEMARGOS.CL,2926.340820,3399.000000
2023-10-25,PFCEMARGOS.CL,2909.982910,3380.000000
2023-10-26,PFCEMARGOS.CL,2900.512451,3369.000000
2023-10-27,PFCEMARGOS.CL,2889.320068,3356.000000
2023-10-30,PFCEMARGOS.CL,2927.201660,3400.000000
2023-10-31,PFCEMARGOS.CL,2863.491699,3326.000000
2023-11-01,PFCEMARGOS.CL,2901.373047,3370.000000
2023-11-02,PFCEMARGOS.CL,2884.154785,3350.000000
2023-11-03,PFCEMARGOS.CL,2884.154785,3350.000000
2023-11-06,PFCEMARGOS.CL,2884.154785,3350.000000
2023-11-07,PFCEMARGOS.CL,2841.107178,3300.000000
2023-11-08,PFCEMARGOS.CL,2974.553711,3455.000000
2023-11-09,PFCEMARGOS.CL,3047.733887,3540.000000
2023-11-10,PFCEMARGOS.CL,3142.437256,3650.000000
2023-11-13,PFCEMARGOS.CL,3142.437256,3650.000000
2023-11-14,PFCEMARGOS.CL,3129.522949,3635.000000
2023-11-15,PFCEMARGOS.CL,3133.827393,3640.000000
2023-11-16,PFCEMARGOS.CL,3168.265381,3680.000000
2023-11-17,PFCEMARGOS.CL,3142.437256,3650.000000
2023-11-20,PFCEMARGOS.CL,3280.187988,3810.000000
2023-11-21,PFCEMARGOS.CL,3314.625244,3850.000000
2023-11-22,PFCEMARGOS.CL,3357.672119,3900.000000
2023-11-23,PFCEMARGOS.CL,3366.282227,3910.000000
2023-11-24,PFCEMARGOS.CL,3400.719971,3950.000000
2023-11-27,PFCEMARGOS.CL,3383.500488,3930.000000
2023-11-28,PFCEMARGOS.CL,3459.531250,3940.000000
2023-11-29,PFCEMARGOS.CL,3463.922363,3945.000000
2023-11-30,PFCEMARGOS.CL,3503.434326,3990.000000
2023-12-01,PFCEMARGOS.CL,3512.214844,4000.000000
2023-12-04,PFCEMARGOS.CL,3424.408936,3900.000000
2023-12-05,PFCEMARGOS.CL,3507.824219,3995.000000
2023-12-06,PFCEMARGOS.CL,3437.580322,3915.000000
2023-12-07,PFCEMARGOS.CL,3534.166260,4025.000000
2023-12-08,PFCEMARGOS.CL,3534.166260,4025.000000
2023-12-11,PFCEMARGOS.CL,3560.507324,4055.000000
2023-12-12,PFCEMARGOS.CL,3591.239502,4090.000000
2023-12-13,PFCEMARGOS.CL,3679.044922,4190.000000
2023-12-14,PFCEMARGOS.CL,3793.191650,4320.000000
2023-12-15,PFCEMARGOS.CL,3889.777344,4430.000000
2023-12-18,PFCEMARGOS.CL,3902.948486,4445.000000
2023-12-19,PFCEMARGOS.CL,3920.510010,4465.000000
2023-12-20,PFCEMARGOS.CL,3929.290039,4475.000000
2023-12-21,PFCEMARGOS.CL,3938.070557,4485.000000
2023-12-22,PFCEMARGOS.CL,3946.851807,4495.000000
2023-12-25,PFCEMARGOS.CL,3946.851807,4495.000000
2023-12-26,PFCEMARGOS.CL,3951.241211,4500.000000
2023-12-27,PFCEMARGOS.CL,3951.241211,4500.000000
2023-12-28,PFCEMARGOS.CL,3951.241211,4500.000000
2023-12-29,PFCEMARGOS.CL,3951.241211,4500.000000
2024-01-01,PFCEMARGOS.CL,3951.241211,4500.000000
2024-01-02,PFCEMARGOS.CL,4082.949219,4650.000000
2024-01-03,PFCEMARGOS.CL,3951.241211,4500.000000
2024-01-04,PFCEMARGOS.CL,3990.754639,4545.000000
2024-01-05,PFCEMARGOS.CL,4096.120117,4665.000000
2024-01-08,PFCEMARGOS.CL,4096.120117,4665.000000
2024-01-09,PFCEMARGOS.CL,4052.218506,4615.000000
2024-01-10,PFCEMARGOS.CL,4170.754883,4750.000000
2024-01-11,PFCEMARGOS.CL,4249.779785,4840.000000
2024-01-12,PFCEMARGOS.CL,4302.462891,4900.000000
2024-01-15,PFCEMARGOS.CL,4539.538086,5170.000000
2024-01-16,PFCEMARGOS.CL,4662.465332,5310.000000
2024-01-17,PFCEMARGOS.CL,4978.563965,5670.000000
2024-01-18,PFCEMARGOS.CL,4934.661133,5620.000000
2024-01-19,PFCEMARGOS.CL,4785.392578,5450.000000
2024-01-22,PFCEMARGOS.CL,4785.392578,5450.000000
2024-01-23,PFCEMARGOS.CL,4943.441895,5630.000000
2024-01-24,PFCEMARGOS.CL,4943.441895,5630.000000
2024-01-25,PFCEMARGOS.CL,4943.441895,5630.000000
2024-01-26,PFCEMARGOS.CL,4943.441895,5630.000000
2024-01-29,PFCEMARGOS.CL,5092.711426,5800.000000
2024-01-30,PFCEMARGOS.CL,5066.369141,5770.000000
2024-01-31,PFCEMARGOS.CL,5022.466797,5720.000000
2024-02-01,PFCEMARGOS.CL,4987.345215,5680.000000
2024-02-02,PFCEMARGOS.CL,4961.003906,5650.000000
2024-02-05,PFCEMARGOS.CL,4961.003906,5650.000000
2024-02-06,PFCEMARGOS.CL,4952.222168,5640.000000
2024-02-07,PFCEMARGOS.CL,4881.977539,5560.000000
2024-02-08,PFCEMARGOS.CL,4697.586426,5350.000000
2024-02-09,PFCEMARGOS.CL,4846.855957,5520.000000
2024-02-12,PFCEMARGOS.CL,4811.733887,5480.000000
2024-02-13,PFCEMARGOS.CL,4776.612305,5440.000000
2024-02-14,PFCEMARGOS.CL,4811.733887,5480.000000
2024-02-15,PFCEMARGOS.CL,4908.320801,5590.000000
2024-02-16,PFCEMARGOS.CL,4820.514648,5490.000000
2024-02-19,PFCEMARGOS.CL,4741.489258,5400.000000
2024-02-20,PFCEMARGOS.CL,4829.294922,5500.000000
2024-02-21,PFCEMARGOS.CL,4943.441895,5630.000000
2024-02-22,PFCEMARGOS.CL,5040.028320,5740.000000
2024-02-23,PFCEMARGOS.CL,5075.150391,5780.000000
2024-02-26,PFCEMARGOS.CL,5083.930664,5790.000000
2024-02-27,PFCEMARGOS.CL,5022.466797,5720.000000
2024-02-28,PFCEMARGOS.CL,5022.466797,5720.000000
2024-02-29,PFCEMARGOS.CL,4881.977539,5560.000000
2024-03-01,PFCEMARGOS.CL,5224.418945,5950.000000
2024-03-04,PFCEMARGOS.CL,5408.810547,6160.000000
2024-03-05,PFCEMARGOS.CL,5689.787598,6480.000000
2024-03-06,PFCEMARGOS.CL,5795.153809,6600.000000
2024-03-07,PFCEMARGOS.CL,5891.740723,6710.000000
2024-03-08,PFCEMARGOS.CL,5882.959961,6700.000000
2024-03-11,PFCEMARGOS.CL,5795.153809,6600.000000
2024-03-12,PFCEMARGOS.CL,5637.104492,6420.000000
2024-03-13,PFCEMARGOS.CL,5768.812988,6570.000000
2024-03-14,PFCEMARGOS.CL,5663.446777,6450.000000
2024-03-15,PFCEMARGOS.CL,5882.959961,6700.000000
2024-03-18,PFCEMARGOS.CL,5970.765137,6800.000000
2024-03-19,PFCEMARGOS.CL,6049.788574,6890.000000
2024-03-20,PFCEMARGOS.CL,6181.497559,7040.000000
2024-03-21,PFCEMARGOS.CL,6163.937012,7020.000000
2024-03-22,PFCEMARGOS.CL,6199.058594,7060.000000
2024-03-25,PFCEMARGOS.CL,6199.058594,7060.000000
2024-03-26,PFCEMARGOS.CL,6409.791992,7300.000000
2024-03-27,PFCEMARGOS.CL,6541.500000,7450.000000
2024-03-28,PFCEMARGOS.CL,6541.500000,7450.000000
2024-03-29,PFCEMARGOS.CL,6541.500000,7450.000000
2024-04-01,PFCEMARGOS.CL,6480.036621,7380.000000
2024-04-02,PFCEMARGOS.CL,6523.939453,7430.000000
2024-04-03,PFCEMARGOS.CL,6523.939453,7430.000000
2024-04-04,PFCEMARGOS.CL,6532.719727,7440.000000
2024-04-05,PFCEMARGOS.CL,6559.061523,7470.000000
2024-04-08,PFCEMARGOS.CL,6576.622070,7490.000000
2024-04-09,PFCEMARGOS.CL,6567.840820,7480.000000
2024-04-10,PFCEMARGOS.CL,6550.280273,7460.000000
2024-04-11,PFCEMARGOS.CL,6690.823242,7500.000000
2024-04-12,PFCEMARGOS.CL,6637.296875,7440.000000
2024-04-15,PFCEMARGOS.CL,6557.006836,7350.000000
2024-04-16,PFCEMARGOS.CL,6512.401367,7300.000000
2024-04-17,PFCEMARGOS.CL,6369.663086,7140.000000
2024-04-18,PFCEMARGOS.CL,6066.346680,6800.000000
2024-04-19,PFCEMARGOS.CL,6316.137695,7080.000000
2024-04-22,PFCEMARGOS.CL,6414.269043,7190.000000
2024-04-23,PFCEMARGOS.CL,6423.189941,7200.000000
2024-04-24,PFCEMARGOS.CL,6316.137695,7080.000000
2024-04-25,PFCEMARGOS.CL,6342.900391,7110.000000
2024-04-26,PFCEMARGOS.CL,6342.900391,7110.000000
2024-04-29,PFCEMARGOS.CL,6342.900391,7110.000000
2024-04-30,PFCEMARGOS.CL,6342.900391,7110.000000
2024-05-02,PFCEMARGOS.CL,6342.900391,7110.000000
2024-05-03,PFCEMARGOS.CL,5495.395996,6160.000000
2024-05-06,PFCEMARGOS.CL,5495.395996,6160.000000
2024-05-07,PFCEMARGOS.CL,6342.900391,7110.000000
2024-05-08,PFCEMARGOS.CL,6342.900391,7110.000000
2024-05-09,PFCEMARGOS.CL,6342.900391,7110.000000
2024-05-10,PFCEMARGOS.CL,6244.768066,7000.000000
2024-05-14,PFCEMARGOS.CL,6244.768066,7000.000000
2024-05-15,PFCEMARGOS.CL,6244.768066,7000.000000
2024-05-16,PFCEMARGOS.CL,6244.768066,7000.000000
2024-05-17,PFCEMARGOS.CL,6244.768066,7000.000000
2024-05-20,PFCEMARGOS.CL,6244.768066,7000.000000
2024-05-21,PFCEMARGOS.CL,6244.768066,7000.000000
2024-05-22,PFCEMARGOS.CL,6244.768066,7000.000000
2024-05-23,PFCEMARGOS.CL,6244.768066,7000.000000
2024-05-24,PFCEMARGOS.CL,6244.768066,7000.000000
2024-05-27,PFCEMARGOS.CL,6244.768066,7000.000000
2024-05-28,PFCEMARGOS.CL,6244.768066,7000.000000
2024-05-29,PFCEMARGOS.CL,6244.768066,7000.000000
2024-05-30,PFCEMARGOS.CL,6244.768066,7000.000000
2024-05-31,PFCEMARGOS.CL,6244.768066,7000.000000
2023-05-01,PFCORFICOL.CL,9325.706055,12200.000000
2023-05-02,PFCORFICOL.CL,9078.910156,11877.139648
2023-05-03,PFCORFICOL.CL,9157.536133,11980.000000
2023-05-04,PFCORFICOL.CL,9180.828125,12010.469727
2023-05-05,PFCORFICOL.CL,8943.504883,11700.000000
2023-05-08,PFCORFICOL.CL,9026.166016,11808.139648
2023-05-09,PFCORFICOL.CL,8990.460938,11761.429688
2023-05-10,PFCORFICOL.CL,8950.643555,11709.339844
2023-05-11,PFCORFICOL.CL,8979.385742,11746.940430
2023-05-12,PFCORFICOL.CL,8752.403320,11450.000000
2023-05-15,PFCORFICOL.CL,8864.923828,11597.200195
2023-05-16,PFCORFICOL.CL,8843.894531,11569.690430
2023-05-17,PFCORFICOL.CL,8843.894531,11569.690430
2023-05-18,PFCORFICOL.CL,9470.940430,12390.000000
2023-05-19,PFCORFICOL.CL,8905.283203,11650.000000
2023-05-22,PFCORFICOL.CL,8905.283203,11650.000000
2023-05-23,PFCORFICOL.CL,9019.943359,11800.000000
2023-05-24,PFCORFICOL.CL,9470.940430,12390.000000
2023-05-25,PFCORFICOL.CL,9094.114258,11897.030273
2023-05-26,PFCORFICOL.CL,8798.267578,11510.000000
2023-05-29,PFCORFICOL.CL,8943.504883,11700.000000
2023-05-30,PFCORFICOL.CL,8948.276367,11250.000000
2023-05-31,PFCORFICOL.CL,8749.425781,11000.000000
2023-06-01,PFCORFICOL.CL,8749.425781,11000.000000
2023-06-02,PFCORFICOL.CL,9131.218750,11480.000000
2023-06-05,PFCORFICOL.CL,8590.345703,10800.000000
2023-06-06,PFCORFICOL.CL,9306.208008,11700.000000
2023-06-07,PFCORFICOL.CL,9934.575195,12490.000000
2023-06-08,PFCORFICOL.CL,9783.449219,12300.000000
2023-06-13,PFCORFICOL.CL,9942.529297,12500.000000
2023-06-14,PFCORFICOL.CL,9836.781250,12367.049805
2023-06-15,PFCORFICOL.CL,9855.034180,12390.000000
2023-06-16,PFCORFICOL.CL,9743.678711,12250.000000
2023-06-19,PFCORFICOL.CL,9743.678711,12250.000000
2023-06-20,PFCORFICOL.CL,9592.552734,12060.000000
2023-06-21,PFCORFICOL.CL,9721.940430,12222.669922
2023-06-22,PFCORFICOL.CL,9544.829102,12000.000000
2023-06-23,PFCORFICOL.CL,9573.668945,12036.259766
2023-06-26,PFCORFICOL.CL,9170.988281,11530.000000
2023-06-27,PFCORFICOL.CL,9610.854492,12083.009766
2023-06-28,PFCORFICOL.CL,9385.747070,11800.000000
2023-06-29,PFCORFICOL.CL,9356.986328,11763.839844
2023-06-30,PFCORFICOL.CL,9614.083984,12087.070312
2023-07-03,PFCORFICOL.CL,9614.083984,12087.070312
2023-07-04,PFCORFICOL.CL,9317.223633,11713.849609
2023-07-05,PFCORFICOL.CL,9170.988281,11530.000000
2023-07-06,PFCORFICOL.CL,9306.208008,11700.000000
2023-07-07,PFCORFICOL.CL,9385.747070,11800.000000
2023-07-10,PFCORFICOL.CL,9474.013672,11910.969727
2023-07-11,PFCORFICOL.CL,9544.829102,12000.000000
2023-07-12,PFCORFICOL.CL,9839.127930,12370.000000
2023-07-13,PFCORFICOL.CL,9839.127930,12370.000000
2023-07-14,PFCORFICOL.CL,9632.378906,12110.070312
2023-07-17,PFCORFICOL.CL,9942.529297,12500.000000
2023-07-18,PFCORFICOL.CL,10022.069336,12600.000000
2023-07-19,PFCORFICOL.CL,10022.069336,12600.000000
2023-07-20,PFCORFICOL.CL,10022.069336,12600.000000
2023-07-21,PFCORFICOL.CL,10109.563477,12710.000000
2023-07-24,PFCORFICOL.CL,10181.150391,12800.000000
2023-07-25,PFCORFICOL.CL,10181.150391,12800.000000
2023-07-26,PFCORFICOL.CL,10340.231445,13000.000000
2023-07-27,PFCORFICOL.CL,10491.356445,13190.000000
2023-07-28,PFCORFICOL.CL,10491.356445,13190.000000
2023-07-31,PFCORFICOL.CL,10491.356445,13190.000000
2023-08-01,PFCORFICOL.CL,10340.231445,13000.000000
2023-08-02,PFCORFICOL.CL,10526.115234,13233.700195
2023-08-03,PFCORFICOL.CL,10348.185547,13010.000000
2023-08-04,PFCORFICOL.CL,10348.185547,13010.000000
2023-08-07,PFCORFICOL.CL,10348.185547,13010.000000
2023-08-08,PFCORFICOL.CL,10566.825195,13284.879883
2023-08-09,PFCORFICOL.CL,10570.896484,13290.000000
2023-08-10,PFCORFICOL.CL,10239.174805,12872.950195
2023-08-11,PFCORFICOL.CL,10570.896484,13290.000000
2023-08-14,PFCORFICOL.CL,10570.896484,13290.000000
2023-08-15,PFCORFICOL.CL,10570.896484,13290.000000
2023-08-16,PFCORFICOL.CL,9902.759766,12450.000000
2023-08-17,PFCORFICOL.CL,9902.759766,12450.000000
2023-08-18,PFCORFICOL.CL,10199.770508,12823.410156
2023-08-21,PFCORFICOL.CL,10199.770508,12823.410156
2023-08-22,PFCORFICOL.CL,9878.898438,12420.000000
2023-08-23,PFCORFICOL.CL,9536.874023,11990.000000
2023-08-24,PFCORFICOL.CL,9886.851562,12430.000000
2023-08-25,PFCORFICOL.CL,9226.666992,11600.000000
2023-08-28,PFCORFICOL.CL,9624.369141,12100.000000
2023-08-29,PFCORFICOL.CL,9588.000000,11600.000000
2023-08-30,PFCORFICOL.CL,9257.378906,11200.000000
2023-08-31,PFCORFICOL.CL,9216.051758,11150.000000
2023-09-01,PFCORFICOL.CL,8900.615234,10768.370117
2023-09-04,PFCORFICOL.CL,9053.807617,10953.709961
2023-09-05,PFCORFICOL.CL,8926.758789,10800.000000
2023-09-06,PFCORFICOL.CL,8720.120117,10550.000000
2023-09-07,PFCORFICOL.CL,8819.306641,10670.000000
2023-09-08,PFCORFICOL.CL,8819.306641,10670.000000
2023-09-11,PFCORFICOL.CL,8519.070312,10306.759766
2023-09-12,PFCORFICOL.CL,8761.448242,10600.000000
2023-09-13,PFCORFICOL.CL,9092.069336,11000.000000
2023-09-14,PFCORFICOL.CL,9092.069336,11000.000000
2023-09-15,PFCORFICOL.CL,9340.034180,11300.000000
2023-09-18,PFCORFICOL.CL,9404.108398,11377.519531
2023-09-19,PFCORFICOL.CL,9340.034180,11300.000000
2023-09-20,PFCORFICOL.CL,9092.069336,11000.000000
2023-09-21,PFCORFICOL.CL,9340.034180,11300.000000
2023-09-22,PFCORFICOL.CL,9165.028320,11088.269531
2023-09-25,PFCORFICOL.CL,9252.642578,11194.269531
2023-09-26,PFCORFICOL.CL,9257.378906,11200.000000
2023-09-27,PFCORFICOL.CL,9340.034180,11300.000000
2023-09-28,PFCORFICOL.CL,8860.633789,10720.000000
2023-09-29,PFCORFICOL.CL,9184.271484,11111.549805
2023-10-02,PFCORFICOL.CL,9505.344727,11500.000000
2023-10-03,PFCORFICOL.CL,9174.723633,11100.000000
2023-10-04,PFCORFICOL.CL,9245.494141,11185.620117
2023-10-05,PFCORFICOL.CL,9337.687500,11297.160156
2023-10-06,PFCORFICOL.CL,9472.283203,11460.000000
2023-10-09,PFCORFICOL.CL,9472.283203,11460.000000
2023-10-10,PFCORFICOL.CL,9360.019531,11324.179688
2023-10-11,PFCORFICOL.CL,9472.283203,11460.000000
2023-10-12,PFCORFICOL.CL,9472.283203,11460.000000
2023-10-13,PFCORFICOL.CL,9588.000000,11600.000000
2023-10-16,PFCORFICOL.CL,9588.000000,11600.000000
2023-10-17,PFCORFICOL.CL,9588.000000,11600.000000
2023-10-18,PFCORFICOL.CL,9583.247070,11594.250000
2023-10-19,PFCORFICOL.CL,9588.000000,11600.000000
2023-10-20,PFCORFICOL.CL,9588.000000,11600.000000
2023-10-23,PFCORFICOL.CL,9646.404297,11670.660156
2023-10-24,PFCORFICOL.CL,9588.000000,11600.000000
2023-10-25,PFCORFICOL.CL,9629.327148,11650.000000
2023-10-26,PFCORFICOL.CL,9629.327148,11650.000000
2023-10-27,PFCORFICOL.CL,9629.327148,11650.000000
2023-10-30,PFCORFICOL.CL,9588.000000,11600.000000
2023-10-31,PFCORFICOL.CL,9483.193359,11473.200195
2023-11-01,PFCORFICOL.CL,9588.000000,11600.000000
2023-11-02,PFCORFICOL.CL,9588.000000,11600.000000
2023-11-03,PFCORFICOL.CL,9092.069336,11000.000000
2023-11-06,PFCORFICOL.CL,9092.069336,11000.000000
2023-11-07,PFCORFICOL.CL,9191.255859,11120.000000
2023-11-08,PFCORFICOL.CL,9174.723633,11100.000000
2023-11-09,PFCORFICOL.CL,9092.069336,11000.000000
2023-11-10,PFCORFICOL.CL,9092.069336,11000.000000
2023-11-13,PFCORFICOL.CL,9092.069336,11000.000000
2023-11-14,PFCORFICOL.CL,9092.069336,11000.000000
2023-11-15,PFCORFICOL.CL,9092.069336,11000.000000
2023-11-16,PFCORFICOL.CL,9092.069336,11000.000000
2023-11-17,PFCORFICOL.CL,9092.069336,11000.000000
2023-11-20,PFCORFICOL.CL,9092.069336,11000.000000
2023-11-21,PFCORFICOL.CL,9092.069336,11000.000000
2023-11-22,PFCORFICOL.CL,9092.069336,11000.000000
2023-11-23,PFCORFICOL.CL,9092.069336,11000.000000
2023-11-24,PFCORFICOL.CL,9224.317383,11160.000000
2023-11-27,PFCORFICOL.CL,9257.378906,11200.000000
2023-11-28,PFCORFICOL.CL,9443.491211,10960.000000
2023-11-29,PFCORFICOL.CL,8978.209961,10420.000000
2023-11-30,PFCORFICOL.CL,9219.466797,10700.000000
2023-12-01,PFCORFICOL.CL,9288.397461,10780.000000
2023-12-04,PFCORFICOL.CL,9202.234375,10680.000000
2023-12-05,PFCORFICOL.CL,9047.140625,10500.000000
2023-12-06,PFCORFICOL.CL,9047.140625,10500.000000
2023-12-07,PFCORFICOL.CL,8840.348633,10260.000000
2023-12-08,PFCORFICOL.CL,8840.348633,10260.000000
2023-12-11,PFCORFICOL.CL,9047.140625,10500.000000
2023-12-12,PFCORFICOL.CL,8788.650391,10200.000000
2023-12-13,PFCORFICOL.CL,8840.348633,10260.000000
2023-12-14,PFCORFICOL.CL,8788.650391,10200.000000
2023-12-15,PFCORFICOL.CL,9047.140625,10500.000000
2023-12-18,PFCORFICOL.CL,9012.675781,10460.000000
2023-12-19,PFCORFICOL.CL,9012.675781,10460.000000
2023-12-20,PFCORFICOL.CL,9219.466797,10700.000000
2023-12-21,PFCORFICOL.CL,9253.932617,10740.000000
2023-12-22,PFCORFICOL.CL,9340.095703,10840.000000
2023-12-25,PFCORFICOL.CL,9340.095703,10840.000000
2023-12-26,PFCORFICOL.CL,9409.026367,10920.000000
2023-12-27,PFCORFICOL.CL,9736.447266,11300.000000
2023-12-28,PFCORFICOL.CL,9736.447266,11300.000000
2023-12-29,PFCORFICOL.CL,9736.447266,11300.000000
2024-01-01,PFCORFICOL.CL,9736.447266,11300.000000
2024-01-02,PFCORFICOL.CL,9788.144531,11360.000000
2024-01-03,PFCORFICOL.CL,9994.936523,11600.000000
2024-01-04,PFCORFICOL.CL,10511.916016,12200.000000
2024-01-05,PFCORFICOL.CL,10753.172852,12480.000000
2024-01-08,PFCORFICOL.CL,10753.172852,12480.000000
2024-01-09,PFCORFICOL.CL,11373.547852,13200.000000
2024-01-10,PFCORFICOL.CL,11425.246094,13260.000000
2024-01-11,PFCORFICOL.CL,11459.711914,13300.000000
2024-01-12,PFCORFICOL.CL,11218.455078,13020.000000
2024-01-15,PFCORFICOL.CL,11476.944336,13320.000000
2024-01-16,PFCORFICOL.CL,11545.875000,13400.000000
2024-01-17,PFCORFICOL.CL,11528.642578,13380.000000
2024-01-18,PFCORFICOL.CL,11425.246094,13260.000000
2024-01-19,PFCORFICOL.CL,11201.221680,13000.000000
2024-01-22,PFCORFICOL.CL,11201.221680,13000.000000
2024-01-23,PFCORFICOL.CL,11459.711914,13300.000000
2024-01-24,PFCORFICOL.CL,11459.711914,13300.000000
2024-01-25,PFCORFICOL.CL,11459.711914,13300.000000
2024-01-26,PFCORFICOL.CL,11459.711914,13300.000000
2024-01-29,PFCORFICOL.CL,11459.711914,13300.000000
2024-01-30,PFCORFICOL.CL,11287.385742,13100.000000
2024-01-31,PFCORFICOL.CL,11287.385742,13100.000000
2024-02-01,PFCORFICOL.CL,11373.547852,13200.000000
2024-02-02,PFCORFICOL.CL,11287.385742,13100.000000
2024-02-05,PFCORFICOL.CL,11287.385742,13100.000000
2024-02-06,PFCORFICOL.CL,11201.221680,13000.000000
2024-02-07,PFCORFICOL.CL,11201.221680,13000.000000
2024-02-08,PFCORFICOL.CL,11115.058594,12900.000000
2024-02-09,PFCORFICOL.CL,11115.058594,12900.000000
2024-02-12,PFCORFICOL.CL,11115.058594,12900.000000
2024-02-13,PFCORFICOL.CL,11115.058594,12900.000000
2024-02-14,PFCORFICOL.CL,10787.637695,12520.000000
2024-02-15,PFCORFICOL.CL,10770.405273,12500.000000
2024-02-16,PFCORFICOL.CL,10787.637695,12520.000000
2024-02-19,PFCORFICOL.CL,10511.916016,12200.000000
2024-02-20,PFCORFICOL.CL,10770.405273,12500.000000
2024-02-21,PFCORFICOL.CL,11097.826172,12880.000000
2024-02-22,PFCORFICOL.CL,11097.826172,12880.000000
2024-02-23,PFCORFICOL.CL,11080.592773,12860.000000
2024-02-26,PFCORFICOL.CL,11063.360352,12840.000000
2024-02-27,PFCORFICOL.CL,11115.058594,12900.000000
2024-02-28,PFCORFICOL.CL,11201.221680,13000.000000
2024-02-29,PFCORFICOL.CL,10994.430664,12760.000000
2024-03-01,PFCORFICOL.CL,11201.221680,13000.000000
2024-03-04,PFCORFICOL.CL,10977.198242,12740.000000
2024-03-05,PFCORFICOL.CL,10977.198242,12740.000000
2024-03-06,PFCORFICOL.CL,11063.360352,12840.000000
2024-03-07,PFCORFICOL.CL,11080.592773,12860.000000
2024-03-08,PFCORFICOL.CL,11270.152344,13080.000000
2024-03-11,PFCORFICOL.CL,11080.592773,12860.000000
2024-03-12,PFCORFICOL.CL,11080.592773,12860.000000
2024-03-13,PFCORFICOL.CL,11218.455078,13020.000000
2024-03-14,PFCORFICOL.CL,11183.989258,12980.000000
2024-03-15,PFCORFICOL.CL,10942.732422,12700.000000
2024-03-18,PFCORFICOL.CL,11373.547852,13200.000000
2024-03-19,PFCORFICOL.CL,11459.711914,13300.000000
2024-03-20,PFCORFICOL.CL,11459.711914,13300.000000
2024-03-21,PFCORFICOL.CL,11304.618164,13120.000000
2024-03-22,PFCORFICOL.CL,11356.315430,13180.000000
2024-03-26,PFCORFICOL.CL,11425.246094,13260.000000
2024-03-27,PFCORFICOL.CL,11425.246094,13260.000000
2024-03-28,PFCORFICOL.CL,11425.246094,13260.000000
2024-03-29,PFCORFICOL.CL,11425.246094,13260.000000
2024-04-01,PFCORFICOL.CL,11718.201172,13600.000000
2024-04-02,PFCORFICOL.CL,11718.201172,13600.000000
2024-04-03,PFCORFICOL.CL,11838.830078,13740.000000
2024-04-04,PFCORFICOL.CL,12579.833984,14600.000000
2024-04-05,PFCORFICOL.CL,12752.160156,14800.000000
2024-04-08,PFCORFICOL.CL,13079.581055,15180.000000
2024-04-09,PFCORFICOL.CL,13786.119141,16000.000000
2024-04-10,PFCORFICOL.CL,13441.466797,15600.000000
2024-04-11,PFCORFICOL.CL,13992.911133,16240.000000
2024-04-12,PFCORFICOL.CL,13786.119141,16000.000000
2024-04-15,PFCORFICOL.CL,13699.956055,15900.000000
2024-04-16,PFCORFICOL.CL,13837.817383,16060.000000
2024-04-17,PFCORFICOL.CL,13527.629883,15700.000000
2024-04-18,PFCORFICOL.CL,13010.649414,15100.000000
2024-04-19,PFCORFICOL.CL,13648.257812,15840.000000
2024-04-22,PFCORFICOL.CL,13889.515625,16120.000000
2024-04-23,PFCORFICOL.CL,13872.283203,16100.000000
2024-04-24,PFCORFICOL.CL,13872.283203,16100.000000
2024-04-25,PFCORFICOL.CL,13613.791992,15800.000000
2024-04-26,PFCORFICOL.CL,13699.956055,15900.000000
2024-04-29,PFCORFICOL.CL,13855.049805,16080.000000
2024-04-30,PFCORFICOL.CL,13613.791992,15800.000000
2024-05-02,PFCORFICOL.CL,13665.490234,15860.000000
2024-05-03,PFCORFICOL.CL,10977.198242,12740.000000
2024-05-06,PFCORFICOL.CL,13786.119141,16000.000000
2024-05-07,PFCORFICOL.CL,13906.747070,16140.000000
2024-05-08,PFCORFICOL.CL,14027.375977,16280.000000
2024-05-09,PFCORFICOL.CL,13872.283203,16100.000000
2024-05-10,PFCORFICOL.CL,13923.980469,16160.000000
2024-05-14,PFCORFICOL.CL,13062.347656,15160.000000
2024-05-15,PFCORFICOL.CL,12872.789062,14940.000000
2024-05-16,PFCORFICOL.CL,12838.324219,14900.000000
2024-05-17,PFCORFICOL.CL,13079.581055,15180.000000
2024-05-20,PFCORFICOL.CL,12993.416992,15080.000000
2024-05-21,PFCORFICOL.CL,12717.695312,14760.000000
2024-05-22,PFCORFICOL.CL,12838.324219,14900.000000
2024-05-23,PFCORFICOL.CL,12838.324219,14900.000000
2024-05-24,PFCORFICOL.CL,12855.556641,14920.000000
2024-05-27,PFCORFICOL.CL,12855.556641,14920.000000
2024-05-28,PFCORFICOL.CL,12734.927734,14780.000000
2024-05-29,PFCORFICOL.CL,12562.601562,14580.000000
2024-05-30,PFCORFICOL.CL,12562.601562,14580.000000
2024-05-31,PFCORFICOL.CL,12821.090820,14880.000000
2023-05-01,PFDAVVNDA.CL,19645.095703,21100.000000
2023-05-02,PFDAVVNDA.CL,18993.363281,20400.000000
2023-05-03,PFDAVVNDA.CL,19011.984375,20420.000000
2023-05-04,PFDAVVNDA.CL,18807.154297,20200.000000
2023-05-05,PFDAVVNDA.CL,18350.939453,19710.000000
2023-05-08,PFDAVVNDA.CL,18518.529297,19890.000000
2023-05-09,PFDAVVNDA.CL,18434.734375,19800.000000
2023-05-10,PFDAVVNDA.CL,18499.908203,19870.000000
2023-05-11,PFDAVVNDA.CL,18043.695312,19380.000000
2023-05-12,PFDAVVNDA.CL,18146.111328,19490.000000
2023-05-15,PFDAVVNDA.CL,18155.419922,19500.000000
2023-05-16,PFDAVVNDA.CL,17689.896484,19000.000000
2023-05-17,PFDAVVNDA.CL,17671.277344,18980.000000
2023-05-18,PFDAVVNDA.CL,17689.896484,19000.000000
2023-05-19,PFDAVVNDA.CL,17689.896484,19000.000000
2023-05-22,PFDAVVNDA.CL,17689.896484,19000.000000
2023-05-23,PFDAVVNDA.CL,17596.791016,18900.000000
2023-05-24,PFDAVVNDA.CL,17596.791016,18900.000000
2023-05-25,PFDAVVNDA.CL,17224.375000,18500.000000
2023-05-26,PFDAVVNDA.CL,17067.074219,18331.050781
2023-05-29,PFDAVVNDA.CL,16945.060547,18200.000000
2023-05-30,PFDAVVNDA.CL,16665.746094,17900.000000
2023-05-31,PFDAVVNDA.CL,16488.845703,17710.000000
2023-06-01,PFDAVVNDA.CL,17410.583984,18700.000000
2023-06-02,PFDAVVNDA.CL,17941.279297,19270.000000
2023-06-05,PFDAVVNDA.CL,18146.111328,19490.000000
2023-06-06,PFDAVVNDA.CL,18844.394531,20240.000000
2023-06-07,PFDAVVNDA.CL,19179.574219,20600.000000
2023-06-08,PFDAVVNDA.CL,19030.605469,20440.000000
2023-06-13,PFDAVVNDA.CL,19365.783203,20800.000000
2023-06-14,PFDAVVNDA.CL,19086.468750,20500.000000
2023-06-15,PFDAVVNDA.CL,19086.468750,20500.000000
2023-06-16,PFDAVVNDA.CL,19002.673828,20410.000000
2023-06-19,PFDAVVNDA.CL,19002.673828,20410.000000
2023-06-20,PFDAVVNDA.CL,18993.363281,20400.000000
2023-06-21,PFDAVVNDA.CL,18714.048828,20100.000000
2023-06-22,PFDAVVNDA.CL,18890.947266,20290.000000
2023-06-23,PFDAVVNDA.CL,18620.945312,20000.000000
2023-06-26,PFDAVVNDA.CL,18360.251953,19720.000000
2023-06-27,PFDAVVNDA.CL,18788.533203,20180.000000
2023-06-28,PFDAVVNDA.CL,18620.945312,20000.000000
2023-06-29,PFDAVVNDA.CL,18620.945312,20000.000000
2023-06-30,PFDAVVNDA.CL,18257.837891,19610.000000
2023-07-03,PFDAVVNDA.CL,18257.837891,19610.000000
2023-07-04,PFDAVVNDA.CL,18248.525391,19600.000000
2023-07-05,PFDAVVNDA.CL,17503.689453,18800.000000
2023-07-06,PFDAVVNDA.CL,17503.689453,18800.000000
2023-07-07,PFDAVVNDA.CL,17680.585938,18990.000000
2023-07-10,PFDAVVNDA.CL,18006.453125,19340.000000
2023-07-11,PFDAVVNDA.CL,18248.525391,19600.000000
2023-07-12,PFDAVVNDA.CL,18471.978516,19840.000000
2023-07-13,PFDAVVNDA.CL,18620.945312,20000.000000
2023-07-14,PFDAVVNDA.CL,18471.978516,19840.000000
2023-07-17,PFDAVVNDA.CL,18471.978516,19840.000000
2023-07-18,PFDAVVNDA.CL,18555.771484,19930.000000
2023-07-19,PFDAVVNDA.CL,18807.154297,20200.000000
2023-07-20,PFDAVVNDA.CL,18807.154297,20200.000000
2023-07-21,PFDAVVNDA.CL,18993.363281,20400.000000
2023-07-24,PFDAVVNDA.CL,18723.359375,20110.000000
2023-07-25,PFDAVVNDA.CL,18620.945312,20000.000000
2023-07-26,PFDAVVNDA.CL,18620.945312,20000.000000
2023-07-27,PFDAVVNDA.CL,18490.597656,19860.000000
2023-07-28,PFDAVVNDA.CL,18434.734375,19800.000000
2023-07-31,PFDAVVNDA.CL,18434.734375,19800.000000
2023-08-01,PFDAVVNDA.CL,18714.048828,20100.000000
2023-08-02,PFDAVVNDA.CL,18586.822266,19963.349609
2023-08-03,PFDAVVNDA.CL,18527.839844,19900.000000
2023-08-04,PFDAVVNDA.CL,18527.839844,19900.000000
2023-08-07,PFDAVVNDA.CL,18527.839844,19900.000000
2023-08-08,PFDAVVNDA.CL,18350.939453,19710.000000
2023-08-09,PFDAVVNDA.CL,18620.945312,20000.000000
2023-08-10,PFDAVVNDA.CL,18434.734375,19800.000000
2023-08-11,PFDAVVNDA.CL,18062.316406,19400.000000
2023-08-14,PFDAVVNDA.CL,18062.316406,19400.000000
2023-08-15,PFDAVVNDA.CL,16982.300781,18240.000000
2023-08-16,PFDAVVNDA.CL,17634.035156,18940.000000
2023-08-17,PFDAVVNDA.CL,17634.035156,18940.000000
2023-08-18,PFDAVVNDA.CL,17224.375000,18500.000000
2023-08-21,PFDAVVNDA.CL,17224.375000,18500.000000
2023-08-22,PFDAVVNDA.CL,16554.019531,17780.000000
2023-08-23,PFDAVVNDA.CL,16647.123047,17880.000000
2023-08-24,PFDAVVNDA.CL,17196.441406,18470.000000
2023-08-25,PFDAVVNDA.CL,16851.955078,18100.000000
2023-08-28,PFDAVVNDA.CL,16572.640625,17800.000000
2023-08-29,PFDAVVNDA.CL,16572.640625,17800.000000
2023-08-30,PFDAVVNDA.CL,17112.648438,18380.000000
2023-08-31,PFDAVVNDA.CL,17112.648438,18380.000000
2023-09-01,PFDAVVNDA.CL,16972.990234,18230.000000
2023-09-04,PFDAVVNDA.CL,16888.843750,18139.619141
2023-09-05,PFDAVVNDA.CL,16572.640625,17800.000000
2023-09-06,PFDAVVNDA.CL,16544.708984,17770.000000
2023-09-07,PFDAVVNDA.CL,16290.764648,17000.000000
2023-09-08,PFDAVVNDA.CL,16290.764648,17000.000000
2023-09-11,PFDAVVNDA.CL,16194.936523,16900.000000
2023-09-12,PFDAVVNDA.CL,15907.452148,16600.000000
2023-09-13,PFDAVVNDA.CL,15332.484375,16000.000000
2023-09-14,PFDAVVNDA.CL,15332.484375,16000.000000
2023-09-15,PFDAVVNDA.CL,15150.411133,15810.000000
2023-09-18,PFDAVVNDA.CL,15763.709961,16450.000000
2023-09-19,PFDAVVNDA.CL,16003.280273,16700.000000
2023-09-20,PFDAVVNDA.CL,15715.795898,16400.000000
2023-09-21,PFDAVVNDA.CL,15572.054688,16250.000000
2023-09-22,PFDAVVNDA.CL,15524.140625,16200.000000
2023-09-25,PFDAVVNDA.CL,15725.378906,16410.000000
2023-09-26,PFDAVVNDA.CL,15696.630859,16380.000000
2023-09-27,PFDAVVNDA.CL,16194.936523,16900.000000
2023-09-28,PFDAVVNDA.CL,16568.666016,17290.000000
2023-09-29,PFDAVVNDA.CL,16769.904297,17500.000000
2023-10-02,PFDAVVNDA.CL,16568.666016,17290.000000
2023-10-03,PFDAVVNDA.CL,16099.108398,16800.000000
2023-10-04,PFDAVVNDA.CL,15485.809570,16160.000000
2023-10-05,PFDAVVNDA.CL,15524.140625,16200.000000
2023-10-06,PFDAVVNDA.CL,15342.067383,16010.000000
2023-10-09,PFDAVVNDA.CL,15342.067383,16010.000000
2023-10-10,PFDAVVNDA.CL,15524.140625,16200.000000
2023-10-11,PFDAVVNDA.CL,15524.140625,16200.000000
2023-10-12,PFDAVVNDA.CL,15754.127930,16440.000000
2023-10-13,PFDAVVNDA.CL,15811.624023,16500.000000
2023-10-16,PFDAVVNDA.CL,15811.624023,16500.000000
2023-10-17,PFDAVVNDA.CL,15811.624023,16500.000000
2023-10-18,PFDAVVNDA.CL,15773.292969,16460.000000
2023-10-19,PFDAVVNDA.CL,15811.624023,16500.000000
2023-10-20,PFDAVVNDA.CL,15629.550781,16310.000000
2023-10-23,PFDAVVNDA.CL,15476.226562,16150.000000
2023-10-24,PFDAVVNDA.CL,15687.047852,16370.000000
2023-10-25,PFDAVVNDA.CL,15730.667969,16415.519531
2023-10-26,PFDAVVNDA.CL,15476.226562,16150.000000
2023-10-27,PFDAVVNDA.CL,15619.968750,16300.000000
2023-10-30,PFDAVVNDA.CL,15332.484375,16000.000000
2023-10-31,PFDAVVNDA.CL,15332.484375,16000.000000
2023-11-01,PFDAVVNDA.CL,15140.828125,15800.000000
2023-11-02,PFDAVVNDA.CL,15332.484375,16000.000000
2023-11-03,PFDAVVNDA.CL,15045.000000,15700.000000
2023-11-06,PFDAVVNDA.CL,15045.000000,15700.000000
2023-11-07,PFDAVVNDA.CL,14757.515625,15400.000000
2023-11-08,PFDAVVNDA.CL,14949.171875,15600.000000
2023-11-09,PFDAVVNDA.CL,15217.490234,15880.000000
2023-11-10,PFDAVVNDA.CL,15198.325195,15860.000000
2023-11-13,PFDAVVNDA.CL,15198.325195,15860.000000
2023-11-14,PFDAVVNDA.CL,15102.497070,15760.000000
2023-11-15,PFDAVVNDA.CL,14891.675781,15540.000000
2023-11-16,PFDAVVNDA.CL,14891.675781,15540.000000
2023-11-17,PFDAVVNDA.CL,15140.828125,15800.000000
2023-11-20,PFDAVVNDA.CL,14872.509766,15520.000000
2023-11-21,PFDAVVNDA.CL,15102.497070,15760.000000
2023-11-22,PFDAVVNDA.CL,14968.337891,15620.000000
2023-11-23,PFDAVVNDA.CL,14968.337891,15620.000000
2023-11-24,PFDAVVNDA.CL,14949.171875,15600.000000
2023-11-27,PFDAVVNDA.CL,14949.171875,15600.000000
2023-11-28,PFDAVVNDA.CL,14700.019531,15340.000000
2023-11-29,PFDAVVNDA.CL,15332.484375,16000.000000
2023-11-30,PFDAVVNDA.CL,14757.515625,15400.000000
2023-12-01,PFDAVVNDA.CL,14910.840820,15560.000000
2023-12-04,PFDAVVNDA.CL,15198.325195,15860.000000
2023-12-05,PFDAVVNDA.CL,15121.662109,15780.000000
2023-12-06,PFDAVVNDA.CL,15025.834961,15680.000000
2023-12-07,PFDAVVNDA.CL,15159.994141,15820.000000
2023-12-08,PFDAVVNDA.CL,15159.994141,15820.000000
2023-12-11,PFDAVVNDA.CL,14891.675781,15540.000000
2023-12-12,PFDAVVNDA.CL,15217.490234,15880.000000
2023-12-13,PFDAVVNDA.CL,15332.484375,16000.000000
2023-12-14,PFDAVVNDA.CL,15504.974609,16180.000000
2023-12-15,PFDAVVNDA.CL,16079.942383,16780.000000
2023-12-18,PFDAVVNDA.CL,16271.598633,16980.000000
2023-12-19,PFDAVVNDA.CL,16750.738281,17480.000000
2023-12-20,PFDAVVNDA.CL,17210.712891,17960.000000
2023-12-21,PFDAVVNDA.CL,16750.738281,17480.000000
2023-12-22,PFDAVVNDA.CL,16980.726562,17720.000000
2023-12-25,PFDAVVNDA.CL,16980.726562,17720.000000
2023-12-26,PFDAVVNDA.CL,17709.019531,18480.000000
2023-12-27,PFDAVVNDA.CL,18168.994141,18960.000000
2023-12-28,PFDAVVNDA.CL,18379.816406,19180.000000
2023-12-29,PFDAVVNDA.CL,18379.816406,19180.000000
2024-01-01,PFDAVVNDA.CL,18379.816406,19180.000000
2024-01-02,PFDAVVNDA.CL,18686.464844,19500.000000
2024-01-03,PFDAVVNDA.CL,18494.808594,19300.000000
2024-01-04,PFDAVVNDA.CL,18839.789062,19660.000000
2024-01-05,PFDAVVNDA.CL,19146.439453,19980.000000
2024-01-08,PFDAVVNDA.CL,19146.439453,19980.000000
2024-01-09,PFDAVVNDA.CL,19184.771484,20020.000000
2024-01-10,PFDAVVNDA.CL,19548.917969,20400.000000
2024-01-11,PFDAVVNDA.CL,19472.255859,20320.000000
2024-01-12,PFDAVVNDA.CL,19395.591797,20240.000000
2024-01-15,PFDAVVNDA.CL,19548.917969,20400.000000
2024-01-16,PFDAVVNDA.CL,19644.746094,20500.000000
2024-01-17,PFDAVVNDA.CL,19261.433594,20100.000000
2024-01-18,PFDAVVNDA.CL,19357.261719,20200.000000
2024-01-19,PFDAVVNDA.CL,19357.261719,20200.000000
2024-01-22,PFDAVVNDA.CL,19357.261719,20200.000000
2024-01-23,PFDAVVNDA.CL,19453.089844,20300.000000
2024-01-24,PFDAVVNDA.CL,19453.089844,20300.000000
2024-01-25,PFDAVVNDA.CL,19453.089844,20300.000000
2024-01-26,PFDAVVNDA.CL,19453.089844,20300.000000
2024-01-29,PFDAVVNDA.CL,20392.203125,21280.000000
2024-01-30,PFDAVVNDA.CL,20622.191406,21520.000000
2024-01-31,PFDAVVNDA.CL,20948.005859,21860.000000
2024-02-01,PFDAVVNDA.CL,19069.777344,19900.000000
2024-02-02,PFDAVVNDA.CL,18590.636719,19400.000000
2024-02-05,PFDAVVNDA.CL,18782.292969,19600.000000
2024-02-06,PFDAVVNDA.CL,19031.445312,19860.000000
2024-02-07,PFDAVVNDA.CL,19242.267578,20080.000000
2024-02-08,PFDAVVNDA.CL,18935.617188,19760.000000
2024-02-09,PFDAVVNDA.CL,18590.636719,19400.000000
2024-02-12,PFDAVVNDA.CL,19050.611328,19880.000000
2024-02-13,PFDAVVNDA.CL,18494.808594,19300.000000
2024-02-14,PFDAVVNDA.CL,18207.324219,19000.000000
2024-02-15,PFDAVVNDA.CL,18207.324219,19000.000000
2024-02-16,PFDAVVNDA.CL,18207.324219,19000.000000
2024-02-19,PFDAVVNDA.CL,18782.292969,19600.000000
2024-02-20,PFDAVVNDA.CL,19069.777344,19900.000000
2024-02-21,PFDAVVNDA.CL,18878.121094,19700.000000
2024-02-22,PFDAVVNDA.CL,18590.636719,19400.000000
2024-02-23,PFDAVVNDA.CL,19165.605469,20000.000000
2024-02-26,PFDAVVNDA.CL,19165.605469,20000.000000
2024-02-27,PFDAVVNDA.CL,19165.605469,20000.000000
2024-02-28,PFDAVVNDA.CL,19740.574219,20600.000000
2024-02-29,PFDAVVNDA.CL,19165.605469,20000.000000
2024-03-01,PFDAVVNDA.CL,19146.439453,19980.000000
2024-03-04,PFDAVVNDA.CL,18973.949219,19800.000000
2024-03-05,PFDAVVNDA.CL,19165.605469,20000.000000
2024-03-06,PFDAVVNDA.CL,19184.771484,20020.000000
2024-03-07,PFDAVVNDA.CL,19568.083984,20420.000000
2024-03-08,PFDAVVNDA.CL,20258.044922,21140.000000
2024-03-11,PFDAVVNDA.CL,19932.230469,20800.000000
2024-03-12,PFDAVVNDA.CL,19548.917969,20400.000000
2024-03-13,PFDAVVNDA.CL,19568.083984,20420.000000
2024-03-14,PFDAVVNDA.CL,19529.751953,20380.000000
2024-03-15,PFDAVVNDA.CL,18303.152344,19100.000000
2024-03-18,PFDAVVNDA.CL,19644.746094,20500.000000
2024-03-19,PFDAVVNDA.CL,19740.574219,20600.000000
2024-03-20,PFDAVVNDA.CL,19184.771484,20020.000000
2024-03-21,PFDAVVNDA.CL,19242.267578,20080.000000
2024-03-22,PFDAVVNDA.CL,19453.089844,20300.000000
2024-03-25,PFDAVVNDA.CL,19453.089844,20300.000000
2024-03-26,PFDAVVNDA.CL,19069.777344,19900.000000
2024-03-27,PFDAVVNDA.CL,19453.089844,20300.000000
2024-03-28,PFDAVVNDA.CL,19453.089844,20300.000000
2024-03-29,PFDAVVNDA.CL,19453.089844,20300.000000
2024-04-01,PFDAVVNDA.CL,20507.197266,21400.000000
2024-04-02,PFDAVVNDA.CL,20008.892578,20880.000000
2024-04-03,PFDAVVNDA.CL,19836.402344,20700.000000
2024-04-04,PFDAVVNDA.CL,20698.853516,21600.000000
2024-04-05,PFDAVVNDA.CL,21273.822266,22200.000000
2024-04-08,PFDAVVNDA.CL,21752.962891,22700.000000
2024-04-09,PFDAVVNDA.CL,21618.802734,22560.000000
2024-04-10,PFDAVVNDA.CL,21350.484375,22280.000000
2024-04-11,PFDAVVNDA.CL,21848.791016,22800.000000
2024-04-12,PFDAVVNDA.CL,21561.306641,22500.000000
2024-04-15,PFDAVVNDA.CL,21369.650391,22300.000000
2024-04-16,PFDAVVNDA.CL,20507.197266,21400.000000
2024-04-17,PFDAVVNDA.CL,20411.369141,21300.000000
2024-04-18,PFDAVVNDA.CL,20066.388672,20940.000000
2024-04-19,PFDAVVNDA.CL,19932.230469,20800.000000
2024-04-22,PFDAVVNDA.CL,20219.712891,21100.000000
2024-04-23,PFDAVVNDA.CL,20123.884766,21000.000000
2024-04-24,PFDAVVNDA.CL,20123.884766,21000.000000
2024-04-25,PFDAVVNDA.CL,20794.681641,21700.000000
2024-04-26,PFDAVVNDA.CL,21082.166016,22000.000000
2024-04-29,PFDAVVNDA.CL,20794.681641,21700.000000
2024-04-30,PFDAVVNDA.CL,20123.884766,21000.000000
2024-05-02,PFDAVVNDA.CL,20603.025391,21500.000000
2024-05-03,PFDAVVNDA.CL,18973.949219,19800.000000
2024-05-06,PFDAVVNDA.CL,20890.509766,21800.000000
2024-05-07,PFDAVVNDA.CL,20679.687500,21580.000000
2024-05-08,PFDAVVNDA.CL,20986.337891,21900.000000
2024-05-09,PFDAVVNDA.CL,20813.847656,21720.000000
2024-05-10,PFDAVVNDA.CL,20737.185547,21640.000000
2024-05-14,PFDAVVNDA.CL,20986.337891,21900.000000
2024-05-15,PFDAVVNDA.CL,20986.337891,21900.000000
2024-05-16,PFDAVVNDA.CL,20967.171875,21880.000000
2024-05-17,PFDAVVNDA.CL,21427.146484,22360.000000
2024-05-20,PFDAVVNDA.CL,21791.292969,22740.000000
2024-05-21,PFDAVVNDA.CL,22136.273438,23100.000000
2024-05-22,PFDAVVNDA.CL,21216.324219,22140.000000
2024-05-23,PFDAVVNDA.CL,21216.324219,22140.000000
2024-05-24,PFDAVVNDA.CL,20909.675781,21820.000000
2024-05-27,PFDAVVNDA.CL,20258.044922,21140.000000
2024-05-28,PFDAVVNDA.CL,20545.529297,21440.000000
2024-05-29,PFDAVVNDA.CL,20315.541016,21200.000000
2024-05-30,PFDAVVNDA.CL,20315.541016,21200.000000
2024-05-31,PFDAVVNDA.CL,20123.884766,21000.000000
2023-05-01,PFGRUPOARG.CL,4691.190918,5675.000000
2023-05-02,PFGRUPOARG.CL,4609.997559,5576.779785
2023-05-03,PFGRUPOARG.CL,4596.126953,5560.000000
2023-05-04,PFGRUPOARG.CL,4604.393555,5570.000000
2023-05-05,PFGRUPOARG.CL,4385.333984,5305.000000
2023-05-08,PFGRUPOARG.CL,4425.416992,5353.490234
2023-05-09,PFGRUPOARG.CL,4449.926758,5383.140137
2023-05-10,PFGRUPOARG.CL,4546.528809,5500.000000
2023-05-11,PFGRUPOARG.CL,4298.536621,5200.000000
2023-05-12,PFGRUPOARG.CL,4600.260254,5565.000000
2023-05-15,PFGRUPOARG.CL,4546.528809,5500.000000
2023-05-16,PFGRUPOARG.CL,4546.528809,5500.000000
2023-05-17,PFGRUPOARG.CL,4389.466797,5310.000000
2023-05-18,PFGRUPOARG.CL,4463.864258,5400.000000
2023-05-19,PFGRUPOARG.CL,4483.306641,5423.520020
2023-05-22,PFGRUPOARG.CL,4483.306641,5423.520020
2023-05-23,PFGRUPOARG.CL,4372.934570,5290.000000
2023-05-24,PFGRUPOARG.CL,4455.598145,5390.000000
2023-05-25,PFGRUPOARG.CL,4455.598145,5390.000000
2023-05-26,PFGRUPOARG.CL,4455.598145,5390.000000
2023-05-29,PFGRUPOARG.CL,4455.598145,5390.000000
2023-05-30,PFGRUPOARG.CL,4455.598145,5390.000000
2023-05-31,PFGRUPOARG.CL,4455.598145,5390.000000
2023-06-01,PFGRUPOARG.CL,4455.598145,5390.000000
2023-06-02,PFGRUPOARG.CL,4455.598145,5390.000000
2023-06-05,PFGRUPOARG.CL,4455.598145,5390.000000
2023-06-06,PFGRUPOARG.CL,4455.598145,5390.000000
2023-06-07,PFGRUPOARG.CL,4455.598145,5390.000000
2023-06-08,PFGRUPOARG.CL,4455.598145,5390.000000
2023-06-09,PFGRUPOARG.CL,4455.598145,5390.000000
2023-06-12,PFGRUPOARG.CL,4455.598145,5390.000000
2023-06-13,PFGRUPOARG.CL,4455.598145,5390.000000
2023-06-14,PFGRUPOARG.CL,4455.598145,5390.000000
2023-06-15,PFGRUPOARG.CL,4455.598145,5390.000000
2023-06-16,PFGRUPOARG.CL,5017.714355,6070.000000
2023-06-19,PFGRUPOARG.CL,5017.714355,6070.000000
2023-06-20,PFGRUPOARG.CL,5050.780273,6110.000000
2023-06-21,PFGRUPOARG.CL,4959.849121,6000.000000
2023-06-22,PFGRUPOARG.CL,4835.852051,5850.000000
2023-06-23,PFGRUPOARG.CL,5017.714355,6070.000000
2023-06-26,PFGRUPOARG.CL,4959.849121,6000.000000
2023-06-27,PFGRUPOARG.CL,5009.448242,6060.000000
2023-06-28,PFGRUPOARG.CL,4984.862793,6030.259766
2023-06-29,PFGRUPOARG.CL,4976.382324,6020.000000
2023-06-30,PFGRUPOARG.CL,4968.116211,6010.000000
2023-07-03,PFGRUPOARG.CL,4968.116211,6010.000000
2023-07-04,PFGRUPOARG.CL,5034.247070,6090.000000
2023-07-05,PFGRUPOARG.CL,5223.679688,6170.000000
2023-07-06,PFGRUPOARG.CL,5079.752930,6000.000000
2023-07-07,PFGRUPOARG.CL,5155.949707,6090.000000
2023-07-10,PFGRUPOARG.CL,5117.850098,6045.000000
2023-07-11,PFGRUPOARG.CL,5079.752930,6000.000000
2023-07-12,PFGRUPOARG.CL,5130.551270,6060.000000
2023-07-13,PFGRUPOARG.CL,5164.416016,6100.000000
2023-07-14,PFGRUPOARG.CL,5223.679688,6170.000000
2023-07-17,PFGRUPOARG.CL,5215.212891,6160.000000
2023-07-18,PFGRUPOARG.CL,5236.378418,6185.000000
2023-07-19,PFGRUPOARG.CL,5122.084473,6050.000000
2023-07-20,PFGRUPOARG.CL,5122.084473,6050.000000
2023-07-21,PFGRUPOARG.CL,5139.017090,6070.000000
2023-07-24,PFGRUPOARG.CL,5134.783691,6065.000000
2023-07-25,PFGRUPOARG.CL,5088.219727,6010.000000
2023-07-26,PFGRUPOARG.CL,5147.483887,6080.000000
2023-07-27,PFGRUPOARG.CL,5151.715820,6085.000000
2023-07-28,PFGRUPOARG.CL,5147.483887,6080.000000
2023-07-31,PFGRUPOARG.CL,5147.483887,6080.000000
2023-08-01,PFGRUPOARG.CL,5342.207031,6310.000000
2023-08-02,PFGRUPOARG.CL,5353.246582,6323.040039
2023-08-03,PFGRUPOARG.CL,5291.409180,6250.000000
2023-08-04,PFGRUPOARG.CL,5291.409180,6250.000000
2023-08-07,PFGRUPOARG.CL,5291.409180,6250.000000
2023-08-08,PFGRUPOARG.CL,5249.077637,6200.000000
2023-08-09,PFGRUPOARG.CL,5329.507812,6295.000000
2023-08-10,PFGRUPOARG.CL,5281.994141,6238.879883
2023-08-11,PFGRUPOARG.CL,5325.273926,6290.000000
2023-08-14,PFGRUPOARG.CL,5147.483887,6080.000000
2023-08-15,PFGRUPOARG.CL,5100.918945,6025.000000
2023-08-16,PFGRUPOARG.CL,5105.151367,6030.000000
2023-08-17,PFGRUPOARG.CL,4999.324219,5905.000000
2023-08-18,PFGRUPOARG.CL,4990.857910,5895.000000
2023-08-21,PFGRUPOARG.CL,4990.857910,5895.000000
2023-08-22,PFGRUPOARG.CL,4995.090332,5900.000000
2023-08-23,PFGRUPOARG.CL,4834.231934,5710.000000
2023-08-24,PFGRUPOARG.CL,4834.231934,5710.000000
2023-08-25,PFGRUPOARG.CL,4995.090332,5900.000000
2023-08-28,PFGRUPOARG.CL,4893.494629,5780.000000
2023-08-29,PFGRUPOARG.CL,4711.471191,5565.000000
2023-08-30,PFGRUPOARG.CL,4741.102539,5600.000000
2023-08-31,PFGRUPOARG.CL,4546.379395,5370.000000
2023-09-01,PFGRUPOARG.CL,4741.102539,5600.000000
2023-09-04,PFGRUPOARG.CL,4656.440430,5500.000000
2023-09-05,PFGRUPOARG.CL,4508.280273,5325.000000
2023-09-06,PFGRUPOARG.CL,4609.875000,5445.000000
2023-09-07,PFGRUPOARG.CL,4910.428223,5800.000000
2023-09-08,PFGRUPOARG.CL,4910.428223,5800.000000
2023-09-11,PFGRUPOARG.CL,4825.765137,5700.000000
2023-09-12,PFGRUPOARG.CL,4656.440430,5500.000000
2023-09-13,PFGRUPOARG.CL,4741.102539,5600.000000
2023-09-14,PFGRUPOARG.CL,4855.396973,5735.000000
2023-09-15,PFGRUPOARG.CL,4825.765137,5700.000000
2023-09-18,PFGRUPOARG.CL,4783.434082,5650.000000
2023-09-19,PFGRUPOARG.CL,4656.440430,5500.000000
2023-09-20,PFGRUPOARG.CL,4868.096680,5750.000000
2023-09-21,PFGRUPOARG.CL,4910.428223,5800.000000
2023-09-22,PFGRUPOARG.CL,4999.324219,5905.000000
2023-09-25,PFGRUPOARG.CL,4982.391113,5885.000000
2023-09-26,PFGRUPOARG.CL,5041.654297,5955.000000
2023-09-27,PFGRUPOARG.CL,5003.557129,5910.000000
2023-09-28,PFGRUPOARG.CL,5376.072266,6350.000000
2023-09-29,PFGRUPOARG.CL,5600.427246,6615.000000
2023-10-02,PFGRUPOARG.CL,5748.587402,6790.000000
2023-10-03,PFGRUPOARG.CL,5587.728516,6600.000000
2023-10-04,PFGRUPOARG.CL,5799.384766,6850.000000
2023-10-05,PFGRUPOARG.CL,6036.115723,6980.000000
2023-10-06,PFGRUPOARG.CL,6010.172852,6950.000000
2023-10-09,PFGRUPOARG.CL,5923.696289,6850.000000
2023-10-10,PFGRUPOARG.CL,5638.321289,6520.000000
2023-10-11,PFGRUPOARG.CL,5867.486328,6785.000000
2023-10-12,PFGRUPOARG.CL,5737.770020,6635.000000
2023-10-13,PFGRUPOARG.CL,5837.218262,6750.000000
2023-10-16,PFGRUPOARG.CL,5837.218262,6750.000000
2023-10-17,PFGRUPOARG.CL,5690.206543,6580.000000
2023-10-18,PFGRUPOARG.CL,5625.348633,6505.000000
2023-10-19,PFGRUPOARG.CL,5768.037109,6670.000000
2023-10-20,PFGRUPOARG.CL,5690.206543,6580.000000
2023-10-23,PFGRUPOARG.CL,5707.502930,6600.000000
2023-10-24,PFGRUPOARG.CL,5759.389160,6660.000000
2023-10-25,PFGRUPOARG.CL,5707.502930,6600.000000
2023-10-26,PFGRUPOARG.CL,5659.939941,6545.000000
2023-10-27,PFGRUPOARG.CL,5707.502930,6600.000000
2023-10-30,PFGRUPOARG.CL,5582.109863,6455.000000
2023-10-31,PFGRUPOARG.CL,5621.025879,6500.000000
2023-11-01,PFGRUPOARG.CL,5768.037109,6670.000000
2023-11-02,PFGRUPOARG.CL,5724.798340,6620.000000
2023-11-03,PFGRUPOARG.CL,5560.491211,6430.000000
2023-11-06,PFGRUPOARG.CL,5560.491211,6430.000000
2023-11-07,PFGRUPOARG.CL,5621.025879,6500.000000
2023-11-08,PFGRUPOARG.CL,5733.446777,6630.000000
2023-11-09,PFGRUPOARG.CL,5793.979492,6700.000000
2023-11-10,PFGRUPOARG.CL,5871.809570,6790.000000
2023-11-13,PFGRUPOARG.CL,5871.809570,6790.000000
2023-11-14,PFGRUPOARG.CL,5932.343750,6860.000000
2023-11-15,PFGRUPOARG.CL,5940.991211,6870.000000
2023-11-16,PFGRUPOARG.CL,5897.752930,6820.000000
2023-11-17,PFGRUPOARG.CL,6010.172852,6950.000000
2023-11-20,PFGRUPOARG.CL,6010.172852,6950.000000
2023-11-21,PFGRUPOARG.CL,6053.411621,7000.000000
2023-11-22,PFGRUPOARG.CL,6139.889160,7100.000000
2023-11-23,PFGRUPOARG.CL,6088.002930,7040.000000
2023-11-24,PFGRUPOARG.CL,6062.059082,7010.000000
2023-11-27,PFGRUPOARG.CL,6062.059082,7010.000000
2023-11-28,PFGRUPOARG.CL,5932.343750,6860.000000
2023-11-29,PFGRUPOARG.CL,6226.366699,7200.000000
2023-11-30,PFGRUPOARG.CL,6399.320801,7400.000000
2023-12-01,PFGRUPOARG.CL,6338.786621,7330.000000
2023-12-04,PFGRUPOARG.CL,6269.605469,7250.000000
2023-12-05,PFGRUPOARG.CL,6459.854980,7470.000000
2023-12-06,PFGRUPOARG.CL,6356.082520,7350.000000
2023-12-07,PFGRUPOARG.CL,6425.263672,7430.000000
2023-12-08,PFGRUPOARG.CL,6425.263672,7430.000000
2023-12-11,PFGRUPOARG.CL,6503.093750,7520.000000
2023-12-12,PFGRUPOARG.CL,6831.707031,7900.000000
2023-12-13,PFGRUPOARG.CL,6866.298828,7940.000000
2023-12-14,PFGRUPOARG.CL,6883.593750,7960.000000
2023-12-15,PFGRUPOARG.CL,7004.662598,8100.000000
2023-12-18,PFGRUPOARG.CL,7125.730957,8240.000000
2023-12-19,PFGRUPOARG.CL,7143.025391,8260.000000
2023-12-20,PFGRUPOARG.CL,6918.184570,8000.000000
2023-12-21,PFGRUPOARG.CL,6823.060547,7890.000000
2023-12-22,PFGRUPOARG.CL,6883.593750,7960.000000
2023-12-25,PFGRUPOARG.CL,6883.593750,7960.000000
2023-12-26,PFGRUPOARG.CL,7177.617188,8300.000000
2023-12-27,PFGRUPOARG.CL,7264.093750,8400.000000
2023-12-28,PFGRUPOARG.CL,7315.980469,8460.000000
2023-12-29,PFGRUPOARG.CL,7315.980469,8460.000000
2024-01-01,PFGRUPOARG.CL,7315.980469,8460.000000
2024-01-02,PFGRUPOARG.CL,7644.593750,8840.000000
2024-01-03,PFGRUPOARG.CL,7782.958496,9000.000000
2024-01-04,PFGRUPOARG.CL,7997.167480,9100.000000
2024-01-05,PFGRUPOARG.CL,8102.624023,9220.000000
2024-01-08,PFGRUPOARG.CL,8102.624023,9220.000000
2024-01-09,PFGRUPOARG.CL,8322.327148,9470.000000
2024-01-10,PFGRUPOARG.CL,8357.480469,9510.000000
2024-01-11,PFGRUPOARG.CL,8436.572266,9600.000000
2024-01-12,PFGRUPOARG.CL,8436.572266,9600.000000
2024-01-15,PFGRUPOARG.CL,8594.757812,9780.000000
2024-01-16,PFGRUPOARG.CL,9104.468750,10360.000000
2024-01-17,PFGRUPOARG.CL,9034.163086,10280.000000
2024-01-18,PFGRUPOARG.CL,9104.468750,10360.000000
2024-01-19,PFGRUPOARG.CL,8893.553711,10120.000000
2024-01-22,PFGRUPOARG.CL,8893.553711,10120.000000
2024-01-23,PFGRUPOARG.CL,9086.892578,10340.000000
2024-01-24,PFGRUPOARG.CL,9086.892578,10340.000000
2024-01-25,PFGRUPOARG.CL,9086.892578,10340.000000
2024-01-26,PFGRUPOARG.CL,9086.892578,10340.000000
2024-01-29,PFGRUPOARG.CL,8999.009766,10240.000000
2024-01-30,PFGRUPOARG.CL,9122.043945,10380.000000
2024-01-31,PFGRUPOARG.CL,9051.738281,10300.000000
2024-02-01,PFGRUPOARG.CL,8805.672852,10020.000000
2024-02-02,PFGRUPOARG.CL,9034.163086,10280.000000
2024-02-05,PFGRUPOARG.CL,9051.738281,10300.000000
2024-02-06,PFGRUPOARG.CL,8788.095703,10000.000000
2024-02-07,PFGRUPOARG.CL,8788.095703,10000.000000
2024-02-08,PFGRUPOARG.CL,8498.088867,9670.000000
2024-02-09,PFGRUPOARG.CL,8612.333984,9800.000000
2024-02-12,PFGRUPOARG.CL,8612.333984,9800.000000
2024-02-13,PFGRUPOARG.CL,8243.234375,9380.000000
2024-02-14,PFGRUPOARG.CL,8243.234375,9380.000000
2024-02-15,PFGRUPOARG.CL,8304.750977,9450.000000
2024-02-16,PFGRUPOARG.CL,8568.393555,9750.000000
2024-02-19,PFGRUPOARG.CL,8568.393555,9750.000000
2024-02-20,PFGRUPOARG.CL,8313.538086,9460.000000
2024-02-21,PFGRUPOARG.CL,8788.095703,10000.000000
2024-02-22,PFGRUPOARG.CL,8788.095703,10000.000000
2024-02-23,PFGRUPOARG.CL,8656.273438,9850.000000
2024-02-26,PFGRUPOARG.CL,8612.333984,9800.000000
2024-02-27,PFGRUPOARG.CL,8682.639648,9880.000000
2024-02-28,PFGRUPOARG.CL,8594.757812,9780.000000
2024-02-29,PFGRUPOARG.CL,8875.979492,10100.000000
2024-03-01,PFGRUPOARG.CL,9139.619141,10400.000000
2024-03-04,PFGRUPOARG.CL,9403.263672,10700.000000
2024-03-05,PFGRUPOARG.CL,9579.025391,10900.000000
2024-03-06,PFGRUPOARG.CL,9579.025391,10900.000000
2024-03-07,PFGRUPOARG.CL,9825.090820,11180.000000
2024-03-08,PFGRUPOARG.CL,9754.786133,11100.000000
2024-03-11,PFGRUPOARG.CL,9666.905273,11000.000000
2024-03-12,PFGRUPOARG.CL,9438.415039,10740.000000
2024-03-13,PFGRUPOARG.CL,9649.329102,10980.000000
2024-03-14,PFGRUPOARG.CL,9473.568359,10780.000000
2024-03-15,PFGRUPOARG.CL,9649.329102,10980.000000
2024-03-18,PFGRUPOARG.CL,9948.125977,11320.000000
2024-03-19,PFGRUPOARG.CL,10088.734375,11480.000000
2024-03-20,PFGRUPOARG.CL,10018.428711,11400.000000
2024-03-21,PFGRUPOARG.CL,9860.244141,11220.000000
2024-03-22,PFGRUPOARG.CL,9754.786133,11100.000000
2024-03-25,PFGRUPOARG.CL,9754.786133,11100.000000
2024-03-26,PFGRUPOARG.CL,9789.939453,11140.000000
2024-03-27,PFGRUPOARG.CL,9912.973633,11280.000000
2024-03-28,PFGRUPOARG.CL,9912.973633,11280.000000
2024-03-29,PFGRUPOARG.CL,9912.973633,11280.000000
2024-04-01,PFGRUPOARG.CL,9877.822266,11240.000000
2024-04-02,PFGRUPOARG.CL,10071.158203,11460.000000
2024-04-03,PFGRUPOARG.CL,10053.582031,11440.000000
2024-04-04,PFGRUPOARG.CL,10248.754883,11500.000000
2024-04-05,PFGRUPOARG.CL,10177.458008,11420.000000
2024-04-08,PFGRUPOARG.CL,10409.168945,11680.000000
2024-04-09,PFGRUPOARG.CL,10426.994141,11700.000000
2024-04-10,PFGRUPOARG.CL,10516.112305,11800.000000
2024-04-11,PFGRUPOARG.CL,10605.232422,11900.000000
2024-04-12,PFGRUPOARG.CL,10872.590820,12200.000000
2024-04-15,PFGRUPOARG.CL,10658.704102,11960.000000
2024-04-16,PFGRUPOARG.CL,10444.816406,11720.000000
2024-04-17,PFGRUPOARG.CL,10480.465820,11760.000000
2024-04-18,PFGRUPOARG.CL,10123.986328,11360.000000
2024-04-19,PFGRUPOARG.CL,9892.276367,11100.000000
2024-04-22,PFGRUPOARG.CL,10070.515625,11300.000000
2024-04-23,PFGRUPOARG.CL,10141.811523,11380.000000
2024-04-24,PFGRUPOARG.CL,10284.403320,11540.000000
2024-04-25,PFGRUPOARG.CL,10213.105469,11460.000000
2024-04-26,PFGRUPOARG.CL,10516.112305,11800.000000
2024-04-29,PFGRUPOARG.CL,10569.584961,11860.000000
2024-04-30,PFGRUPOARG.CL,10337.874023,11600.000000
2024-05-02,PFGRUPOARG.CL,10533.936523,11820.000000
2024-05-03,PFGRUPOARG.CL,9535.796875,10700.000000
2024-05-06,PFGRUPOARG.CL,10337.874023,11600.000000
2024-05-07,PFGRUPOARG.CL,10391.344727,11660.000000
2024-05-08,PFGRUPOARG.CL,10426.994141,11700.000000
2024-05-09,PFGRUPOARG.CL,10516.112305,11800.000000
2024-05-10,PFGRUPOARG.CL,10533.936523,11820.000000
2024-05-14,PFGRUPOARG.CL,10551.760742,11840.000000
2024-05-15,PFGRUPOARG.CL,10480.465820,11760.000000
2024-05-16,PFGRUPOARG.CL,10765.647461,12080.000000
2024-05-17,PFGRUPOARG.CL,10765.647461,12080.000000
2024-05-20,PFGRUPOARG.CL,10819.120117,12140.000000
2024-05-21,PFGRUPOARG.CL,11104.302734,12460.000000
2024-05-22,PFGRUPOARG.CL,11050.831055,12400.000000
2024-05-23,PFGRUPOARG.CL,11050.831055,12400.000000
2024-05-24,PFGRUPOARG.CL,10872.590820,12200.000000
2024-05-27,PFGRUPOARG.CL,10961.710938,12300.000000
2024-05-28,PFGRUPOARG.CL,10783.471680,12100.000000
2024-05-29,PFGRUPOARG.CL,10783.471680,12100.000000
2024-05-30,PFGRUPOARG.CL,10783.471680,12100.000000
2024-05-31,PFGRUPOARG.CL,10391.344727,11660.000000
2023-05-01,PFGRUPSURA.CL,9504.750000,11600.000000
2023-05-02,PFGRUPSURA.CL,9217.968750,11250.000000
2023-05-03,PFGRUPSURA.CL,9217.968750,11250.000000
2023-05-04,PFGRUPSURA.CL,9013.125977,11000.000000
2023-05-05,PFGRUPSURA.CL,9258.937500,11300.000000
2023-05-08,PFGRUPSURA.CL,9357.263672,11420.000000
2023-05-09,PFGRUPSURA.CL,9349.071289,11410.000000
2023-05-10,PFGRUPSURA.CL,9340.875977,11400.000000
2023-05-11,PFGRUPSURA.CL,9521.136719,11620.000000
2023-05-12,PFGRUPSURA.CL,9504.750000,11600.000000
2023-05-15,PFGRUPSURA.CL,9414.621094,11490.000000
2023-05-16,PFGRUPSURA.CL,9308.099609,11360.000000
2023-05-17,PFGRUPSURA.CL,9291.714844,11340.000000
2023-05-18,PFGRUPSURA.CL,9119.644531,11130.000000
2023-05-19,PFGRUPSURA.CL,9381.843750,11450.000000
2023-05-22,PFGRUPSURA.CL,9381.843750,11450.000000
2023-05-23,PFGRUPSURA.CL,9390.038086,11460.000000
2023-05-24,PFGRUPSURA.CL,9217.968750,11250.000000
2023-05-25,PFGRUPSURA.CL,9217.968750,11250.000000
2023-05-26,PFGRUPSURA.CL,9217.968750,11250.000000
2023-05-29,PFGRUPSURA.CL,9217.968750,11250.000000
2023-05-30,PFGRUPSURA.CL,9217.968750,11250.000000
2023-05-31,PFGRUPSURA.CL,9217.968750,11250.000000
2023-06-01,PFGRUPSURA.CL,9217.968750,11250.000000
2023-06-02,PFGRUPSURA.CL,9217.968750,11250.000000
2023-06-05,PFGRUPSURA.CL,9217.968750,11250.000000
2023-06-06,PFGRUPSURA.CL,9217.968750,11250.000000
2023-06-07,PFGRUPSURA.CL,9217.968750,11250.000000
2023-06-08,PFGRUPSURA.CL,9217.968750,11250.000000
2023-06-09,PFGRUPSURA.CL,9217.968750,11250.000000
2023-06-12,PFGRUPSURA.CL,9217.968750,11250.000000
2023-06-13,PFGRUPSURA.CL,9217.968750,11250.000000
2023-06-14,PFGRUPSURA.CL,9217.968750,11250.000000
2023-06-15,PFGRUPSURA.CL,9217.968750,11250.000000
2023-06-16,PFGRUPSURA.CL,11020.592773,13450.000000
2023-06-19,PFGRUPSURA.CL,11020.592773,13450.000000
2023-06-20,PFGRUPSURA.CL,11225.437500,13700.000000
2023-06-21,PFGRUPSURA.CL,10733.813477,13100.000000
2023-06-22,PFGRUPSURA.CL,10651.875977,13000.000000
2023-06-23,PFGRUPSURA.CL,10782.975586,13160.000000
2023-06-26,PFGRUPSURA.CL,10815.749023,13200.000000
2023-06-27,PFGRUPSURA.CL,11059.272461,13170.000000
2023-06-28,PFGRUPSURA.CL,10891.326172,12970.000000
2023-06-29,PFGRUPSURA.CL,10874.531250,12950.000000
2023-06-30,PFGRUPSURA.CL,10874.531250,12950.000000
2023-07-03,PFGRUPSURA.CL,10874.531250,12950.000000
2023-07-04,PFGRUPSURA.CL,10916.517578,13000.000000
2023-07-05,PFGRUPSURA.CL,10916.517578,13000.000000
2023-07-06,PFGRUPSURA.CL,10916.517578,13000.000000
2023-07-07,PFGRUPSURA.CL,11151.643555,13280.000000
2023-07-10,PFGRUPSURA.CL,11067.669922,13180.000000
2023-07-11,PFGRUPSURA.CL,11176.835938,13310.000000
2023-07-12,PFGRUPSURA.CL,11176.835938,13310.000000
2023-07-13,PFGRUPSURA.CL,11420.357422,13600.000000
2023-07-14,PFGRUPSURA.CL,11252.413086,13400.000000
2023-07-17,PFGRUPSURA.CL,11302.793945,13460.000000
2023-07-18,PFGRUPSURA.CL,11470.742188,13660.000000
2023-07-19,PFGRUPSURA.CL,11428.753906,13610.000000
2023-07-20,PFGRUPSURA.CL,11428.753906,13610.000000
2023-07-21,PFGRUPSURA.CL,11579.906250,13790.000000
2023-07-24,PFGRUPSURA.CL,11697.468750,13930.000000
2023-07-25,PFGRUPSURA.CL,11756.250977,14000.000000
2023-07-26,PFGRUPSURA.CL,11924.196289,14200.000000
2023-07-27,PFGRUPSURA.CL,11882.208008,14150.000000
2023-07-28,PFGRUPSURA.CL,12092.143555,14400.000000
2023-07-31,PFGRUPSURA.CL,12092.143555,14400.000000
2023-08-01,PFGRUPSURA.CL,11638.688477,13860.000000
2023-08-02,PFGRUPSURA.CL,11499.752930,13694.549805
2023-08-03,PFGRUPSURA.CL,11504.331055,13700.000000
2023-08-04,PFGRUPSURA.CL,11504.331055,13700.000000
2023-08-07,PFGRUPSURA.CL,11504.331055,13700.000000
2023-08-08,PFGRUPSURA.CL,11369.972656,13540.000000
2023-08-09,PFGRUPSURA.CL,11420.357422,13600.000000
2023-08-10,PFGRUPSURA.CL,11571.508789,13780.000000
2023-08-11,PFGRUPSURA.CL,11504.331055,13700.000000
2023-08-14,PFGRUPSURA.CL,11504.331055,13700.000000
2023-08-15,PFGRUPSURA.CL,11411.958984,13590.000000
2023-08-16,PFGRUPSURA.CL,11504.331055,13700.000000
2023-08-17,PFGRUPSURA.CL,11462.343750,13650.000000
2023-08-18,PFGRUPSURA.CL,11336.383789,13500.000000
2023-08-21,PFGRUPSURA.CL,11336.383789,13500.000000
2023-08-22,PFGRUPSURA.CL,11160.040039,13290.000000
2023-08-23,PFGRUPSURA.CL,10580.626953,12600.000000
2023-08-24,PFGRUPSURA.CL,10580.626953,12600.000000
2023-08-25,PFGRUPSURA.CL,10496.649414,12500.000000
2023-08-28,PFGRUPSURA.CL,10085.181641,12010.000000
2023-08-29,PFGRUPSURA.CL,10244.733398,12200.000000
2023-08-30,PFGRUPSURA.CL,10261.526367,12220.000000
2023-08-31,PFGRUPSURA.CL,10496.649414,12500.000000
2023-09-01,PFGRUPSURA.CL,10076.786133,12000.000000
2023-09-04,PFGRUPSURA.CL,9992.814453,11900.000000
2023-09-05,PFGRUPSURA.CL,9740.893555,11600.000000
2023-09-06,PFGRUPSURA.CL,9900.441406,11790.000000
2023-09-07,PFGRUPSURA.CL,9908.838867,11800.000000
2023-09-08,PFGRUPSURA.CL,10244.733398,12200.000000
2023-09-11,PFGRUPSURA.CL,10236.334961,12190.000000
2023-09-12,PFGRUPSURA.CL,10236.334961,12190.000000
2023-09-13,PFGRUPSURA.CL,9505.767578,11320.000000
2023-09-14,PFGRUPSURA.CL,9279.041992,11050.000000
2023-09-15,PFGRUPSURA.CL,8901.161133,10600.000000
2023-09-18,PFGRUPSURA.CL,9211.861328,10970.000000
2023-09-19,PFGRUPSURA.CL,9186.667969,10940.000000
2023-09-20,PFGRUPSURA.CL,9237.054688,11000.000000
2023-09-21,PFGRUPSURA.CL,9211.861328,10970.000000
2023-09-22,PFGRUPSURA.CL,9279.041992,11050.000000
2023-09-25,PFGRUPSURA.CL,9371.411133,11160.000000
2023-09-26,PFGRUPSURA.CL,9423.283203,10900.000000
2023-09-27,PFGRUPSURA.CL,9423.283203,10900.000000
2023-09-28,PFGRUPSURA.CL,10374.252930,12000.000000
2023-09-29,PFGRUPSURA.CL,10607.675781,12270.000000
2023-10-02,PFGRUPSURA.CL,10503.932617,12150.000000
2023-10-03,PFGRUPSURA.CL,10668.194336,12340.000000
2023-10-04,PFGRUPSURA.CL,10503.932617,12150.000000
2023-10-05,PFGRUPSURA.CL,10771.935547,12460.000000
2023-10-06,PFGRUPSURA.CL,10806.514648,12500.000000
2023-10-09,PFGRUPSURA.CL,10547.161133,12200.000000
2023-10-10,PFGRUPSURA.CL,10460.708008,12100.000000
2023-10-11,PFGRUPSURA.CL,10374.252930,12000.000000
2023-10-12,PFGRUPSURA.CL,10460.708008,12100.000000
2023-10-13,PFGRUPSURA.CL,10711.418945,12390.000000
2023-10-16,PFGRUPSURA.CL,10711.418945,12390.000000
2023-10-17,PFGRUPSURA.CL,10754.645508,12440.000000
2023-10-18,PFGRUPSURA.CL,10477.998047,12120.000000
2023-10-19,PFGRUPSURA.CL,10806.514648,12500.000000
2023-10-20,PFGRUPSURA.CL,10633.613281,12300.000000
2023-10-23,PFGRUPSURA.CL,10477.998047,12120.000000
2023-10-24,PFGRUPSURA.CL,10547.161133,12200.000000
2023-10-25,PFGRUPSURA.CL,10460.708008,12100.000000
2023-10-26,PFGRUPSURA.CL,10486.643555,12130.000000
2023-10-27,PFGRUPSURA.CL,10460.708008,12100.000000
2023-10-30,PFGRUPSURA.CL,10503.932617,12150.000000
2023-10-31,PFGRUPSURA.CL,10382.900391,12010.000000
2023-11-01,PFGRUPSURA.CL,10521.223633,12170.000000
2023-11-02,PFGRUPSURA.CL,10322.383789,11940.000000
2023-11-03,PFGRUPSURA.CL,10374.252930,12000.000000
2023-11-06,PFGRUPSURA.CL,10374.252930,12000.000000
2023-11-07,PFGRUPSURA.CL,10287.802734,11900.000000
2023-11-08,PFGRUPSURA.CL,10287.802734,11900.000000
2023-11-09,PFGRUPSURA.CL,10322.383789,11940.000000
2023-11-10,PFGRUPSURA.CL,10460.708008,12100.000000
2023-11-13,PFGRUPSURA.CL,10460.708008,12100.000000
2023-11-14,PFGRUPSURA.CL,10547.161133,12200.000000
2023-11-15,PFGRUPSURA.CL,10460.708008,12100.000000
2023-11-16,PFGRUPSURA.CL,10616.320312,12280.000000
2023-11-17,PFGRUPSURA.CL,10720.065430,12400.000000
2023-11-20,PFGRUPSURA.CL,10495.289062,12140.000000
2023-11-21,PFGRUPSURA.CL,10374.252930,12000.000000
2023-11-22,PFGRUPSURA.CL,10374.252930,12000.000000
2023-11-23,PFGRUPSURA.CL,10374.252930,12000.000000
2023-11-24,PFGRUPSURA.CL,10547.161133,12200.000000
2023-11-27,PFGRUPSURA.CL,10460.708008,12100.000000
2023-11-28,PFGRUPSURA.CL,10495.289062,12140.000000
2023-11-29,PFGRUPSURA.CL,10633.613281,12300.000000
2023-11-30,PFGRUPSURA.CL,10685.483398,12360.000000
2023-12-01,PFGRUPSURA.CL,10702.773438,12380.000000
2023-12-04,PFGRUPSURA.CL,10910.258789,12620.000000
2023-12-05,PFGRUPSURA.CL,10806.514648,12500.000000
2023-12-06,PFGRUPSURA.CL,10460.708008,12100.000000
2023-12-07,PFGRUPSURA.CL,10460.708008,12100.000000
2023-12-08,PFGRUPSURA.CL,10460.708008,12100.000000
2023-12-11,PFGRUPSURA.CL,10581.739258,12240.000000
2023-12-12,PFGRUPSURA.CL,10633.613281,12300.000000
2023-12-13,PFGRUPSURA.CL,10633.613281,12300.000000
2023-12-14,PFGRUPSURA.CL,10737.353516,12420.000000
2023-12-15,PFGRUPSURA.CL,11169.614258,12920.000000
2023-12-18,PFGRUPSURA.CL,11584.584961,13400.000000
2023-12-19,PFGRUPSURA.CL,11671.038086,13500.000000
2023-12-20,PFGRUPSURA.CL,11342.520508,13120.000000
2023-12-21,PFGRUPSURA.CL,11463.552734,13260.000000
2023-12-22,PFGRUPSURA.CL,11532.713867,13340.000000
2023-12-25,PFGRUPSURA.CL,11532.713867,13340.000000
2023-12-26,PFGRUPSURA.CL,11833.875000,13360.000000
2023-12-27,PFGRUPSURA.CL,11940.168945,13480.000000
2023-12-28,PFGRUPSURA.CL,11957.882812,13500.000000
2023-12-29,PFGRUPSURA.CL,11957.882812,13500.000000
2024-01-01,PFGRUPSURA.CL,11957.882812,13500.000000
2024-01-02,PFGRUPSURA.CL,12064.175781,13620.000000
2024-01-03,PFGRUPSURA.CL,12436.197266,14040.000000
2024-01-04,PFGRUPSURA.CL,12879.083984,14540.000000
2024-01-05,PFGRUPSURA.CL,13286.536133,15000.000000
2024-01-08,PFGRUPSURA.CL,13286.536133,15000.000000
2024-01-09,PFGRUPSURA.CL,13835.712891,15620.000000
2024-01-10,PFGRUPSURA.CL,13463.691406,15200.000000
2024-01-11,PFGRUPSURA.CL,13375.114258,15100.000000
2024-01-12,PFGRUPSURA.CL,13729.421875,15500.000000
2024-01-15,PFGRUPSURA.CL,13888.859375,15680.000000
2024-01-16,PFGRUPSURA.CL,14438.038086,16300.000000
2024-01-17,PFGRUPSURA.CL,14508.897461,16380.000000
2024-01-18,PFGRUPSURA.CL,14880.920898,16800.000000
2024-01-19,PFGRUPSURA.CL,14969.499023,16900.000000
2024-01-22,PFGRUPSURA.CL,14969.499023,16900.000000
2024-01-23,PFGRUPSURA.CL,15589.532227,17600.000000
2024-01-24,PFGRUPSURA.CL,15589.532227,17600.000000
2024-01-25,PFGRUPSURA.CL,15589.532227,17600.000000
2024-01-26,PFGRUPSURA.CL,15589.532227,17600.000000
2024-01-29,PFGRUPSURA.CL,14863.204102,16780.000000
2024-01-30,PFGRUPSURA.CL,14615.189453,16500.000000
2024-01-31,PFGRUPSURA.CL,14526.613281,16400.000000
2024-02-01,PFGRUPSURA.CL,14438.038086,16300.000000
2024-02-02,PFGRUPSURA.CL,14154.589844,15980.000000
2024-02-05,PFGRUPSURA.CL,14012.868164,15820.000000
2024-02-06,PFGRUPSURA.CL,14260.881836,16100.000000
2024-02-07,PFGRUPSURA.CL,14934.068359,16860.000000
2024-02-08,PFGRUPSURA.CL,14668.335938,16560.000000
2024-02-09,PFGRUPSURA.CL,14367.173828,16220.000000
2024-02-12,PFGRUPSURA.CL,14491.182617,16360.000000
2024-02-13,PFGRUPSURA.CL,14544.329102,16420.000000
2024-02-14,PFGRUPSURA.CL,14048.297852,15860.000000
2024-02-15,PFGRUPSURA.CL,14296.313477,16140.000000
2024-02-16,PFGRUPSURA.CL,14579.758789,16460.000000
2024-02-19,PFGRUPSURA.CL,14172.306641,16000.000000
2024-02-20,PFGRUPSURA.CL,14473.466797,16340.000000
2024-02-21,PFGRUPSURA.CL,14880.920898,16800.000000
2024-02-22,PFGRUPSURA.CL,14615.189453,16500.000000
2024-02-23,PFGRUPSURA.CL,14880.920898,16800.000000
2024-02-26,PFGRUPSURA.CL,14880.920898,16800.000000
2024-02-27,PFGRUPSURA.CL,14703.767578,16600.000000
2024-02-28,PFGRUPSURA.CL,14526.613281,16400.000000
2024-02-29,PFGRUPSURA.CL,14367.173828,16220.000000
2024-03-01,PFGRUPSURA.CL,16209.578125,18300.000000
2024-03-04,PFGRUPSURA.CL,17006.765625,19200.000000
2024-03-05,PFGRUPSURA.CL,16918.189453,19100.000000
2024-03-06,PFGRUPSURA.CL,16882.759766,19060.000000
2024-03-07,PFGRUPSURA.CL,16918.189453,19100.000000
2024-03-08,PFGRUPSURA.CL,16741.035156,18900.000000
2024-03-11,PFGRUPSURA.CL,16687.890625,18840.000000
2024-03-12,PFGRUPSURA.CL,16510.738281,18640.000000
2024-03-13,PFGRUPSURA.CL,16315.866211,18420.000000
2024-03-14,PFGRUPSURA.CL,16209.578125,18300.000000
2024-03-15,PFGRUPSURA.CL,16050.137695,18120.000000
2024-03-18,PFGRUPSURA.CL,16404.445312,18520.000000
2024-03-19,PFGRUPSURA.CL,16811.900391,18980.000000
2024-03-20,PFGRUPSURA.CL,16581.597656,18720.000000
2024-03-21,PFGRUPSURA.CL,16422.158203,18540.000000
2024-03-22,PFGRUPSURA.CL,16829.613281,19000.000000
2024-03-25,PFGRUPSURA.CL,16829.613281,19000.000000
2024-03-26,PFGRUPSURA.CL,16652.458984,18800.000000
2024-03-27,PFGRUPSURA.CL,16422.158203,18540.000000
2024-03-28,PFGRUPSURA.CL,16422.158203,18540.000000
2024-03-29,PFGRUPSURA.CL,16422.158203,18540.000000
2024-04-01,PFGRUPSURA.CL,16723.322266,18880.000000
2024-04-02,PFGRUPSURA.CL,17449.650391,19700.000000
2024-04-03,PFGRUPSURA.CL,17662.238281,19940.000000
2024-04-04,PFGRUPSURA.CL,18158.269531,20500.000000
2024-04-05,PFGRUPSURA.CL,18140.552734,20480.000000
2024-04-08,PFGRUPSURA.CL,17981.113281,20300.000000
2024-04-09,PFGRUPSURA.CL,18565.720703,20960.000000
2024-04-10,PFGRUPSURA.CL,19044.035156,21500.000000
2024-04-11,PFGRUPSURA.CL,19433.773438,21940.000000
2024-04-12,PFGRUPSURA.CL,19345.195312,21840.000000
2024-04-15,PFGRUPSURA.CL,19696.271484,21880.000000
2024-04-16,PFGRUPSURA.CL,19570.248047,21740.000000
2024-04-17,PFGRUPSURA.CL,19354.199219,21500.000000
2024-04-18,PFGRUPSURA.CL,18183.945312,20200.000000
2024-04-19,PFGRUPSURA.CL,18255.960938,20280.000000
2024-04-22,PFGRUPSURA.CL,18796.076172,20880.000000
2024-04-23,PFGRUPSURA.CL,19714.277344,21900.000000
2024-04-24,PFGRUPSURA.CL,19588.248047,21760.000000
2024-04-25,PFGRUPSURA.CL,19894.316406,22100.000000
2024-04-26,PFGRUPSURA.CL,20704.496094,23000.000000
2024-04-29,PFGRUPSURA.CL,21190.599609,23540.000000
2024-04-30,PFGRUPSURA.CL,20812.517578,23120.000000
2024-05-02,PFGRUPSURA.CL,21514.667969,23900.000000
2024-05-03,PFGRUPSURA.CL,17283.751953,19200.000000
2024-05-06,PFGRUPSURA.CL,21154.591797,23500.000000
2024-05-07,PFGRUPSURA.CL,21244.609375,23600.000000
2024-05-08,PFGRUPSURA.CL,21154.591797,23500.000000
2024-05-09,PFGRUPSURA.CL,20992.556641,23320.000000
2024-05-10,PFGRUPSURA.CL,21604.685547,24000.000000
2024-05-14,PFGRUPSURA.CL,22954.980469,25500.000000
2024-05-15,PFGRUPSURA.CL,23945.195312,26600.000000
2024-05-16,PFGRUPSURA.CL,23405.078125,26000.000000
2024-05-17,PFGRUPSURA.CL,24107.232422,26780.000000
2024-05-20,PFGRUPSURA.CL,24125.238281,26800.000000
2024-05-21,PFGRUPSURA.CL,23837.173828,26480.000000
2024-05-22,PFGRUPSURA.CL,23495.097656,26100.000000
2024-05-23,PFGRUPSURA.CL,23495.097656,26100.000000
2024-05-24,PFGRUPSURA.CL,22774.941406,25300.000000
2024-05-27,PFGRUPSURA.CL,22504.878906,25000.000000
2024-05-28,PFGRUPSURA.CL,21838.738281,24260.000000
2024-05-29,PFGRUPSURA.CL,21424.652344,23800.000000
2024-05-30,PFGRUPSURA.CL,21964.767578,24400.000000
2024-05-31,PFGRUPSURA.CL,21604.685547,24000.000000
2023-05-01,PLTR,7.780000,7.780000
2023-05-02,PLTR,7.590000,7.590000
2023-05-03,PLTR,7.560000,7.560000
2023-05-04,PLTR,7.380000,7.380000
2023-05-05,PLTR,7.410000,7.410000
2023-05-08,PLTR,7.740000,7.740000
2023-05-09,PLTR,9.550000,9.550000
2023-05-10,PLTR,9.940000,9.940000
2023-05-11,PLTR,9.880000,9.880000
2023-05-12,PLTR,9.500000,9.500000
2023-05-15,PLTR,9.520000,9.520000
2023-05-16,PLTR,9.470000,9.470000
2023-05-17,PLTR,10.250000,10.250000
2023-05-18,PLTR,11.740000,11.740000
2023-05-19,PLTR,11.710000,11.710000
2023-05-22,PLTR,11.840000,11.840000
2023-05-23,PLTR,12.640000,12.640000
2023-05-24,PLTR,12.230000,12.230000
2023-05-25,PLTR,12.840000,12.840000
2023-05-26,PLTR,13.650000,13.650000
2023-05-30,PLTR,14.710000,14.710000
2023-05-31,PLTR,14.710000,14.710000
2023-06-01,PLTR,14.540000,14.540000
2023-06-02,PLTR,14.520000,14.520000
2023-06-05,PLTR,15.240000,15.240000
2023-06-06,PLTR,15.460000,15.460000
2023-06-07,PLTR,14.690000,14.690000
2023-06-08,PLTR,15.190000,15.190000
2023-06-09,PLTR,15.020000,15.020000
2023-06-12,PLTR,15.650000,15.650000
2023-06-13,PLTR,16.000000,16.000000
2023-06-14,PLTR,15.910000,15.910000
2023-06-15,PLTR,16.600000,16.600000
2023-06-16,PLTR,16.299999,16.299999
2023-06-20,PLTR,15.790000,15.790000
2023-06-21,PLTR,14.640000,14.640000
2023-06-22,PLTR,14.050000,14.050000
2023-06-23,PLTR,14.030000,14.030000
2023-06-26,PLTR,13.940000,13.940000
2023-06-27,PLTR,14.610000,14.610000
2023-06-28,PLTR,15.280000,15.280000
2023-06-29,PLTR,15.200000,15.200000
2023-06-30,PLTR,15.330000,15.330000
2023-07-03,PLTR,15.520000,15.520000
2023-07-05,PLTR,15.700000,15.700000
2023-07-06,PLTR,15.130000,15.130000
2023-07-07,PLTR,15.340000,15.340000
2023-07-10,PLTR,16.299999,16.299999
2023-07-11,PLTR,16.490000,16.490000
2023-07-12,PLTR,16.590000,16.590000
2023-07-13,PLTR,16.740000,16.740000
2023-07-14,PLTR,16.400000,16.400000
2023-07-17,PLTR,17.400000,17.400000
2023-07-18,PLTR,18.080000,18.080000
2023-07-19,PLTR,18.049999,18.049999
2023-07-20,PLTR,17.129999,17.129999
2023-07-21,PLTR,16.430000,16.430000
2023-07-24,PLTR,16.320000,16.320000
2023-07-25,PLTR,16.549999,16.549999
2023-07-26,PLTR,16.430000,16.430000
2023-07-27,PLTR,16.150000,16.150000
2023-07-28,PLTR,17.809999,17.809999
2023-07-31,PLTR,19.840000,19.840000
2023-08-01,PLTR,19.990000,19.990000
2023-08-02,PLTR,18.969999,18.969999
2023-08-03,PLTR,18.709999,18.709999
2023-08-04,PLTR,18.200001,18.200001
2023-08-07,PLTR,17.990000,17.990000
2023-08-08,PLTR,17.040001,17.040001
2023-08-09,PLTR,15.250000,15.250000
2023-08-10,PLTR,15.410000,15.410000
2023-08-11,PLTR,15.410000,15.410000
2023-08-14,PLTR,15.720000,15.720000
2023-08-15,PLTR,15.370000,15.370000
2023-08-16,PLTR,15.450000,15.450000
2023-08-17,PLTR,14.150000,14.150000
2023-08-18,PLTR,14.400000,14.400000
2023-08-21,PLTR,14.500000,14.500000
2023-08-22,PLTR,14.670000,14.670000
2023-08-23,PLTR,15.300000,15.300000
2023-08-24,PLTR,14.140000,14.140000
2023-08-25,PLTR,14.530000,14.530000
2023-08-28,PLTR,14.640000,14.640000
2023-08-29,PLTR,15.400000,15.400000
2023-08-30,PLTR,16.330000,16.330000
2023-08-31,PLTR,14.980000,14.980000
2023-09-01,PLTR,15.180000,15.180000
2023-09-05,PLTR,15.210000,15.210000
2023-09-06,PLTR,15.300000,15.300000
2023-09-07,PLTR,15.210000,15.210000
2023-09-08,PLTR,15.130000,15.130000
2023-09-11,PLTR,15.790000,15.790000
2023-09-12,PLTR,15.590000,15.590000
2023-09-13,PLTR,15.600000,15.600000
2023-09-14,PLTR,15.830000,15.830000
2023-09-15,PLTR,15.330000,15.330000
2023-09-18,PLTR,15.460000,15.460000
2023-09-19,PLTR,15.150000,15.150000
2023-09-20,PLTR,14.740000,14.740000
2023-09-21,PLTR,14.000000,14.000000
2023-09-22,PLTR,14.130000,14.130000
2023-09-25,PLTR,14.220000,14.220000
2023-09-26,PLTR,13.960000,13.960000
2023-09-27,PLTR,14.850000,14.850000
2023-09-28,PLTR,15.770000,15.770000
2023-09-29,PLTR,16.000000,16.000000
2023-10-02,PLTR,15.880000,15.880000
2023-10-03,PLTR,14.900000,14.900000
2023-10-04,PLTR,15.730000,15.730000
2023-10-05,PLTR,15.810000,15.810000
2023-10-06,PLTR,16.610001,16.610001
2023-10-09,PLTR,17.610001,17.610001
2023-10-10,PLTR,17.799999,17.799999
2023-10-11,PLTR,17.920000,17.920000
2023-10-12,PLTR,17.940001,17.940001
2023-10-13,PLTR,17.360001,17.360001
2023-10-16,PLTR,17.360001,17.360001
2023-10-17,PLTR,17.840000,17.840000
2023-10-18,PLTR,17.200001,17.200001
2023-10-19,PLTR,17.059999,17.059999
2023-10-20,PLTR,16.110001,16.110001
2023-10-23,PLTR,16.200001,16.200001
2023-10-24,PLTR,16.639999,16.639999
2023-10-25,PLTR,15.590000,15.590000
2023-10-26,PLTR,15.290000,15.290000
2023-10-27,PLTR,15.070000,15.070000
2023-10-30,PLTR,14.690000,14.690000
2023-10-31,PLTR,14.800000,14.800000
2023-11-01,PLTR,14.920000,14.920000
2023-11-02,PLTR,17.969999,17.969999
2023-11-03,PLTR,18.889999,18.889999
2023-11-06,PLTR,18.540001,18.540001
2023-11-07,PLTR,18.799999,18.799999
2023-11-08,PLTR,18.490000,18.490000
2023-11-09,PLTR,18.270000,18.270000
2023-11-10,PLTR,19.670000,19.670000
2023-11-13,PLTR,19.709999,19.709999
2023-11-14,PLTR,19.940001,19.940001
2023-11-15,PLTR,19.950001,19.950001
2023-11-16,PLTR,19.770000,19.770000
2023-11-17,PLTR,20.490000,20.490000
2023-11-20,PLTR,21.340000,21.340000
2023-11-21,PLTR,19.799999,19.799999
2023-11-22,PLTR,19.690001,19.690001
2023-11-24,PLTR,19.200001,19.200001
2023-11-27,PLTR,19.080000,19.080000
2023-11-28,PLTR,19.709999,19.709999
2023-11-29,PLTR,19.840000,19.840000
2023-11-30,PLTR,20.049999,20.049999
2023-12-01,PLTR,20.270000,20.270000
2023-12-04,PLTR,18.400000,18.400000
2023-12-05,PLTR,18.299999,18.299999
2023-12-06,PLTR,17.129999,17.129999
2023-12-07,PLTR,17.219999,17.219999
2023-12-08,PLTR,17.770000,17.770000
2023-12-11,PLTR,17.770000,17.770000
2023-12-12,PLTR,17.500000,17.500000
2023-12-13,PLTR,17.870001,17.870001
2023-12-14,PLTR,18.209999,18.209999
2023-12-15,PLTR,18.200001,18.200001
2023-12-18,PLTR,17.840000,17.840000
2023-12-19,PLTR,17.950001,17.950001
2023-12-20,PLTR,17.250000,17.250000
2023-12-21,PLTR,17.590000,17.590000
2023-12-22,PLTR,17.410000,17.410000
2023-12-26,PLTR,17.680000,17.680000
2023-12-27,PLTR,17.469999,17.469999
2023-12-28,PLTR,17.559999,17.559999
2023-12-29,PLTR,17.170000,17.170000
2024-01-02,PLTR,16.580000,16.580000
2024-01-03,PLTR,16.090000,16.090000
2024-01-04,PLTR,16.250000,16.250000
2024-01-05,PLTR,15.980000,15.980000
2024-01-08,PLTR,16.670000,16.670000
2024-01-09,PLTR,16.389999,16.389999
2024-01-10,PLTR,16.790001,16.790001
2024-01-11,PLTR,16.680000,16.680000
2024-01-12,PLTR,16.760000,16.760000
2024-01-16,PLTR,16.530001,16.530001
2024-01-17,PLTR,16.389999,16.389999
2024-01-18,PLTR,16.400000,16.400000
2024-01-19,PLTR,16.780001,16.780001
2024-01-22,PLTR,17.600000,17.600000
2024-01-23,PLTR,17.330000,17.330000
2024-01-24,PLTR,16.750000,16.750000
2024-01-25,PLTR,16.459999,16.459999
2024-01-26,PLTR,16.350000,16.350000
2024-01-29,PLTR,17.090000,17.090000
2024-01-30,PLTR,16.740000,16.740000
2024-01-31,PLTR,16.090000,16.090000
2024-02-01,PLTR,16.330000,16.330000
2024-02-02,PLTR,17.020000,17.020000
2024-02-05,PLTR,16.719999,16.719999
2024-02-06,PLTR,21.870001,21.870001
2024-02-07,PLTR,23.600000,23.600000
2024-02-08,PLTR,24.510000,24.510000
2024-02-09,PLTR,24.379999,24.379999
2024-02-12,PLTR,25.049999,25.049999
2024-02-13,PLTR,24.010000,24.010000
2024-02-14,PLTR,25.190001,25.190001
2024-02-15,PLTR,25.410000,25.410000
2024-02-16,PLTR,24.440001,24.440001
2024-02-20,PLTR,23.400000,23.400000
2024-02-21,PLTR,22.740000,22.740000
2024-02-22,PLTR,23.590000,23.590000
2024-02-23,PLTR,22.969999,22.969999
2024-02-26,PLTR,23.559999,23.559999
2024-02-27,PLTR,24.530001,24.530001
2024-02-28,PLTR,24.420000,24.420000
2024-02-29,PLTR,25.080000,25.080000
2024-03-01,PLTR,24.930000,24.930000
2024-03-04,PLTR,24.040001,24.040001
2024-03-05,PLTR,23.809999,23.809999
2024-03-06,PLTR,26.160000,26.160000
2024-03-07,PLTR,26.459999,26.459999
2024-03-08,PLTR,26.040001,26.040001
2024-03-11,PLTR,25.350000,25.350000
2024-03-12,PLTR,24.700001,24.700001
2024-03-13,PLTR,25.000000,25.000000
2024-03-14,PLTR,24.430000,24.430000
2024-03-15,PLTR,23.490000,23.490000
2024-03-18,PLTR,24.000000,24.000000
2024-03-19,PLTR,23.799999,23.799999
2024-03-20,PLTR,24.570000,24.570000
2024-03-21,PLTR,24.490000,24.490000
2024-03-22,PLTR,24.180000,24.180000
2024-03-25,PLTR,24.510000,24.510000
2024-03-26,PLTR,24.889999,24.889999
2024-03-27,PLTR,24.510000,24.510000
2024-03-28,PLTR,23.010000,23.010000
2024-04-01,PLTR,22.860001,22.860001
2024-04-02,PLTR,22.719999,22.719999
2024-04-03,PLTR,22.700001,22.700001
2024-04-04,PLTR,22.480000,22.480000
2024-04-05,PLTR,22.959999,22.959999
2024-04-08,PLTR,23.000000,23.000000
2024-04-09,PLTR,22.809999,22.809999
2024-04-10,PLTR,22.420000,22.420000
2024-04-11,PLTR,22.840000,22.840000
2024-04-12,PLTR,22.670000,22.670000
2024-04-15,PLTR,21.900000,21.900000
2024-04-16,PLTR,21.879999,21.879999
2024-04-17,PLTR,21.309999,21.309999
2024-04-18,PLTR,21.129999,21.129999
2024-04-19,PLTR,20.469999,20.469999
2024-04-22,PLTR,20.969999,20.969999
2024-04-23,PLTR,21.639999,21.639999
2024-04-24,PLTR,21.590000,21.590000
2024-04-25,PLTR,21.709999,21.709999
2024-04-26,PLTR,22.520000,22.520000
2024-04-29,PLTR,22.830000,22.830000
2024-04-30,PLTR,21.969999,21.969999
2024-05-01,PLTR,22.120001,22.120001
2024-05-02,PLTR,22.549999,22.549999
2024-05-03,PLTR,23.330000,23.330000
2024-05-06,PLTR,25.209999,25.209999
2024-05-07,PLTR,21.400000,21.400000
2024-05-08,PLTR,21.559999,21.559999
2024-05-09,PLTR,21.139999,21.139999
2024-05-10,PLTR,20.600000,20.600000
2024-05-13,PLTR,20.940001,20.940001
2024-05-14,PLTR,21.440001,21.440001
2024-05-15,PLTR,21.670000,21.670000
2024-05-16,PLTR,21.650000,21.650000
2024-05-17,PLTR,21.760000,21.760000
2024-05-20,PLTR,21.620001,21.620001
2024-05-21,PLTR,21.240000,21.240000
2024-05-22,PLTR,21.170000,21.170000
2024-05-23,PLTR,20.719999,20.719999
2024-05-24,PLTR,21.010000,21.010000
2024-05-28,PLTR,21.049999,21.049999
2024-05-29,PLTR,20.940001,20.940001
2024-05-30,PLTR,21.730000,21.730000
2024-05-31,PLTR,21.680000,21.680000
2023-05-01,PROMIGAS.CL,3169.075195,4270.000000
2023-05-02,PROMIGAS.CL,3117.865234,4201.000000
2023-05-03,PROMIGAS.CL,3124.544678,4210.000000
2023-05-04,PROMIGAS.CL,3136.961426,4226.729980
2023-05-05,PROMIGAS.CL,3063.686768,4128.000000
2023-05-08,PROMIGAS.CL,3065.170898,4130.000000
2023-05-09,PROMIGAS.CL,3112.425049,4193.669922
2023-05-10,PROMIGAS.CL,3080.014648,4150.000000
2023-05-11,PROMIGAS.CL,3091.888916,4166.000000
2023-05-12,PROMIGAS.CL,3117.123291,4200.000000
2023-05-15,PROMIGAS.CL,3150.691895,4245.229980
2023-05-16,PROMIGAS.CL,3117.123291,4200.000000
2023-05-17,PROMIGAS.CL,3135.231934,4224.399902
2023-05-18,PROMIGAS.CL,3128.790527,4215.720215
2023-05-19,PROMIGAS.CL,3119.460693,4203.149902
2023-05-22,PROMIGAS.CL,3119.460693,4203.149902
2023-05-23,PROMIGAS.CL,3117.123291,4200.000000
2023-05-24,PROMIGAS.CL,3108.973633,4189.020020
2023-05-25,PROMIGAS.CL,3114.369629,4196.290039
2023-05-26,PROMIGAS.CL,3080.756836,4151.000000
2023-05-29,PROMIGAS.CL,3094.650391,4169.720215
2023-05-30,PROMIGAS.CL,3117.123291,4200.000000
2023-05-31,PROMIGAS.CL,2968.688721,4000.000000
2023-06-01,PROMIGAS.CL,2968.688721,4000.000000
2023-06-02,PROMIGAS.CL,3096.342285,4172.000000
2023-06-05,PROMIGAS.CL,3042.905762,4100.000000
2023-06-06,PROMIGAS.CL,3127.513184,4214.000000
2023-06-07,PROMIGAS.CL,3217.316162,4335.000000
2023-06-08,PROMIGAS.CL,3235.870605,4360.000000
2023-06-13,PROMIGAS.CL,3264.072998,4398.000000
2023-06-14,PROMIGAS.CL,3319.684326,4298.000000
2023-06-15,PROMIGAS.CL,3355.986572,4345.000000
2023-06-16,PROMIGAS.CL,3568.390625,4620.000000
2023-06-19,PROMIGAS.CL,3568.390625,4620.000000
2023-06-20,PROMIGAS.CL,3651.808105,4728.000000
2023-06-21,PROMIGAS.CL,3629.407959,4699.000000
2023-06-22,PROMIGAS.CL,3607.009766,4670.000000
2023-06-23,PROMIGAS.CL,3591.182861,4649.509766
2023-06-26,PROMIGAS.CL,3379.783203,4375.810059
2023-06-27,PROMIGAS.CL,3543.674316,4588.000000
2023-06-28,PROMIGAS.CL,3293.585938,4264.209961
2023-06-29,PROMIGAS.CL,3398.467285,4400.000000
2023-06-30,PROMIGAS.CL,3307.457275,4282.169922
2023-07-03,PROMIGAS.CL,3307.457275,4282.169922
2023-07-04,PROMIGAS.CL,3291.755127,4261.839844
2023-07-05,PROMIGAS.CL,3398.467285,4400.000000
2023-07-06,PROMIGAS.CL,3398.467285,4400.000000
2023-07-07,PROMIGAS.CL,3536.722900,4579.000000
2023-07-10,PROMIGAS.CL,3402.328857,4405.000000
2023-07-11,PROMIGAS.CL,3402.328857,4405.000000
2023-07-12,PROMIGAS.CL,3653.352295,4730.000000
2023-07-13,PROMIGAS.CL,3653.352295,4730.000000
2023-07-14,PROMIGAS.CL,3630.180176,4700.000000
2023-07-17,PROMIGAS.CL,3637.904541,4710.000000
2023-07-18,PROMIGAS.CL,3634.042725,4705.000000
2023-07-19,PROMIGAS.CL,3629.407959,4699.000000
2023-07-20,PROMIGAS.CL,3629.407959,4699.000000
2023-07-21,PROMIGAS.CL,3594.380859,4653.649902
2023-07-24,PROMIGAS.CL,3630.180176,4700.000000
2023-07-25,PROMIGAS.CL,3630.180176,4700.000000
2023-07-26,PROMIGAS.CL,3630.180176,4700.000000
2023-07-27,PROMIGAS.CL,3630.180176,4700.000000
2023-07-28,PROMIGAS.CL,3630.180176,4700.000000
2023-07-31,PROMIGAS.CL,3630.180176,4700.000000
2023-08-01,PROMIGAS.CL,3495.786865,4526.000000
2023-08-02,PROMIGAS.CL,3622.989746,4690.689941
2023-08-03,PROMIGAS.CL,3630.180176,4700.000000
2023-08-04,PROMIGAS.CL,3630.180176,4700.000000
2023-08-07,PROMIGAS.CL,3630.180176,4700.000000
2023-08-08,PROMIGAS.CL,3581.667725,4637.189941
2023-08-09,PROMIGAS.CL,3651.808105,4728.000000
2023-08-10,PROMIGAS.CL,3553.715088,4601.000000
2023-08-11,PROMIGAS.CL,3629.407959,4699.000000
2023-08-14,PROMIGAS.CL,3629.407959,4699.000000
2023-08-15,PROMIGAS.CL,3635.587402,4707.000000
2023-08-16,PROMIGAS.CL,3634.042725,4705.000000
2023-08-17,PROMIGAS.CL,3634.042725,4705.000000
2023-08-18,PROMIGAS.CL,3630.180176,4700.000000
2023-08-21,PROMIGAS.CL,3630.180176,4700.000000
2023-08-22,PROMIGAS.CL,3630.180176,4700.000000
2023-08-23,PROMIGAS.CL,3591.561768,4650.000000
2023-08-24,PROMIGAS.CL,3591.561768,4650.000000
2023-08-25,PROMIGAS.CL,3552.942871,4600.000000
2023-08-28,PROMIGAS.CL,3552.942871,4600.000000
2023-08-29,PROMIGAS.CL,3470.267578,4492.959961
2023-08-30,PROMIGAS.CL,3552.942871,4600.000000
2023-08-31,PROMIGAS.CL,3406.190918,4410.000000
2023-09-01,PROMIGAS.CL,3474.932617,4499.000000
2023-09-04,PROMIGAS.CL,3474.932617,4499.000000
2023-09-05,PROMIGAS.CL,3321.228760,4300.000000
2023-09-06,PROMIGAS.CL,3305.009277,4279.000000
2023-09-07,PROMIGAS.CL,3321.228760,4300.000000
2023-09-08,PROMIGAS.CL,3321.228760,4300.000000
2023-09-11,PROMIGAS.CL,3386.719482,4384.790039
2023-09-12,PROMIGAS.CL,3390.742920,4390.000000
2023-09-13,PROMIGAS.CL,3321.228760,4300.000000
2023-09-14,PROMIGAS.CL,3359.848389,4350.000000
2023-09-15,PROMIGAS.CL,3342.614746,4156.569824
2023-09-18,PROMIGAS.CL,3322.052002,4131.000000
2023-09-19,PROMIGAS.CL,3322.052002,4131.000000
2023-09-20,PROMIGAS.CL,3289.080811,4090.000000
2023-09-21,PROMIGAS.CL,3289.080811,4090.000000
2023-09-22,PROMIGAS.CL,3297.122314,4100.000000
2023-09-25,PROMIGAS.CL,3297.122314,4100.000000
2023-09-26,PROMIGAS.CL,3297.122314,4100.000000
2023-09-27,PROMIGAS.CL,3349.394043,4165.000000
2023-09-28,PROMIGAS.CL,3482.083252,4330.000000
2023-09-29,PROMIGAS.CL,3367.085938,4187.000000
2023-10-02,PROMIGAS.CL,3378.811279,4201.580078
2023-10-03,PROMIGAS.CL,3371.106689,4192.000000
2023-10-04,PROMIGAS.CL,3400.008789,4227.939941
2023-10-05,PROMIGAS.CL,3439.855713,4277.490234
2023-10-06,PROMIGAS.CL,3405.854736,4235.209961
2023-10-09,PROMIGAS.CL,3371.106689,4192.000000
2023-10-10,PROMIGAS.CL,3377.854004,4200.390137
2023-10-11,PROMIGAS.CL,3465.195312,4309.000000
2023-10-12,PROMIGAS.CL,3457.957764,4300.000000
2023-10-13,PROMIGAS.CL,3457.957764,4300.000000
2023-10-16,PROMIGAS.CL,3457.957764,4300.000000
2023-10-17,PROMIGAS.CL,3408.902588,4239.000000
2023-10-18,PROMIGAS.CL,3409.707031,4240.000000
2023-10-19,PROMIGAS.CL,3408.098877,4238.000000
2023-10-20,PROMIGAS.CL,3377.540283,4200.000000
2023-10-23,PROMIGAS.CL,3417.748779,4250.000000
2023-10-24,PROMIGAS.CL,3417.748779,4250.000000
2023-10-25,PROMIGAS.CL,3396.028320,4222.990234
2023-10-26,PROMIGAS.CL,3417.748779,4250.000000
2023-10-27,PROMIGAS.CL,3407.294922,4237.000000
2023-10-30,PROMIGAS.CL,3407.294922,4237.000000
2023-10-31,PROMIGAS.CL,3416.944580,4249.000000
2023-11-01,PROMIGAS.CL,3297.122314,4100.000000
2023-11-02,PROMIGAS.CL,3297.122314,4100.000000
2023-11-03,PROMIGAS.CL,3297.122314,4100.000000
2023-11-06,PROMIGAS.CL,3297.122314,4100.000000
2023-11-07,PROMIGAS.CL,3297.122314,4100.000000
2023-11-08,PROMIGAS.CL,3297.122314,4100.000000
2023-11-09,PROMIGAS.CL,3297.122314,4100.000000
2023-11-10,PROMIGAS.CL,3297.122314,4100.000000
2023-11-13,PROMIGAS.CL,3297.122314,4100.000000
2023-11-14,PROMIGAS.CL,3297.122314,4100.000000
2023-11-15,PROMIGAS.CL,3268.976318,4065.000000
2023-11-16,PROMIGAS.CL,3268.976318,4065.000000
2023-11-17,PROMIGAS.CL,3268.976318,4065.000000
2023-11-20,PROMIGAS.CL,3297.122314,4100.000000
2023-11-21,PROMIGAS.CL,3297.122314,4100.000000
2023-11-22,PROMIGAS.CL,3297.122314,4100.000000
2023-11-23,PROMIGAS.CL,3297.122314,4100.000000
2023-11-24,PROMIGAS.CL,3321.247559,4130.000000
2023-11-27,PROMIGAS.CL,3301.143555,4105.000000
2023-11-28,PROMIGAS.CL,3301.143555,4105.000000
2023-11-29,PROMIGAS.CL,3313.206299,4120.000000
2023-11-30,PROMIGAS.CL,3313.206299,4120.000000
2023-12-01,PROMIGAS.CL,3353.414795,4170.000000
2023-12-04,PROMIGAS.CL,3389.602783,4215.000000
2023-12-05,PROMIGAS.CL,3389.602783,4215.000000
2023-12-06,PROMIGAS.CL,3329.289307,4140.000000
2023-12-07,PROMIGAS.CL,3329.289307,4140.000000
2023-12-08,PROMIGAS.CL,3329.289307,4140.000000
2023-12-11,PROMIGAS.CL,3329.289307,4140.000000
2023-12-12,PROMIGAS.CL,3333.310547,4145.000000
2023-12-13,PROMIGAS.CL,3365.477539,4185.000000
2023-12-14,PROMIGAS.CL,3474.041504,4320.000000
2023-12-15,PROMIGAS.CL,3634.845947,4340.000000
2023-12-18,PROMIGAS.CL,3634.845947,4340.000000
2023-12-19,PROMIGAS.CL,3559.468750,4250.000000
2023-12-20,PROMIGAS.CL,3559.468750,4250.000000
2023-12-21,PROMIGAS.CL,3576.218994,4270.000000
2023-12-22,PROMIGAS.CL,3576.218994,4270.000000
2023-12-25,PROMIGAS.CL,3576.218994,4270.000000
2023-12-26,PROMIGAS.CL,3576.218994,4270.000000
2023-12-27,PROMIGAS.CL,3819.100098,4560.000000
2023-12-28,PROMIGAS.CL,3852.601318,4600.000000
2023-12-29,PROMIGAS.CL,3852.601318,4600.000000
2024-01-01,PROMIGAS.CL,3852.601318,4600.000000
2024-01-02,PROMIGAS.CL,3852.601318,4600.000000
2024-01-03,PROMIGAS.CL,3869.351807,4620.000000
2024-01-04,PROMIGAS.CL,3982.416992,4755.000000
2024-01-05,PROMIGAS.CL,4053.606689,4840.000000
2024-01-08,PROMIGAS.CL,4053.606689,4840.000000
2024-01-09,PROMIGAS.CL,4053.606689,4840.000000
2024-01-10,PROMIGAS.CL,4166.671875,4975.000000
2024-01-11,PROMIGAS.CL,4195.984863,5010.000000
2024-01-12,PROMIGAS.CL,4195.984863,5010.000000
2024-01-15,PROMIGAS.CL,4204.360352,5020.000000
2024-01-16,PROMIGAS.CL,4321.613281,5160.000000
2024-01-17,PROMIGAS.CL,4438.866211,5300.000000
2024-01-18,PROMIGAS.CL,4480.742676,5350.000000
2024-01-19,PROMIGAS.CL,4229.485840,5050.000000
2024-01-22,PROMIGAS.CL,4229.485840,5050.000000
2024-01-23,PROMIGAS.CL,4413.741211,5270.000000
2024-01-24,PROMIGAS.CL,4413.741211,5270.000000
2024-01-25,PROMIGAS.CL,4413.741211,5270.000000
2024-01-26,PROMIGAS.CL,4413.741211,5270.000000
2024-01-29,PROMIGAS.CL,4371.865723,5220.000000
2024-01-30,PROMIGAS.CL,4396.990723,5250.000000
2024-01-31,PROMIGAS.CL,4221.110840,5040.000000
2024-02-01,PROMIGAS.CL,4355.114746,5200.000000
2024-02-02,PROMIGAS.CL,4187.610352,5000.000000
2024-02-05,PROMIGAS.CL,4271.362305,5100.000000
2024-02-06,PROMIGAS.CL,4204.360352,5020.000000
2024-02-07,PROMIGAS.CL,4204.360352,5020.000000
2024-02-08,PROMIGAS.CL,4288.112305,5120.000000
2024-02-09,PROMIGAS.CL,4329.988770,5170.000000
2024-02-12,PROMIGAS.CL,4288.112305,5120.000000
2024-02-13,PROMIGAS.CL,4229.485840,5050.000000
2024-02-14,PROMIGAS.CL,4229.485840,5050.000000
2024-02-15,PROMIGAS.CL,4229.485840,5050.000000
2024-02-16,PROMIGAS.CL,4254.611816,5080.000000
2024-02-19,PROMIGAS.CL,4271.362305,5100.000000
2024-02-20,PROMIGAS.CL,4187.610352,5000.000000
2024-02-21,PROMIGAS.CL,4271.362305,5100.000000
2024-02-22,PROMIGAS.CL,4187.610352,5000.000000
2024-02-23,PROMIGAS.CL,4187.610352,5000.000000
2024-02-26,PROMIGAS.CL,4187.610352,5000.000000
2024-02-27,PROMIGAS.CL,4187.610352,5000.000000
2024-02-28,PROMIGAS.CL,4355.114746,5200.000000
2024-02-29,PROMIGAS.CL,4254.611816,5080.000000
2024-03-01,PROMIGAS.CL,4271.362305,5100.000000
2024-03-04,PROMIGAS.CL,4271.362305,5100.000000
2024-03-05,PROMIGAS.CL,4271.362305,5100.000000
2024-03-06,PROMIGAS.CL,4430.490723,5290.000000
2024-03-07,PROMIGAS.CL,4288.112305,5120.000000
2024-03-08,PROMIGAS.CL,4313.238281,5150.000000
2024-03-11,PROMIGAS.CL,4313.238281,5150.000000
2024-03-12,PROMIGAS.CL,4313.238281,5150.000000
2024-03-13,PROMIGAS.CL,4363.489746,5210.000000
2024-03-14,PROMIGAS.CL,4371.865723,5220.000000
2024-03-15,PROMIGAS.CL,4321.613281,5160.000000
2024-03-18,PROMIGAS.CL,4447.241211,5310.000000
2024-03-19,PROMIGAS.CL,4447.241211,5310.000000
2024-03-20,PROMIGAS.CL,4321.613281,5160.000000
2024-03-21,PROMIGAS.CL,4321.613281,5160.000000
2024-03-22,PROMIGAS.CL,4388.615723,5240.000000
2024-03-26,PROMIGAS.CL,4296.487793,5130.000000
2024-03-27,PROMIGAS.CL,4296.487793,5130.000000
2024-03-28,PROMIGAS.CL,4296.487793,5130.000000
2024-03-29,PROMIGAS.CL,4296.487793,5130.000000
2024-04-01,PROMIGAS.CL,4438.866211,5300.000000
2024-04-02,PROMIGAS.CL,4472.367188,5340.000000
2024-04-03,PROMIGAS.CL,4472.367188,5340.000000
2024-04-04,PROMIGAS.CL,4606.371094,5500.000000
2024-04-05,PROMIGAS.CL,4597.995605,5490.000000
2024-04-08,PROMIGAS.CL,4606.371094,5500.000000
2024-04-09,PROMIGAS.CL,4664.997559,5570.000000
2024-04-10,PROMIGAS.CL,4690.123535,5600.000000
2024-04-11,PROMIGAS.CL,4857.627930,5800.000000
2024-04-12,PROMIGAS.CL,4857.627930,5800.000000
2024-04-15,PROMIGAS.CL,4882.753418,5830.000000
2024-04-16,PROMIGAS.CL,4857.627930,5800.000000
2024-04-17,PROMIGAS.CL,4857.627930,5800.000000
2024-04-18,PROMIGAS.CL,5025.132324,6000.000000
2024-04-19,PROMIGAS.CL,5268.013184,6290.000000
2024-04-22,PROMIGAS.CL,5276.388184,6300.000000
2024-04-23,PROMIGAS.CL,5402.016602,6450.000000
2024-04-24,PROMIGAS.CL,5477.394043,6540.000000
2024-04-25,PROMIGAS.CL,5494.145020,6560.000000
2024-04-26,PROMIGAS.CL,5477.394043,6540.000000
2024-04-29,PROMIGAS.CL,5519.270020,6590.000000
2024-04-30,PROMIGAS.CL,5519.270020,6590.000000
2024-05-02,PROMIGAS.CL,5527.645508,6600.000000
2024-05-03,PROMIGAS.CL,4271.362305,5100.000000
2024-05-06,PROMIGAS.CL,5569.520996,6650.000000
2024-05-07,PROMIGAS.CL,5603.021973,6690.000000
2024-05-08,PROMIGAS.CL,5695.149902,6800.000000
2024-05-09,PROMIGAS.CL,5862.653809,7000.000000
2024-05-10,PROMIGAS.CL,6030.158203,7200.000000
2024-05-14,PROMIGAS.CL,6030.158203,7200.000000
2024-05-15,PROMIGAS.CL,5946.405762,7100.000000
2024-05-16,PROMIGAS.CL,5854.279297,6990.000000
2024-05-17,PROMIGAS.CL,5862.653809,7000.000000
2024-05-20,PROMIGAS.CL,5896.154785,7040.000000
2024-05-21,PROMIGAS.CL,5946.405762,7100.000000
2024-05-22,PROMIGAS.CL,5954.781250,7110.000000
2024-05-23,PROMIGAS.CL,5954.781250,7110.000000
2024-05-24,PROMIGAS.CL,6013.407715,7180.000000
2024-05-27,PROMIGAS.CL,6013.407715,7180.000000
2024-05-28,PROMIGAS.CL,6013.407715,7180.000000
2024-05-29,PROMIGAS.CL,5946.405762,7100.000000
2024-05-30,PROMIGAS.CL,6013.407715,7180.000000
2024-05-31,PROMIGAS.CL,5778.901855,6900.000000
2023-05-01,PYPL,74.281616,75.110001
2023-05-02,PYPL,71.482834,72.279999
2023-05-03,PYPL,70.642204,71.430000
2023-05-04,PYPL,71.018013,71.809998
2023-05-05,PYPL,74.143166,74.970001
2023-05-08,PYPL,74.687096,75.519997
2023-05-09,PYPL,65.178146,65.904999
2023-05-10,PYPL,62.680988,63.380001
2023-05-11,PYPL,63.472168,64.180000
2023-05-12,PYPL,61.009624,61.689999
2023-05-15,PYPL,61.563450,62.250000
2023-05-16,PYPL,60.129440,60.799999
2023-05-17,PYPL,60.782166,61.459999
2023-05-18,PYPL,60.594257,61.270000
2023-05-19,PYPL,60.248116,60.919998
2023-05-22,PYPL,62.334846,63.029999
2023-05-23,PYPL,61.316208,62.000000
2023-05-24,PYPL,61.118412,61.799999
2023-05-25,PYPL,58.715218,59.369999
2023-05-26,PYPL,59.555843,60.220001
2023-05-30,PYPL,61.365658,62.049999
2023-05-31,PYPL,61.306320,61.990002
2023-06-01,PYPL,62.354626,63.049999
2023-06-02,PYPL,63.254589,63.959999
2023-06-05,PYPL,63.798519,64.510002
2023-06-06,PYPL,64.302910,65.019997
2023-06-07,PYPL,63.333710,64.040001
2023-06-08,PYPL,63.531498,64.239998
2023-06-09,PYPL,62.789776,63.490002
2023-06-12,PYPL,63.027126,63.730000
2023-06-13,PYPL,62.859005,63.560001
2023-06-14,PYPL,62.898560,63.599998
2023-06-15,PYPL,65.123749,65.849998
2023-06-16,PYPL,65.697342,66.430000
2023-06-20,PYPL,68.130226,68.889999
2023-06-21,PYPL,67.437943,68.190002
2023-06-22,PYPL,67.813751,68.570000
2023-06-23,PYPL,66.201729,66.940002
2023-06-26,PYPL,65.707237,66.440002
2023-06-27,PYPL,65.499565,66.230003
2023-06-28,PYPL,65.301758,66.029999
2023-06-29,PYPL,65.133636,65.860001
2023-06-30,PYPL,65.994041,66.730003
2023-07-03,PYPL,67.348938,68.099998
2023-07-05,PYPL,68.090660,68.849998
2023-07-06,PYPL,65.410545,66.139999
2023-07-07,PYPL,66.053383,66.790001
2023-07-10,PYPL,68.515915,69.279999
2023-07-11,PYPL,69.841141,70.620003
2023-07-12,PYPL,69.811470,70.589996
2023-07-13,PYPL,71.591614,72.389999
2023-07-14,PYPL,71.304817,72.099998
2023-07-17,PYPL,72.679482,73.489998
2023-07-18,PYPL,73.549782,74.370003
2023-07-19,PYPL,73.401436,74.220001
2023-07-20,PYPL,72.214661,73.019997
2023-07-21,PYPL,72.184998,72.989998
2023-07-24,PYPL,72.877289,73.690002
2023-07-25,PYPL,72.155327,72.959999
2023-07-26,PYPL,72.620148,73.430000
2023-07-27,PYPL,71.235588,72.029999
2023-07-28,PYPL,73.164085,73.980003
2023-07-31,PYPL,74.983795,75.820000
2023-08-01,PYPL,74.696983,75.529999
2023-08-02,PYPL,72.392685,73.199997
2023-08-03,PYPL,63.472168,64.180000
2023-08-04,PYPL,62.057934,62.750000
2023-08-07,PYPL,63.709518,64.419998
2023-08-08,PYPL,62.493080,63.189999
2023-08-09,PYPL,61.335991,62.020000
2023-08-10,PYPL,62.097496,62.790001
2023-08-11,PYPL,60.861286,61.540001
2023-08-14,PYPL,62.572205,63.270000
2023-08-15,PYPL,58.814114,59.470001
2023-08-16,PYPL,59.021793,59.680000
2023-08-17,PYPL,57.953705,58.599998
2023-08-18,PYPL,58.764660,59.419998
2023-08-21,PYPL,58.853664,59.509998
2023-08-22,PYPL,60.307461,60.980000
2023-08-23,PYPL,61.078854,61.759998
2023-08-24,PYPL,60.040436,60.709999
2023-08-25,PYPL,60.515141,61.189999
2023-08-28,PYPL,60.989845,61.669998
2023-08-29,PYPL,61.810696,62.500000
2023-08-30,PYPL,62.720547,63.419998
2023-08-31,PYPL,61.820583,62.509998
2023-09-01,PYPL,62.868896,63.570000
2023-09-05,PYPL,63.037018,63.740002
2023-09-06,PYPL,62.107384,62.799999
2023-09-07,PYPL,60.970074,61.650002
2023-09-08,PYPL,60.307461,60.980000
2023-09-11,PYPL,61.246979,61.930000
2023-09-12,PYPL,62.117275,62.810001
2023-09-13,PYPL,62.146946,62.840000
2023-09-14,PYPL,63.729298,64.440002
2023-09-15,PYPL,63.501835,64.209999
2023-09-18,PYPL,62.245842,62.939999
2023-09-19,PYPL,61.504112,62.189999
2023-09-20,PYPL,60.188782,60.860001
2023-09-21,PYPL,57.973484,58.619999
2023-09-22,PYPL,57.241646,57.880001
2023-09-25,PYPL,58.210838,58.860001
2023-09-26,PYPL,58.280067,58.930000
2023-09-27,PYPL,56.707603,57.340000
2023-09-28,PYPL,57.538338,58.180000
2023-09-29,PYPL,57.815250,58.459999
2023-10-02,PYPL,57.914146,58.560001
2023-10-03,PYPL,56.668045,57.299999
2023-10-04,PYPL,57.924038,58.570000
2023-10-05,PYPL,56.846058,57.480000
2023-10-06,PYPL,57.132862,57.770000
2023-10-09,PYPL,57.320763,57.959999
2023-10-10,PYPL,57.083412,57.720001
2023-10-11,PYPL,57.429550,58.070000
2023-10-12,PYPL,55.733467,56.355000
2023-10-13,PYPL,55.135139,55.750000
2023-10-16,PYPL,56.371349,57.000000
2023-10-17,PYPL,56.529591,57.160000
2023-10-18,PYPL,55.184586,55.799999
2023-10-19,PYPL,54.205509,54.810001
2023-10-20,PYPL,52.801167,53.389999
2023-10-23,PYPL,52.860504,53.450001
2023-10-24,PYPL,53.641796,54.240002
2023-10-25,PYPL,50.922119,51.490002
2023-10-26,PYPL,51.179253,51.750000
2023-10-27,PYPL,49.834255,50.389999
2023-10-30,PYPL,50.486973,51.049999
2023-10-31,PYPL,51.228699,51.799999
2023-11-01,PYPL,51.090244,51.660000
2023-11-02,PYPL,54.452747,55.060001
2023-11-03,PYPL,55.481281,56.099998
2023-11-06,PYPL,54.017601,54.619999
2023-11-07,PYPL,54.027493,54.630001
2023-11-08,PYPL,54.472527,55.080002
2023-11-09,PYPL,53.681351,54.279999
2023-11-10,PYPL,54.165947,54.770000
2023-11-13,PYPL,53.790134,54.389999
2023-11-14,PYPL,56.054882,56.680000
2023-11-15,PYPL,57.607567,58.250000
2023-11-16,PYPL,56.193340,56.820000
2023-11-17,PYPL,55.916428,56.540001
2023-11-20,PYPL,56.361465,56.990002
2023-11-21,PYPL,54.789001,55.400002
2023-11-22,PYPL,55.718636,56.340000
2023-11-24,PYPL,55.145027,55.759998
2023-11-27,PYPL,55.768078,56.389999
2023-11-28,PYPL,57.825142,58.470001
2023-11-29,PYPL,57.330658,57.970001
2023-11-30,PYPL,56.974625,57.610001
2023-12-01,PYPL,58.992130,59.650002
2023-12-04,PYPL,59.189922,59.849998
2023-12-05,PYPL,57.281200,57.919998
2023-12-06,PYPL,58.873447,59.529999
2023-12-07,PYPL,57.835030,58.480000
2023-12-08,PYPL,58.289955,58.939999
2023-12-11,PYPL,58.388855,59.040001
2023-12-12,PYPL,58.240509,58.889999
2023-12-13,PYPL,61.049183,61.730000
2023-12-14,PYPL,61.187645,61.869999
2023-12-15,PYPL,60.584370,61.259998
2023-12-18,PYPL,60.792053,61.470001
2023-12-19,PYPL,62.315063,63.009998
2023-12-20,PYPL,61.059078,61.740002
2023-12-21,PYPL,61.375546,62.060001
2023-12-22,PYPL,61.157970,61.840000
2023-12-26,PYPL,61.870033,62.560001
2023-12-27,PYPL,61.988708,62.680000
2023-12-28,PYPL,62.384296,63.080002
2023-12-29,PYPL,60.732716,61.410000
2024-01-02,PYPL,60.782166,61.459999
2024-01-03,PYPL,57.983376,58.630001
2024-01-04,PYPL,57.805363,58.450001
2024-01-05,PYPL,59.456940,60.119999
2024-01-08,PYPL,61.059078,61.740002
2024-01-09,PYPL,60.376686,61.049999
2024-01-10,PYPL,60.287678,60.959999
2024-01-11,PYPL,60.673378,61.349998
2024-01-12,PYPL,60.327240,61.000000
2024-01-16,PYPL,57.805363,58.450001
2024-01-17,PYPL,59.229481,59.889999
2024-01-18,PYPL,61.405216,62.090000
2024-01-19,PYPL,65.094078,65.820000
2024-01-22,PYPL,63.037018,63.740002
2024-01-23,PYPL,64.065544,64.779999
2024-01-24,PYPL,62.324959,63.020000
2024-01-25,PYPL,60.040436,60.709999
2024-01-26,PYPL,61.098633,61.779999
2024-01-29,PYPL,63.056793,63.759998
2024-01-30,PYPL,62.977680,63.680000
2024-01-31,PYPL,60.673378,61.349998
2024-02-01,PYPL,61.335991,62.020000
2024-02-02,PYPL,61.731579,62.419998
2024-02-05,PYPL,60.861286,61.540001
2024-02-06,PYPL,63.007347,63.709999
2024-02-07,PYPL,62.542538,63.240002
2024-02-08,PYPL,55.510948,56.130001
2024-02-09,PYPL,58.260288,58.910000
2024-02-12,PYPL,59.427277,60.090000
2024-02-13,PYPL,57.617458,58.259998
2024-02-14,PYPL,58.220722,58.869999
2024-02-15,PYPL,59.041576,59.700001
2024-02-16,PYPL,58.487755,59.139999
2024-02-20,PYPL,57.983376,58.630001
2024-02-21,PYPL,56.846058,57.480000
2024-02-22,PYPL,57.706463,58.349998
2024-02-23,PYPL,58.507530,59.160000
2024-02-26,PYPL,58.675655,59.330002
2024-02-27,PYPL,59.496498,60.160000
2024-02-28,PYPL,59.585510,60.250000
2024-02-29,PYPL,59.674519,60.340000
2024-03-01,PYPL,59.872311,60.540001
2024-03-04,PYPL,59.318489,59.980000
2024-03-05,PYPL,57.627346,58.270000
2024-03-06,PYPL,57.479000,58.119999
2024-03-07,PYPL,57.854813,58.500000
2024-03-08,PYPL,58.359184,59.009998
2024-03-11,PYPL,59.417385,60.080002
2024-03-12,PYPL,59.367935,60.029999
2024-03-13,PYPL,61.761246,62.450001
2024-03-14,PYPL,62.305180,63.000000
2024-03-15,PYPL,62.156834,62.849998
2024-03-18,PYPL,63.521622,64.230003
2024-03-19,PYPL,62.315063,63.009998
2024-03-20,PYPL,64.332581,65.050003
2024-03-21,PYPL,65.410545,66.139999
2024-03-22,PYPL,64.055656,64.769997
2024-03-25,PYPL,65.272095,66.000000
2024-03-26,PYPL,65.934708,66.669998
2024-03-27,PYPL,65.835800,66.570000
2024-03-28,PYPL,66.251175,66.989998
2024-04-01,PYPL,64.312790,65.029999
2024-04-02,PYPL,63.946873,64.660004
2024-04-03,PYPL,64.619370,65.339996
2024-04-04,PYPL,63.828201,64.540001
2024-04-05,PYPL,64.431465,65.150002
2024-04-08,PYPL,65.608345,66.339996
2024-04-09,PYPL,66.261063,67.000000
2024-04-10,PYPL,65.153412,65.879997
2024-04-11,PYPL,65.074295,65.800003
2024-04-12,PYPL,63.877636,64.589996
2024-04-15,PYPL,62.809551,63.509998
2024-04-16,PYPL,62.730434,63.430000
2024-04-17,PYPL,62.562313,63.259998
2024-04-18,PYPL,61.415104,62.099998
2024-04-19,PYPL,61.622795,62.310001
2024-04-22,PYPL,62.493080,63.189999
2024-04-23,PYPL,63.719414,64.430000
2024-04-24,PYPL,64.124886,64.839996
2024-04-25,PYPL,63.393047,64.099998
2024-04-26,PYPL,65.232529,65.959999
2024-04-29,PYPL,66.251175,66.989998
2024-04-30,PYPL,67.170921,67.919998
2024-05-01,PYPL,65.410545,66.139999
2024-05-02,PYPL,66.241295,66.980003
2024-05-03,PYPL,64.975403,65.699997
2024-05-06,PYPL,64.886398,65.610001
2024-05-07,PYPL,65.192970,65.919998
2024-05-08,PYPL,63.106251,63.810001
2024-05-09,PYPL,63.739185,64.449997
2024-05-10,PYPL,62.235954,62.930000
2024-05-13,PYPL,63.244701,63.950001
2024-05-14,PYPL,63.867760,64.580002
2024-05-15,PYPL,63.195259,63.900002
2024-05-16,PYPL,63.393047,64.099998
2024-05-17,PYPL,63.768856,64.480003
2024-05-20,PYPL,64.055656,64.769997
2024-05-21,PYPL,63.393047,64.099998
2024-05-22,PYPL,61.504112,62.189999
2024-05-23,PYPL,60.900841,61.580002
2024-05-24,PYPL,60.960178,61.639999
2024-05-28,PYPL,61.484329,62.169998
2024-05-29,PYPL,60.376686,61.049999
2024-05-30,PYPL,61.820583,62.509998
2024-05-31,PYPL,62.295288,62.990002
2023-05-01,QS,6.520000,6.520000
2023-05-02,QS,6.160000,6.160000
2023-05-03,QS,6.200000,6.200000
2023-05-04,QS,6.100000,6.100000
2023-05-05,QS,6.390000,6.390000
2023-05-08,QS,6.390000,6.390000
2023-05-09,QS,6.230000,6.230000
2023-05-10,QS,6.160000,6.160000
2023-05-11,QS,6.030000,6.030000
2023-05-12,QS,5.810000,5.810000
2023-05-15,QS,5.940000,5.940000
2023-05-16,QS,5.860000,5.860000
2023-05-17,QS,6.200000,6.200000
2023-05-18,QS,6.190000,6.190000
2023-05-19,QS,6.040000,6.040000
2023-05-22,QS,6.780000,6.780000
2023-05-23,QS,6.650000,6.650000
2023-05-24,QS,6.450000,6.450000
2023-05-25,QS,6.240000,6.240000
2023-05-26,QS,6.320000,6.320000
2023-05-30,QS,6.440000,6.440000
2023-05-31,QS,6.490000,6.490000
2023-06-01,QS,6.540000,6.540000
2023-06-02,QS,6.660000,6.660000
2023-06-05,QS,6.810000,6.810000
2023-06-06,QS,7.290000,7.290000
2023-06-07,QS,7.330000,7.330000
2023-06-08,QS,6.810000,6.810000
2023-06-09,QS,6.300000,6.300000
2023-06-12,QS,6.570000,6.570000
2023-06-13,QS,7.500000,7.500000
2023-06-14,QS,7.490000,7.490000
2023-06-15,QS,7.890000,7.890000
2023-06-16,QS,7.620000,7.620000
2023-06-20,QS,7.430000,7.430000
2023-06-21,QS,7.060000,7.060000
2023-06-22,QS,6.770000,6.770000
2023-06-23,QS,6.840000,6.840000
2023-06-26,QS,6.640000,6.640000
2023-06-27,QS,6.930000,6.930000
2023-06-28,QS,7.280000,7.280000
2023-06-29,QS,7.820000,7.820000
2023-06-30,QS,7.990000,7.990000
2023-07-03,QS,8.240000,8.240000
2023-07-05,QS,8.620000,8.620000
2023-07-06,QS,8.610000,8.610000
2023-07-07,QS,8.780000,8.780000
2023-07-10,QS,9.530000,9.530000
2023-07-11,QS,9.870000,9.870000
2023-07-12,QS,10.160000,10.160000
2023-07-13,QS,10.140000,10.140000
2023-07-14,QS,9.860000,9.860000
2023-07-17,QS,10.270000,10.270000
2023-07-18,QS,10.560000,10.560000
2023-07-19,QS,10.190000,10.190000
2023-07-20,QS,10.130000,10.130000
2023-07-21,QS,9.420000,9.420000
2023-07-24,QS,9.440000,9.440000
2023-07-25,QS,9.360000,9.360000
2023-07-26,QS,9.370000,9.370000
2023-07-27,QS,10.710000,10.710000
2023-07-28,QS,13.270000,13.270000
2023-07-31,QS,13.310000,13.310000
2023-08-01,QS,12.520000,12.520000
2023-08-02,QS,11.110000,11.110000
2023-08-03,QS,8.810000,8.810000
2023-08-04,QS,8.020000,8.020000
2023-08-07,QS,7.980000,7.980000
2023-08-08,QS,8.150000,8.150000
2023-08-09,QS,7.800000,7.800000
2023-08-10,QS,7.530000,7.530000
2023-08-11,QS,7.500000,7.500000
2023-08-14,QS,7.440000,7.440000
2023-08-15,QS,7.040000,7.040000
2023-08-16,QS,6.960000,6.960000
2023-08-17,QS,6.820000,6.820000
2023-08-18,QS,6.820000,6.820000
2023-08-21,QS,6.920000,6.920000
2023-08-22,QS,6.820000,6.820000
2023-08-23,QS,6.840000,6.840000
2023-08-24,QS,6.710000,6.710000
2023-08-25,QS,6.910000,6.910000
2023-08-28,QS,6.860000,6.860000
2023-08-29,QS,7.270000,7.270000
2023-08-30,QS,7.150000,7.150000
2023-08-31,QS,7.140000,7.140000
2023-09-01,QS,7.080000,7.080000
2023-09-05,QS,7.000000,7.000000
2023-09-06,QS,7.000000,7.000000
2023-09-07,QS,6.960000,6.960000
2023-09-08,QS,6.870000,6.870000
2023-09-11,QS,6.930000,6.930000
2023-09-12,QS,7.070000,7.070000
2023-09-13,QS,6.980000,6.980000
2023-09-14,QS,7.140000,7.140000
2023-09-15,QS,6.930000,6.930000
2023-09-18,QS,6.900000,6.900000
2023-09-19,QS,7.030000,7.030000
2023-09-20,QS,6.840000,6.840000
2023-09-21,QS,6.490000,6.490000
2023-09-22,QS,6.430000,6.430000
2023-09-25,QS,6.390000,6.390000
2023-09-26,QS,6.230000,6.230000
2023-09-27,QS,6.350000,6.350000
2023-09-28,QS,6.540000,6.540000
2023-09-29,QS,6.690000,6.690000
2023-10-02,QS,6.480000,6.480000
2023-10-03,QS,6.120000,6.120000
2023-10-04,QS,6.520000,6.520000
2023-10-05,QS,6.250000,6.250000
2023-10-06,QS,6.420000,6.420000
2023-10-09,QS,6.210000,6.210000
2023-10-10,QS,6.430000,6.430000
2023-10-11,QS,6.370000,6.370000
2023-10-12,QS,6.130000,6.130000
2023-10-13,QS,6.070000,6.070000
2023-10-16,QS,6.280000,6.280000
2023-10-17,QS,6.560000,6.560000
2023-10-18,QS,6.210000,6.210000
2023-10-19,QS,6.080000,6.080000
2023-10-20,QS,5.840000,5.840000
2023-10-23,QS,5.840000,5.840000
2023-10-24,QS,5.880000,5.880000
2023-10-25,QS,5.610000,5.610000
2023-10-26,QS,5.220000,5.220000
2023-10-27,QS,5.280000,5.280000
2023-10-30,QS,5.290000,5.290000
2023-10-31,QS,5.220000,5.220000
2023-11-01,QS,5.090000,5.090000
2023-11-02,QS,5.680000,5.680000
2023-11-03,QS,6.090000,6.090000
2023-11-06,QS,5.880000,5.880000
2023-11-07,QS,5.960000,5.960000
2023-11-08,QS,5.750000,5.750000
2023-11-09,QS,5.460000,5.460000
2023-11-10,QS,5.470000,5.470000
2023-11-13,QS,5.530000,5.530000
2023-11-14,QS,6.000000,6.000000
2023-11-15,QS,6.260000,6.260000
2023-11-16,QS,5.880000,5.880000
2023-11-17,QS,6.060000,6.060000
2023-11-20,QS,6.040000,6.040000
2023-11-21,QS,5.710000,5.710000
2023-11-22,QS,5.640000,5.640000
2023-11-24,QS,5.730000,5.730000
2023-11-27,QS,5.520000,5.520000
2023-11-28,QS,5.730000,5.730000
2023-11-29,QS,6.310000,6.310000
2023-11-30,QS,6.340000,6.340000
2023-12-01,QS,6.830000,6.830000
2023-12-04,QS,6.920000,6.920000
2023-12-05,QS,6.800000,6.800000
2023-12-06,QS,6.930000,6.930000
2023-12-07,QS,6.940000,6.940000
2023-12-08,QS,6.970000,6.970000
2023-12-11,QS,6.950000,6.950000
2023-12-12,QS,6.570000,6.570000
2023-12-13,QS,6.970000,6.970000
2023-12-14,QS,7.630000,7.630000
2023-12-15,QS,7.580000,7.580000
2023-12-18,QS,7.500000,7.500000
2023-12-19,QS,7.580000,7.580000
2023-12-20,QS,7.040000,7.040000
2023-12-21,QS,7.340000,7.340000
2023-12-22,QS,7.080000,7.080000
2023-12-26,QS,7.360000,7.360000
2023-12-27,QS,7.270000,7.270000
2023-12-28,QS,7.180000,7.180000
2023-12-29,QS,6.950000,6.950000
2024-01-02,QS,6.700000,6.700000
2024-01-03,QS,6.500000,6.500000
2024-01-04,QS,9.300000,9.300000
2024-01-05,QS,8.700000,8.700000
2024-01-08,QS,8.830000,8.830000
2024-01-09,QS,8.530000,8.530000
2024-01-10,QS,8.300000,8.300000
2024-01-11,QS,8.100000,8.100000
2024-01-12,QS,7.370000,7.370000
2024-01-16,QS,6.970000,6.970000
2024-01-17,QS,6.650000,6.650000
2024-01-18,QS,6.610000,6.610000
2024-01-19,QS,6.550000,6.550000
2024-01-22,QS,6.920000,6.920000
2024-01-23,QS,7.030000,7.030000
2024-01-24,QS,6.650000,6.650000
2024-01-25,QS,6.650000,6.650000
2024-01-26,QS,6.630000,6.630000
2024-01-29,QS,7.180000,7.180000
2024-01-30,QS,7.040000,7.040000
2024-01-31,QS,6.810000,6.810000
2024-02-01,QS,6.970000,6.970000
2024-02-02,QS,6.940000,6.940000
2024-02-05,QS,6.760000,6.760000
2024-02-06,QS,7.390000,7.390000
2024-02-07,QS,7.290000,7.290000
2024-02-08,QS,7.500000,7.500000
2024-02-09,QS,7.530000,7.530000
2024-02-12,QS,7.880000,7.880000
2024-02-13,QS,7.480000,7.480000
2024-02-14,QS,7.670000,7.670000
2024-02-15,QS,7.220000,7.220000
2024-02-16,QS,7.000000,7.000000
2024-02-20,QS,6.530000,6.530000
2024-02-21,QS,6.450000,6.450000
2024-02-22,QS,6.210000,6.210000
2024-02-23,QS,6.040000,6.040000
2024-02-26,QS,6.190000,6.190000
2024-02-27,QS,6.160000,6.160000
2024-02-28,QS,6.230000,6.230000
2024-02-29,QS,6.270000,6.270000
2024-03-01,QS,6.240000,6.240000
2024-03-04,QS,6.140000,6.140000
2024-03-05,QS,5.960000,5.960000
2024-03-06,QS,6.030000,6.030000
2024-03-07,QS,6.030000,6.030000
2024-03-08,QS,6.040000,6.040000
2024-03-11,QS,6.040000,6.040000
2024-03-12,QS,5.970000,5.970000
2024-03-13,QS,5.880000,5.880000
2024-03-14,QS,5.580000,5.580000
2024-03-15,QS,5.690000,5.690000
2024-03-18,QS,5.700000,5.700000
2024-03-19,QS,5.720000,5.720000
2024-03-20,QS,5.940000,5.940000
2024-03-21,QS,5.870000,5.870000
2024-03-22,QS,5.670000,5.670000
2024-03-25,QS,5.820000,5.820000
2024-03-26,QS,5.750000,5.750000
2024-03-27,QS,6.220000,6.220000
2024-03-28,QS,6.290000,6.290000
2024-04-01,QS,6.130000,6.130000
2024-04-02,QS,5.900000,5.900000
2024-04-03,QS,6.100000,6.100000
2024-04-04,QS,5.900000,5.900000
2024-04-05,QS,5.980000,5.980000
2024-04-08,QS,6.140000,6.140000
2024-04-09,QS,6.270000,6.270000
2024-04-10,QS,5.940000,5.940000
2024-04-11,QS,6.050000,6.050000
2024-04-12,QS,5.810000,5.810000
2024-04-15,QS,5.410000,5.410000
2024-04-16,QS,5.450000,5.450000
2024-04-17,QS,5.560000,5.560000
2024-04-18,QS,5.450000,5.450000
2024-04-19,QS,5.360000,5.360000
2024-04-22,QS,5.390000,5.390000
2024-04-23,QS,5.590000,5.590000
2024-04-24,QS,5.480000,5.480000
2024-04-25,QS,5.100000,5.100000
2024-04-26,QS,5.390000,5.390000
2024-04-29,QS,5.500000,5.500000
2024-04-30,QS,5.420000,5.420000
2024-05-01,QS,5.410000,5.410000
2024-05-02,QS,5.580000,5.580000
2024-05-03,QS,5.700000,5.700000
2024-05-06,QS,5.830000,5.830000
2024-05-07,QS,5.580000,5.580000
2024-05-08,QS,5.440000,5.440000
2024-05-09,QS,5.380000,5.380000
2024-05-10,QS,5.390000,5.390000
2024-05-13,QS,5.970000,5.970000
2024-05-14,QS,6.260000,6.260000
2024-05-15,QS,6.020000,6.020000
2024-05-16,QS,5.810000,5.810000
2024-05-17,QS,5.600000,5.600000
2024-05-20,QS,5.660000,5.660000
2024-05-21,QS,5.690000,5.690000
2024-05-22,QS,5.770000,5.770000
2024-05-23,QS,5.530000,5.530000
2024-05-24,QS,5.800000,5.800000
2024-05-28,QS,5.800000,5.800000
2024-05-29,QS,5.720000,5.720000
2024-05-30,QS,5.990000,5.990000
2024-05-31,QS,5.910000,5.910000
2023-05-01,SOFI,5.470000,5.470000
2023-05-02,SOFI,4.905000,4.905000
2023-05-03,SOFI,4.850000,4.850000
2023-05-04,SOFI,4.895000,4.895000
2023-05-05,SOFI,5.160000,5.160000
2023-05-08,SOFI,5.470000,5.470000
2023-05-09,SOFI,5.410000,5.410000
2023-05-10,SOFI,5.480000,5.480000
2023-05-11,SOFI,5.140000,5.140000
2023-05-12,SOFI,5.020000,5.020000
2023-05-15,SOFI,4.770000,4.770000
2023-05-16,SOFI,4.760000,4.760000
2023-05-17,SOFI,4.960000,4.960000
2023-05-18,SOFI,5.070000,5.070000
2023-05-19,SOFI,4.930000,4.930000
2023-05-22,SOFI,5.260000,5.260000
2023-05-23,SOFI,5.290000,5.290000
2023-05-24,SOFI,5.310000,5.310000
2023-05-25,SOFI,5.210000,5.210000
2023-05-26,SOFI,5.410000,5.410000
2023-05-30,SOFI,6.030000,6.030000
2023-05-31,SOFI,6.940000,6.940000
2023-06-01,SOFI,6.820000,6.820000
2023-06-02,SOFI,7.030000,7.030000
2023-06-05,SOFI,7.250000,7.250000
2023-06-06,SOFI,7.650000,7.650000
2023-06-07,SOFI,7.740000,7.740000
2023-06-08,SOFI,8.120000,8.120000
2023-06-09,SOFI,8.180000,8.180000
2023-06-12,SOFI,9.160000,9.160000
2023-06-13,SOFI,9.540000,9.540000
2023-06-14,SOFI,9.740000,9.740000
2023-06-15,SOFI,9.550000,9.550000
2023-06-16,SOFI,8.600000,8.600000
2023-06-20,SOFI,8.590000,8.590000
2023-06-21,SOFI,8.630000,8.630000
2023-06-22,SOFI,8.490000,8.490000
2023-06-23,SOFI,8.280000,8.280000
2023-06-26,SOFI,8.200000,8.200000
2023-06-27,SOFI,8.640000,8.640000
2023-06-28,SOFI,8.870000,8.870000
2023-06-29,SOFI,8.710000,8.710000
2023-06-30,SOFI,8.340000,8.340000
2023-07-03,SOFI,8.520000,8.520000
2023-07-05,SOFI,8.380000,8.380000
2023-07-06,SOFI,8.100000,8.100000
2023-07-07,SOFI,8.050000,8.050000
2023-07-10,SOFI,8.710000,8.710000
2023-07-11,SOFI,9.070000,9.070000
2023-07-12,SOFI,9.200000,9.200000
2023-07-13,SOFI,9.160000,9.160000
2023-07-14,SOFI,9.080000,9.080000
2023-07-17,SOFI,9.480000,9.480000
2023-07-18,SOFI,9.570000,9.570000
2023-07-19,SOFI,9.850000,9.850000
2023-07-20,SOFI,9.570000,9.570000
2023-07-21,SOFI,9.430000,9.430000
2023-07-24,SOFI,9.450000,9.450000
2023-07-25,SOFI,9.330000,9.330000
2023-07-26,SOFI,9.520000,9.520000
2023-07-27,SOFI,9.090000,9.090000
2023-07-28,SOFI,9.550000,9.550000
2023-07-31,SOFI,11.450000,11.450000
2023-08-01,SOFI,10.350000,10.350000
2023-08-02,SOFI,10.080000,10.080000
2023-08-03,SOFI,10.050000,10.050000
2023-08-04,SOFI,9.500000,9.500000
2023-08-07,SOFI,9.390000,9.390000
2023-08-08,SOFI,9.310000,9.310000
2023-08-09,SOFI,8.990000,8.990000
2023-08-10,SOFI,8.720000,8.720000
2023-08-11,SOFI,8.650000,8.650000
2023-08-14,SOFI,8.680000,8.680000
2023-08-15,SOFI,8.370000,8.370000
2023-08-16,SOFI,8.260000,8.260000
2023-08-17,SOFI,8.110000,8.110000
2023-08-18,SOFI,8.220000,8.220000
2023-08-21,SOFI,8.290000,8.290000
2023-08-22,SOFI,8.150000,8.150000
2023-08-23,SOFI,8.430000,8.430000
2023-08-24,SOFI,8.120000,8.120000
2023-08-25,SOFI,8.290000,8.290000
2023-08-28,SOFI,8.230000,8.230000
2023-08-29,SOFI,8.460000,8.460000
2023-08-30,SOFI,8.740000,8.740000
2023-08-31,SOFI,8.660000,8.660000
2023-09-01,SOFI,8.790000,8.790000
2023-09-05,SOFI,8.750000,8.750000
2023-09-06,SOFI,8.540000,8.540000
2023-09-07,SOFI,8.570000,8.570000
2023-09-08,SOFI,8.550000,8.550000
2023-09-11,SOFI,8.900000,8.900000
2023-09-12,SOFI,9.000000,9.000000
2023-09-13,SOFI,8.800000,8.800000
2023-09-14,SOFI,9.050000,9.050000
2023-09-15,SOFI,9.070000,9.070000
2023-09-18,SOFI,8.670000,8.670000
2023-09-19,SOFI,8.620000,8.620000
2023-09-20,SOFI,8.320000,8.320000
2023-09-21,SOFI,7.950000,7.950000
2023-09-22,SOFI,7.540000,7.540000
2023-09-25,SOFI,7.510000,7.510000
2023-09-26,SOFI,7.400000,7.400000
2023-09-27,SOFI,7.600000,7.600000
2023-09-28,SOFI,7.770000,7.770000
2023-09-29,SOFI,7.990000,7.990000
2023-10-02,SOFI,7.840000,7.840000
2023-10-03,SOFI,7.280000,7.280000
2023-10-04,SOFI,7.470000,7.470000
2023-10-05,SOFI,7.650000,7.650000
2023-10-06,SOFI,7.990000,7.990000
2023-10-09,SOFI,8.180000,8.180000
2023-10-10,SOFI,8.360000,8.360000
2023-10-11,SOFI,8.590000,8.590000
2023-10-12,SOFI,8.390000,8.390000
2023-10-13,SOFI,8.120000,8.120000
2023-10-16,SOFI,8.250000,8.250000
2023-10-17,SOFI,8.250000,8.250000
2023-10-18,SOFI,7.770000,7.770000
2023-10-19,SOFI,7.630000,7.630000
2023-10-20,SOFI,7.370000,7.370000
2023-10-23,SOFI,7.260000,7.260000
2023-10-24,SOFI,7.380000,7.380000
2023-10-25,SOFI,7.080000,7.080000
2023-10-26,SOFI,6.900000,6.900000
2023-10-27,SOFI,6.870000,6.870000
2023-10-30,SOFI,6.940000,6.940000
2023-10-31,SOFI,7.550000,7.550000
2023-11-01,SOFI,7.580000,7.580000
2023-11-02,SOFI,8.170000,8.170000
2023-11-03,SOFI,8.010000,8.010000
2023-11-06,SOFI,7.490000,7.490000
2023-11-07,SOFI,7.420000,7.420000
2023-11-08,SOFI,7.310000,7.310000
2023-11-09,SOFI,6.850000,6.850000
2023-11-10,SOFI,6.940000,6.940000
2023-11-13,SOFI,7.040000,7.040000
2023-11-14,SOFI,7.480000,7.480000
2023-11-15,SOFI,7.370000,7.370000
2023-11-16,SOFI,6.710000,6.710000
2023-11-17,SOFI,6.830000,6.830000
2023-11-20,SOFI,6.615000,6.615000
2023-11-21,SOFI,6.720000,6.720000
2023-11-22,SOFI,6.900000,6.900000
2023-11-24,SOFI,6.860000,6.860000
2023-11-27,SOFI,7.030000,7.030000
2023-11-28,SOFI,7.340000,7.340000
2023-11-29,SOFI,7.350000,7.350000
2023-11-30,SOFI,7.290000,7.290000
2023-12-01,SOFI,7.830000,7.830000
2023-12-04,SOFI,7.960000,7.960000
2023-12-05,SOFI,7.990000,7.990000
2023-12-06,SOFI,7.890000,7.890000
2023-12-07,SOFI,7.960000,7.960000
2023-12-08,SOFI,8.130000,8.130000
2023-12-11,SOFI,8.070000,8.070000
2023-12-12,SOFI,7.950000,7.950000
2023-12-13,SOFI,8.940000,8.940000
2023-12-14,SOFI,9.470000,9.470000
2023-12-15,SOFI,9.350000,9.350000
2023-12-18,SOFI,9.660000,9.660000
2023-12-19,SOFI,9.940000,9.940000
2023-12-20,SOFI,9.310000,9.310000
2023-12-21,SOFI,9.640000,9.640000
2023-12-22,SOFI,9.710000,9.710000
2023-12-26,SOFI,9.960000,9.960000
2023-12-27,SOFI,10.320000,10.320000
2023-12-28,SOFI,10.280000,10.280000
2023-12-29,SOFI,9.950000,9.950000
2024-01-02,SOFI,9.650000,9.650000
2024-01-03,SOFI,8.310000,8.310000
2024-01-04,SOFI,8.420000,8.420000
2024-01-05,SOFI,8.220000,8.220000
2024-01-08,SOFI,8.530000,8.530000
2024-01-09,SOFI,8.320000,8.320000
2024-01-10,SOFI,8.480000,8.480000
2024-01-11,SOFI,8.170000,8.170000
2024-01-12,SOFI,7.890000,7.890000
2024-01-16,SOFI,7.720000,7.720000
2024-01-17,SOFI,7.530000,7.530000
2024-01-18,SOFI,7.410000,7.410000
2024-01-19,SOFI,7.490000,7.490000
2024-01-22,SOFI,7.920000,7.920000
2024-01-23,SOFI,7.750000,7.750000
2024-01-24,SOFI,7.560000,7.560000
2024-01-25,SOFI,7.650000,7.650000
2024-01-26,SOFI,7.620000,7.620000
2024-01-29,SOFI,9.160000,9.160000
2024-01-30,SOFI,8.400000,8.400000
2024-01-31,SOFI,7.830000,7.830000
2024-02-01,SOFI,7.730000,7.730000
2024-02-02,SOFI,7.880000,7.880000
2024-02-05,SOFI,7.580000,7.580000
2024-02-06,SOFI,7.800000,7.800000
2024-02-07,SOFI,7.660000,7.660000
2024-02-08,SOFI,8.080000,8.080000
2024-02-09,SOFI,8.130000,8.130000
2024-02-12,SOFI,8.330000,8.330000
2024-02-13,SOFI,8.020000,8.020000
2024-02-14,SOFI,8.420000,8.420000
2024-02-15,SOFI,8.530000,8.530000
2024-02-16,SOFI,8.360000,8.360000
2024-02-20,SOFI,8.510000,8.510000
2024-02-21,SOFI,8.110000,8.110000
2024-02-22,SOFI,8.160000,8.160000
2024-02-23,SOFI,8.170000,8.170000
2024-02-26,SOFI,8.540000,8.540000
2024-02-27,SOFI,9.150000,9.150000
2024-02-28,SOFI,8.860000,8.860000
2024-02-29,SOFI,8.980000,8.980000
2024-03-01,SOFI,8.990000,8.990000
2024-03-04,SOFI,8.580000,8.580000
2024-03-05,SOFI,7.270000,7.270000
2024-03-06,SOFI,7.400000,7.400000
2024-03-07,SOFI,7.470000,7.470000
2024-03-08,SOFI,7.710000,7.710000
2024-03-11,SOFI,7.680000,7.680000
2024-03-12,SOFI,7.480000,7.480000
2024-03-13,SOFI,7.380000,7.380000
2024-03-14,SOFI,7.050000,7.050000
2024-03-15,SOFI,7.030000,7.030000
2024-03-18,SOFI,7.080000,7.080000
2024-03-19,SOFI,6.920000,6.920000
2024-03-20,SOFI,7.360000,7.360000
2024-03-21,SOFI,7.440000,7.440000
2024-03-22,SOFI,7.300000,7.300000
2024-03-25,SOFI,7.450000,7.450000
2024-03-26,SOFI,7.200000,7.200000
2024-03-27,SOFI,7.360000,7.360000
2024-03-28,SOFI,7.300000,7.300000
2024-04-01,SOFI,7.220000,7.220000
2024-04-02,SOFI,7.200000,7.200000
2024-04-03,SOFI,7.540000,7.540000
2024-04-04,SOFI,7.310000,7.310000
2024-04-05,SOFI,7.400000,7.400000
2024-04-08,SOFI,7.760000,7.760000
2024-04-09,SOFI,7.890000,7.890000
2024-04-10,SOFI,7.560000,7.560000
2024-04-11,SOFI,7.640000,7.640000
2024-04-12,SOFI,7.330000,7.330000
2024-04-15,SOFI,7.120000,7.120000
2024-04-16,SOFI,7.200000,7.200000
2024-04-17,SOFI,7.160000,7.160000
2024-04-18,SOFI,7.130000,7.130000
2024-04-19,SOFI,7.110000,7.110000
2024-04-22,SOFI,7.250000,7.250000
2024-04-23,SOFI,7.580000,7.580000
2024-04-24,SOFI,7.600000,7.600000
2024-04-25,SOFI,7.590000,7.590000
2024-04-26,SOFI,7.870000,7.870000
2024-04-29,SOFI,7.045000,7.045000
2024-04-30,SOFI,6.780000,6.780000
2024-05-01,SOFI,6.920000,6.920000
2024-05-02,SOFI,6.990000,6.990000
2024-05-03,SOFI,6.960000,6.960000
2024-05-06,SOFI,7.160000,7.160000
2024-05-07,SOFI,7.060000,7.060000
2024-05-08,SOFI,7.050000,7.050000
2024-05-09,SOFI,7.060000,7.060000
2024-05-10,SOFI,6.940000,6.940000
2024-05-13,SOFI,7.110000,7.110000
2024-05-14,SOFI,7.470000,7.470000
2024-05-15,SOFI,7.270000,7.270000
2024-05-16,SOFI,7.120000,7.120000
2024-05-17,SOFI,7.280000,7.280000
2024-05-20,SOFI,7.190000,7.190000
2024-05-21,SOFI,7.080000,7.080000
2024-05-22,SOFI,7.020000,7.020000
2024-05-23,SOFI,6.830000,6.830000
2024-05-24,SOFI,6.920000,6.920000
2024-05-28,SOFI,6.890000,6.890000
2024-05-29,SOFI,6.850000,6.850000
2024-05-30,SOFI,6.910000,6.910000
2024-05-31,SOFI,6.900000,6.900000
2023-05-01,SOXL,14.357245,14.660000
2023-05-02,SOXL,14.053647,14.350000
2023-05-03,SOXL,13.554179,13.840000
2023-05-04,SOXL,13.319136,13.600000
2023-05-05,SOXL,14.171168,14.470000
2023-05-08,SOXL,14.347449,14.650000
2023-05-09,SOXL,13.652113,13.940000
2023-05-10,SOXL,14.014472,14.310000
2023-05-11,SOXL,13.779428,14.070000
2023-05-12,SOXL,13.730462,14.020000
2023-05-15,SOXL,14.797950,15.110000
2023-05-16,SOXL,14.739189,15.050000
2023-05-17,SOXL,15.806680,16.139999
2023-05-18,SOXL,17.305082,17.670000
2023-05-19,SOXL,17.030867,17.389999
2023-05-22,SOXL,17.167971,17.530001
2023-05-23,SOXL,16.570572,16.920000
2023-05-24,SOXL,15.698952,16.030001
2023-05-25,SOXL,18.754517,19.150000
2023-05-26,SOXL,22.407484,22.879999
2023-05-30,SOXL,22.397694,22.870001
2023-05-31,SOXL,20.713217,21.150000
2023-06-01,SOXL,21.702351,22.160000
2023-06-02,SOXL,21.565247,22.020000
2023-06-05,SOXL,20.536930,20.969999
2023-06-06,SOXL,21.281235,21.730000
2023-06-07,SOXL,21.193094,21.639999
2023-06-08,SOXL,21.819876,22.280001
2023-06-09,SOXL,21.937397,22.400000
2023-06-12,SOXL,24.091965,24.600000
2023-06-13,SOXL,25.032139,25.559999
2023-06-14,SOXL,26.089830,26.639999
2023-06-15,SOXL,25.414085,25.950001
2023-06-16,SOXL,24.718748,25.240000
2023-06-20,SOXL,24.140934,24.650000
2023-06-21,SOXL,22.343994,22.780001
2023-06-22,SOXL,22.657871,23.100000
2023-06-23,SOXL,21.471031,21.889999
2023-06-26,SOXL,21.667204,22.090000
2023-06-27,SOXL,23.903564,24.370001
2023-06-28,SOXL,23.266005,23.719999
2023-06-29,SOXL,23.354280,23.809999
2023-06-30,SOXL,24.354757,24.830000
2023-07-03,SOXL,25.002125,25.490000
2023-07-05,SOXL,23.393517,23.850000
2023-07-06,SOXL,22.540169,22.980000
2023-07-07,SOXL,22.520552,22.959999
2023-07-10,SOXL,23.854521,24.320000
2023-07-11,SOXL,23.874142,24.340000
2023-07-12,SOXL,25.198299,25.690001
2023-07-13,SOXL,26.757866,27.280001
2023-07-14,SOXL,25.727961,26.230000
2023-07-17,SOXL,27.522938,28.059999
2023-07-18,SOXL,27.719109,28.260000
2023-07-19,SOXL,26.767677,27.290001
2023-07-20,SOXL,23.825096,24.290001
2023-07-21,SOXL,24.443041,24.920000
2023-07-24,SOXL,24.423420,24.900000
2023-07-25,SOXL,25.629877,26.129999
2023-07-26,SOXL,24.580357,25.059999
2023-07-27,SOXL,25.953562,26.459999
2023-07-28,SOXL,27.611212,28.150000
2023-07-31,SOXL,27.866238,28.410000
2023-08-01,SOXL,27.983942,28.530001
2023-08-02,SOXL,24.796146,25.280001
2023-08-03,SOXL,24.668633,25.150000
2023-08-04,SOXL,24.403801,24.879999
2023-08-07,SOXL,25.168873,25.660000
2023-08-08,SOXL,23.991840,24.459999
2023-08-09,SOXL,22.648062,23.090000
2023-08-10,SOXL,22.373423,22.809999
2023-08-11,SOXL,20.735384,21.139999
2023-08-14,SOXL,22.491125,22.930000
2023-08-15,SOXL,21.382751,21.799999
2023-08-16,SOXL,20.137064,20.530001
2023-08-17,SOXL,19.528923,19.910000
2023-08-18,SOXL,19.764332,20.150000
2023-08-21,SOXL,21.461220,21.879999
2023-08-22,SOXL,20.941364,21.350000
2023-08-23,SOXL,22.167439,22.600000
2023-08-24,SOXL,20.019356,20.410000
2023-08-25,SOXL,20.264568,20.660000
2023-08-28,SOXL,21.010027,21.420000
2023-08-29,SOXL,22.628445,23.070000
2023-08-30,SOXL,22.952129,23.400000
2023-08-31,SOXL,23.403324,23.860001
2023-09-01,SOXL,23.560263,24.020000
2023-09-05,SOXL,23.560263,24.020000
2023-09-06,SOXL,22.991364,23.440001
2023-09-07,SOXL,21.451414,21.870001
2023-09-08,SOXL,21.088493,21.500000
2023-09-11,SOXL,21.039452,21.450001
2023-09-12,SOXL,20.539211,20.940001
2023-09-13,SOXL,20.823662,21.230000
2023-09-14,SOXL,21.235622,21.650000
2023-09-15,SOXL,19.411224,19.790001
2023-09-18,SOXL,19.548544,19.930000
2023-09-19,SOXL,19.089724,19.430000
2023-09-20,SOXL,18.156359,18.480000
2023-09-21,SOXL,17.114925,17.420000
2023-09-22,SOXL,17.527569,17.840000
2023-09-25,SOXL,17.900913,18.219999
2023-09-26,SOXL,16.938076,17.240000
2023-09-27,SOXL,17.370375,17.680000
2023-09-28,SOXL,18.313559,18.639999
2023-09-29,SOXL,18.539532,18.870001
2023-10-02,SOXL,18.745853,19.080000
2023-10-03,SOXL,17.576693,17.889999
2023-10-04,SOXL,18.313559,18.639999
2023-10-05,SOXL,18.077763,18.400000
2023-10-06,SOXL,19.129023,19.469999
2023-10-09,SOXL,19.040598,19.379999
2023-10-10,SOXL,19.698864,20.049999
2023-10-11,SOXL,20.150812,20.510000
2023-10-12,SOXL,20.317833,20.680000
2023-10-13,SOXL,18.647604,18.980000
2023-10-16,SOXL,19.463068,19.809999
2023-10-17,SOXL,18.962000,19.299999
2023-10-18,SOXL,17.959864,18.280001
2023-10-19,SOXL,17.124750,17.430000
2023-10-20,SOXL,16.348583,16.639999
2023-10-23,SOXL,16.102962,16.389999
2023-10-24,SOXL,16.741581,17.040001
2023-10-25,SOXL,14.707832,14.970000
2023-10-26,SOXL,14.472034,14.730000
2023-10-27,SOXL,14.835554,15.100000
2023-10-30,SOXL,14.275537,14.530000
2023-10-31,SOXL,14.639058,14.900000
2023-11-01,SOXL,15.670668,15.950000
2023-11-02,SOXL,16.780880,17.080000
2023-11-03,SOXL,18.058109,18.379999
2023-11-06,SOXL,17.930387,18.250000
2023-11-07,SOXL,18.274260,18.600000
2023-11-08,SOXL,18.343033,18.670000
2023-11-09,SOXL,18.067936,18.389999
2023-11-10,SOXL,20.239237,20.600000
2023-11-13,SOXL,19.669390,20.020000
2023-11-14,SOXL,21.752262,22.139999
2023-11-15,SOXL,22.233683,22.629999
2023-11-16,SOXL,22.322105,22.719999
2023-11-17,SOXL,22.724924,23.129999
2023-11-20,SOXL,23.756536,24.180000
2023-11-21,SOXL,22.440002,22.840000
2023-11-22,SOXL,22.597204,23.000000
2023-11-24,SOXL,22.685625,23.090000
2023-11-27,SOXL,22.567726,22.969999
2023-11-28,SOXL,22.145260,22.540001
2023-11-29,SOXL,22.813347,23.219999
2023-11-30,SOXL,22.410530,22.809999
2023-12-01,SOXL,22.665976,23.070000
2023-12-04,SOXL,21.919283,22.309999
2023-12-05,SOXL,21.545942,21.930000
2023-12-06,SOXL,21.093998,21.469999
2023-12-07,SOXL,22.774052,23.180000
2023-12-08,SOXL,23.284943,23.700001
2023-12-11,SOXL,25.652737,26.110001
2023-12-12,SOXL,26.183279,26.650000
2023-12-13,SOXL,27.431038,27.920000
2023-12-14,SOXL,29.661283,30.190001
2023-12-15,SOXL,30.034628,30.570000
2023-12-18,SOXL,29.759535,30.290001
2023-12-19,SOXL,30.211475,30.750000
2023-12-20,SOXL,27.607885,28.100000
2023-12-21,SOXL,29.796862,30.260000
2023-12-22,SOXL,30.043036,30.510000
2023-12-26,SOXL,31.667782,32.160000
2023-12-27,SOXL,31.854872,32.349998
2023-12-28,SOXL,31.726862,32.220001
2023-12-29,SOXL,30.919413,31.400000
2024-01-02,SOXL,27.610838,28.040001
2024-01-03,SOXL,25.848234,26.250000
2024-01-04,SOXL,25.188488,25.580000
2024-01-05,SOXL,25.533133,25.930000
2024-01-08,SOXL,27.994869,28.430000
2024-01-09,SOXL,27.985020,28.420000
2024-01-10,SOXL,27.738848,28.170000
2024-01-11,SOXL,28.024408,28.459999
2024-01-12,SOXL,27.669920,28.100000
2024-01-16,SOXL,28.743237,29.190001
2024-01-17,SOXL,27.994869,28.430000
2024-01-18,SOXL,30.712627,31.190001
2024-01-19,SOXL,34.326458,34.860001
2024-01-22,SOXL,34.720337,35.259998
2024-01-23,SOXL,35.370232,35.919998
2024-01-24,SOXL,36.847271,37.419998
2024-01-25,SOXL,36.551865,37.119999
2024-01-26,SOXL,33.489468,34.009998
2024-01-29,SOXL,34.503704,35.040001
2024-01-30,SOXL,33.016811,33.529999
2024-01-31,SOXL,31.608700,32.099998
2024-02-01,SOXL,31.953341,32.450001
2024-02-02,SOXL,33.134979,33.650002
2024-02-05,SOXL,34.562782,35.099998
2024-02-06,SOXL,33.312225,33.830002
2024-02-07,SOXL,34.818810,35.360001
2024-02-08,SOXL,36.581409,37.150002
2024-02-09,SOXL,38.718197,39.320000
2024-02-12,SOXL,38.550797,39.150002
2024-02-13,SOXL,36.276154,36.840000
2024-02-14,SOXL,38.521255,39.119999
2024-02-15,SOXL,38.511414,39.110001
2024-02-16,SOXL,37.743347,38.330002
2024-02-20,SOXL,35.862576,36.419998
2024-02-21,SOXL,35.586864,36.139999
2024-02-22,SOXL,40.786053,41.419998
2024-02-23,SOXL,39.555180,40.169998
2024-02-26,SOXL,40.579269,41.209999
2024-02-27,SOXL,40.480797,41.110001
2024-02-28,SOXL,39.190845,39.799999
2024-02-29,SOXL,42.184322,42.840000
2024-03-01,SOXL,47.590294,48.330002
2024-03-04,SOXL,49.008251,49.770000
2024-03-05,SOXL,46.123100,46.840000
2024-03-06,SOXL,49.451366,50.220001
2024-03-07,SOXL,54.473305,55.320000
2024-03-08,SOXL,48.200809,48.950001
2024-03-11,SOXL,46.054169,46.770000
2024-03-12,SOXL,48.821163,49.580002
2024-03-13,SOXL,45.374729,46.080002
2024-03-14,SOXL,42.863758,43.529999
2024-03-15,SOXL,42.085850,42.740002
2024-03-18,SOXL,41.888916,42.540001
2024-03-19,SOXL,40.819637,41.419998
2024-03-20,SOXL,42.770943,43.400002
2024-03-21,SOXL,45.638760,46.310001
2024-03-22,SOXL,45.757027,46.430000
2024-03-25,SOXL,45.224846,45.889999
2024-03-26,SOXL,44.377316,45.029999
2024-03-27,SOXL,45.826012,46.500000
2024-03-28,SOXL,45.855576,46.529999
2024-04-01,SOXL,47.294418,47.990002
2024-04-02,SOXL,45.215000,45.880001
2024-04-03,SOXL,45.520500,46.189999
2024-04-04,SOXL,41.755867,42.369999
2024-04-05,SOXL,42.987751,43.619999
2024-04-08,SOXL,43.362244,44.000000
2024-04-09,SOXL,44.732094,45.389999
2024-04-10,SOXL,42.465435,43.090000
2024-04-11,SOXL,45.136154,45.799999
2024-04-12,SOXL,40.908329,41.509998
2024-04-15,SOXL,39.203411,39.779999
2024-04-16,SOXL,39.952400,40.540001
2024-04-17,SOXL,36.522835,37.060001
2024-04-18,SOXL,34.403999,34.910000
2024-04-19,SOXL,30.343716,30.790001
2024-04-22,SOXL,31.605162,32.070000
2024-04-23,SOXL,33.615597,34.110001
2024-04-24,SOXL,34.975594,35.490002
2024-04-25,SOXL,36.867764,37.410000
2024-04-26,SOXL,39.223114,39.799999
2024-04-29,SOXL,40.021374,40.610001
2024-04-30,SOXL,37.626598,38.180000
2024-05-01,SOXL,33.871822,34.369999
2024-05-02,SOXL,35.921673,36.450001
2024-05-03,SOXL,38.405155,38.970001
2024-05-06,SOXL,40.701374,41.299999
2024-05-07,SOXL,39.775002,40.360001
2024-05-08,SOXL,39.824280,40.410000
2024-05-09,SOXL,39.380798,39.959999
2024-05-10,SOXL,40.435295,41.029999
2024-05-13,SOXL,40.671814,41.270000
2024-05-14,SOXL,42.583691,43.209999
2024-05-15,SOXL,46.318764,47.000000
2024-05-16,SOXL,45.589485,46.259998
2024-05-17,SOXL,44.741951,45.400002
2024-05-20,SOXL,47.550644,48.250000
2024-05-21,SOXL,47.284554,47.980000
2024-05-22,SOXL,48.664265,49.380001
2024-05-23,SOXL,48.102528,48.810001
2024-05-24,SOXL,50.694405,51.439999
2024-05-28,SOXL,53.256721,54.040001
2024-05-29,SOXL,50.241074,50.980000
2024-05-30,SOXL,49.275269,50.000000
2024-05-31,SOXL,47.885715,48.590000
2023-05-01,SPY,397.832367,415.510010
2023-05-02,SPY,393.361023,410.839996
2023-05-03,SPY,390.661041,408.019989
2023-05-04,SPY,387.894012,405.130005
2023-05-05,SPY,395.074951,412.630005
2023-05-08,SPY,395.180206,412.739990
2023-05-09,SPY,393.447205,410.929993
2023-05-10,SPY,395.285583,412.850006
2023-05-11,SPY,394.596252,412.130005
2023-05-12,SPY,394.079163,411.589996
2023-05-15,SPY,395.438782,413.010010
2023-05-16,SPY,392.796204,410.250000
2023-05-17,SPY,397.564301,415.230011
2023-05-18,SPY,401.394104,419.230011
2023-05-19,SPY,400.810059,418.619995
2023-05-22,SPY,400.972839,418.790009
2023-05-23,SPY,396.472809,414.089996
2023-05-24,SPY,393.600464,411.089996
2023-05-25,SPY,397.008942,414.649994
2023-05-26,SPY,402.150482,420.019989
2023-05-30,SPY,402.303619,420.179993
2023-05-31,SPY,400.072845,417.850006
2023-06-01,SPY,403.873993,421.820007
2023-06-02,SPY,409.714386,427.920013
2023-06-05,SPY,408.929382,427.100006
2023-06-06,SPY,409.819733,428.029999
2023-06-07,SPY,408.402710,426.549988
2023-06-08,SPY,410.872955,429.130005
2023-06-09,SPY,411.610168,429.899994
2023-06-12,SPY,415.344269,433.799988
2023-06-13,SPY,418.082581,436.660004
2023-06-14,SPY,418.580475,437.179993
2023-06-15,SPY,423.769867,442.600006
2023-06-16,SPY,422.326355,439.459991
2023-06-20,SPY,420.135315,437.179993
2023-06-21,SPY,417.982605,434.940002
2023-06-22,SPY,419.491486,436.510010
2023-06-23,SPY,416.320099,433.209991
2023-06-26,SPY,414.619171,431.440002
2023-06-27,SPY,419.164734,436.170013
2023-06-28,SPY,419.376129,436.390015
2023-06-29,SPY,421.029022,438.109985
2023-06-30,SPY,425.997498,443.279999
2023-07-03,SPY,426.487640,443.790009
2023-07-05,SPY,425.853394,443.130005
2023-07-06,SPY,422.518616,439.660004
2023-07-07,SPY,421.451935,438.549988
2023-07-10,SPY,422.518616,439.660004
2023-07-11,SPY,425.209473,442.459991
2023-07-12,SPY,428.630676,446.019989
2023-07-13,SPY,432.032654,449.559998
2023-07-14,SPY,431.763580,449.279999
2023-07-17,SPY,433.262756,450.839996
2023-07-18,SPY,436.482117,454.190002
2023-07-19,SPY,437.452789,455.200012
2023-07-20,SPY,434.550537,452.179993
2023-07-21,SPY,434.550537,452.179993
2023-07-24,SPY,436.491760,454.200012
2023-07-25,SPY,437.683411,455.440002
2023-07-26,SPY,437.750671,455.510010
2023-07-27,SPY,434.848358,452.489990
2023-07-28,SPY,439.105743,456.920013
2023-07-31,SPY,439.941772,457.790009
2023-08-01,SPY,438.682892,456.480011
2023-08-02,SPY,432.580475,450.130005
2023-08-03,SPY,431.340668,448.839996
2023-08-04,SPY,429.389893,446.809998
2023-08-07,SPY,433.137848,450.709991
2023-08-08,SPY,431.254272,448.750000
2023-08-09,SPY,428.371216,445.750000
2023-08-10,SPY,428.524963,445.910004
2023-08-11,SPY,428.275055,445.649994
2023-08-14,SPY,430.639160,448.109985
2023-08-15,SPY,425.622681,442.890015
2023-08-16,SPY,422.499390,439.640015
2023-08-17,SPY,419.279999,436.290009
2023-08-18,SPY,419.481903,436.500000
2023-08-21,SPY,422.211121,439.339996
2023-08-22,SPY,421.067474,438.149994
2023-08-23,SPY,425.757233,443.029999
2023-08-24,SPY,419.856628,436.890015
2023-08-25,SPY,422.816559,439.970001
2023-08-28,SPY,425.497833,442.760010
2023-08-29,SPY,431.648224,449.160004
2023-08-30,SPY,433.426147,451.010010
2023-08-31,SPY,432.791840,450.350006
2023-09-01,SPY,433.599060,451.190002
2023-09-05,SPY,431.725159,449.239990
2023-09-06,SPY,428.822876,446.220001
2023-09-07,SPY,427.506287,444.850006
2023-09-08,SPY,428.150177,445.519989
2023-09-11,SPY,430.965942,448.450012
2023-09-12,SPY,428.601807,445.989990
2023-09-13,SPY,429.101593,446.510010
2023-09-14,SPY,432.801422,450.359985
2023-09-15,SPY,427.586884,443.369995
2023-09-18,SPY,427.837708,443.630005
2023-09-19,SPY,426.950439,442.709991
2023-09-20,SPY,423.025391,438.640015
2023-09-21,SPY,416.033447,431.390015
2023-09-22,SPY,415.098022,430.420013
2023-09-25,SPY,416.843506,432.230011
2023-09-26,SPY,410.719513,425.880005
2023-09-27,SPY,410.883484,426.049988
2023-09-28,SPY,413.265594,428.519989
2023-09-29,SPY,412.262604,427.480011
2023-10-02,SPY,412.098602,427.309998
2023-10-03,SPY,406.582306,421.589996
2023-10-04,SPY,409.542999,424.660004
2023-10-05,SPY,409.388641,424.500000
2023-10-06,SPY,414.249237,429.540009
2023-10-09,SPY,416.901398,432.290009
2023-10-10,SPY,419.071259,434.540009
2023-10-11,SPY,420.787933,436.320007
2023-10-12,SPY,418.222565,433.660004
2023-10-13,SPY,416.139496,431.500000
2023-10-16,SPY,420.517853,436.040009
2023-10-17,SPY,420.498535,436.019989
2023-10-18,SPY,414.895355,430.209991
2023-10-19,SPY,411.249939,426.429993
2023-10-20,SPY,406.196533,421.190002
2023-10-23,SPY,405.492462,420.459991
2023-10-24,SPY,408.549652,423.630005
2023-10-25,SPY,402.686066,417.549988
2023-10-26,SPY,397.864075,412.549988
2023-10-27,SPY,396.060669,410.679993
2023-10-30,SPY,400.795868,415.589996
2023-10-31,SPY,403.312897,418.200012
2023-11-01,SPY,407.614197,422.660004
2023-11-02,SPY,415.425842,430.760010
2023-11-03,SPY,419.215942,434.690002
2023-11-06,SPY,420.180328,435.690002
2023-11-07,SPY,421.376160,436.929993
2023-11-08,SPY,421.684845,437.250000
2023-11-09,SPY,418.396210,433.839996
2023-11-10,SPY,424.925171,440.609985
2023-11-13,SPY,424.520142,440.190002
2023-11-14,SPY,432.756165,448.730011
2023-11-15,SPY,433.672241,449.679993
2023-11-16,SPY,434.202698,450.230011
2023-11-17,SPY,434.742767,450.790009
2023-11-20,SPY,438.089294,454.260010
2023-11-21,SPY,437.134491,453.269989
2023-11-22,SPY,438.822205,455.019989
2023-11-24,SPY,439.092163,455.299988
2023-11-27,SPY,438.301453,454.480011
2023-11-28,SPY,438.735352,454.929993
2023-11-29,SPY,438.426788,454.609985
2023-11-30,SPY,440.153076,456.399994
2023-12-01,SPY,442.756989,459.100006
2023-12-04,SPY,440.432800,456.690002
2023-12-05,SPY,440.346008,456.600006
2023-12-06,SPY,438.571472,454.760010
2023-12-07,SPY,441.917938,458.230011
2023-12-08,SPY,443.817810,460.200012
2023-12-11,SPY,445.544006,461.989990
2023-12-12,SPY,447.579010,464.100006
2023-12-13,SPY,453.751099,470.500000
2023-12-14,SPY,455.207397,472.010010
2023-12-15,SPY,454.457886,469.329987
2023-12-18,SPY,457.014252,471.970001
2023-12-19,SPY,459.793335,474.839996
2023-12-20,SPY,453.421844,468.260010
2023-12-21,SPY,457.721161,472.700012
2023-12-22,SPY,458.640991,473.649994
2023-12-26,SPY,460.577637,475.649994
2023-12-27,SPY,461.410400,476.510010
2023-12-28,SPY,461.584686,476.690002
2023-12-29,SPY,460.248413,475.309998
2024-01-02,SPY,457.672699,472.649994
2024-01-03,SPY,453.935089,468.790009
2024-01-04,SPY,452.472839,467.279999
2024-01-05,SPY,453.092682,467.920013
2024-01-08,SPY,459.560944,474.600006
2024-01-09,SPY,458.863739,473.880005
2024-01-10,SPY,461.458801,476.559998
2024-01-11,SPY,461.255493,476.350006
2024-01-12,SPY,461.575012,476.679993
2024-01-16,SPY,459.880493,474.929993
2024-01-17,SPY,457.324158,472.290009
2024-01-18,SPY,461.391022,476.489990
2024-01-19,SPY,467.142853,482.429993
2024-01-22,SPY,468.130463,483.450012
2024-01-23,SPY,469.495789,484.859985
2024-01-24,SPY,470.009003,485.390015
2024-01-25,SPY,472.565369,488.029999
2024-01-26,SPY,471.965027,487.410004
2024-01-29,SPY,475.702698,491.269989
2024-01-30,SPY,475.334717,490.890015
2024-01-31,SPY,467.578522,482.880005
2024-02-01,SPY,473.698303,489.200012
2024-02-02,SPY,478.685150,494.350006
2024-02-05,SPY,476.942108,492.549988
2024-02-06,SPY,478.326813,493.980011
2024-02-07,SPY,482.316254,498.100006
2024-02-08,SPY,482.529266,498.320007
2024-02-09,SPY,485.318085,501.200012
2024-02-12,SPY,485.105011,500.980011
2024-02-13,SPY,478.423615,494.079987
2024-02-14,SPY,482.771362,498.570007
2024-02-15,SPY,486.102325,502.010010
2024-02-16,SPY,483.681580,499.510010
2024-02-20,SPY,481.018707,496.760010
2024-02-21,SPY,481.454407,497.209991
2024-02-22,SPY,491.418396,507.500000
2024-02-23,SPY,491.757294,507.850006
2024-02-26,SPY,489.956238,505.989990
2024-02-27,SPY,490.866455,506.929993
2024-02-28,SPY,490.217712,506.260010
2024-02-29,SPY,491.980072,508.079987
2024-03-01,SPY,496.598846,512.849976
2024-03-04,SPY,496.066254,512.299988
2024-03-05,SPY,491.108551,507.179993
2024-03-06,SPY,493.597076,509.750000
2024-03-07,SPY,498.496735,514.809998
2024-03-08,SPY,495.504639,511.720001
2024-03-11,SPY,495.078644,511.279999
2024-03-12,SPY,500.404358,516.780029
2024-03-13,SPY,499.619904,515.969971
2024-03-14,SPY,498.632324,514.950012
2024-03-15,SPY,495.208435,509.829987
2024-03-18,SPY,498.151550,512.859985
2024-03-19,SPY,500.919800,515.710022
2024-03-20,SPY,505.552917,520.479980
2024-03-21,SPY,507.223633,522.200012
2024-03-22,SPY,506.262054,521.210022
2024-03-25,SPY,504.863373,519.770020
2024-03-26,SPY,503.930939,518.809998
2024-03-27,SPY,508.165863,523.169983
2024-03-28,SPY,508.068787,523.070007
2024-04-01,SPY,507.184753,522.159973
2024-04-02,SPY,503.960022,518.840027
2024-04-03,SPY,504.513641,519.409973
2024-04-04,SPY,498.355469,513.070007
2024-04-05,SPY,503.561768,518.429993
2024-04-08,SPY,503.843475,518.719971
2024-04-09,SPY,504.426270,519.320007
2024-04-10,SPY,499.375397,514.119995
2024-04-11,SPY,503.144135,518.000000
2024-04-12,SPY,496.199158,510.850006
2024-04-15,SPY,489.982727,504.450012
2024-04-16,SPY,489.089111,503.529999
2024-04-17,SPY,486.194550,500.549988
2024-04-18,SPY,485.194061,499.519989
2024-04-19,SPY,480.959198,495.160004
2024-04-22,SPY,485.388367,499.720001
2024-04-23,SPY,491.148285,505.649994
2024-04-24,SPY,490.915192,505.410004
2024-04-25,SPY,489.050262,503.489990
2024-04-26,SPY,493.683441,508.260010
2024-04-29,SPY,495.431854,510.059998
2024-04-30,SPY,487.583649,501.980011
2024-05-01,SPY,486.000305,500.350006
2024-05-02,SPY,490.546082,505.029999
2024-05-03,SPY,496.626556,511.290009
2024-05-06,SPY,501.755127,516.570007
2024-05-07,SPY,502.308777,517.140015
2024-05-08,SPY,502.357330,517.190002
2024-05-09,SPY,505.251862,520.169983
2024-05-10,SPY,505.902618,520.840027
2024-05-13,SPY,505.970673,520.909973
2024-05-14,SPY,508.292145,523.299988
2024-05-15,SPY,514.586304,529.780029
2024-05-16,SPY,513.527588,528.690002
2024-05-17,SPY,514.265747,529.450012
2024-05-20,SPY,514.858215,530.059998
2024-05-21,SPY,516.120911,531.359985
2024-05-22,SPY,514.634827,529.830017
2024-05-23,SPY,510.875793,525.960022
2024-05-24,SPY,514.255981,529.440002
2024-05-28,SPY,514.615417,529.809998
2024-05-29,SPY,511.011749,526.099976
2024-05-30,SPY,507.621918,522.609985
2024-05-31,SPY,512.245300,527.369995
2023-05-01,TERPEL.CL,5494.315430,7610.000000
2023-05-02,TERPEL.CL,5205.520508,7210.000000
2023-05-03,TERPEL.CL,5277.719727,7310.000000
2023-05-04,TERPEL.CL,5296.527344,7336.049805
2023-05-05,TERPEL.CL,5277.719727,7310.000000
2023-05-08,TERPEL.CL,5068.343262,7020.000000
2023-05-09,TERPEL.CL,5181.962891,7177.370117
2023-05-10,TERPEL.CL,5133.113281,7109.709961
2023-05-11,TERPEL.CL,5226.898926,7239.609863
2023-05-12,TERPEL.CL,5264.420410,7291.580078
2023-05-15,TERPEL.CL,5122.492188,7095.000000
2023-05-16,TERPEL.CL,5198.301270,7200.000000
2023-05-17,TERPEL.CL,5153.364746,7137.759766
2023-05-18,TERPEL.CL,5174.042480,7166.399902
2023-05-19,TERPEL.CL,5164.945312,7153.799805
2023-05-22,TERPEL.CL,5164.945312,7153.799805
2023-05-23,TERPEL.CL,5160.837402,7148.109863
2023-05-24,TERPEL.CL,5198.301270,7200.000000
2023-05-25,TERPEL.CL,5126.102539,7100.000000
2023-05-26,TERPEL.CL,5164.583984,7153.299805
2023-05-29,TERPEL.CL,5053.903809,7000.000000
2023-05-30,TERPEL.CL,5252.450195,7275.000000
2023-05-31,TERPEL.CL,5342.698730,7400.000000
2023-06-01,TERPEL.CL,5086.393555,7045.000000
2023-06-02,TERPEL.CL,5200.402344,7202.910156
2023-06-05,TERPEL.CL,5198.301270,7200.000000
2023-06-06,TERPEL.CL,5198.301270,7200.000000
2023-06-07,TERPEL.CL,5313.818848,7360.000000
2023-06-08,TERPEL.CL,5313.818848,7360.000000
2023-06-13,TERPEL.CL,5270.500000,7300.000000
2023-06-14,TERPEL.CL,5267.005371,7295.160156
2023-06-15,TERPEL.CL,5306.599121,7350.000000
2023-06-16,TERPEL.CL,5144.152344,7125.000000
2023-06-19,TERPEL.CL,5144.152344,7125.000000
2023-06-20,TERPEL.CL,5198.301270,7200.000000
2023-06-21,TERPEL.CL,5292.614258,7330.629883
2023-06-22,TERPEL.CL,5278.506348,7311.089844
2023-06-23,TERPEL.CL,5251.887207,7274.220215
2023-06-26,TERPEL.CL,5053.903809,7000.000000
2023-06-27,TERPEL.CL,5208.971680,7214.779785
2023-06-28,TERPEL.CL,5053.903809,7000.000000
2023-06-29,TERPEL.CL,5182.367188,7177.930176
2023-06-30,TERPEL.CL,5261.128418,7287.020020
2023-07-03,TERPEL.CL,5261.128418,7287.020020
2023-07-04,TERPEL.CL,5210.805664,7217.319824
2023-07-05,TERPEL.CL,5053.903809,7000.000000
2023-07-06,TERPEL.CL,5061.124023,7010.000000
2023-07-07,TERPEL.CL,5245.230469,7265.000000
2023-07-10,TERPEL.CL,5140.542480,7120.000000
2023-07-11,TERPEL.CL,5140.542480,7120.000000
2023-07-12,TERPEL.CL,5270.500000,7300.000000
2023-07-13,TERPEL.CL,5270.500000,7300.000000
2023-07-14,TERPEL.CL,5206.467285,7211.310059
2023-07-17,TERPEL.CL,5270.500000,7300.000000
2023-07-18,TERPEL.CL,5198.301270,7200.000000
2023-07-19,TERPEL.CL,5317.428711,7365.000000
2023-07-20,TERPEL.CL,5317.428711,7365.000000
2023-07-21,TERPEL.CL,5270.500000,7300.000000
2023-07-24,TERPEL.CL,5216.351074,7225.000000
2023-07-25,TERPEL.CL,5324.648926,7375.000000
2023-07-26,TERPEL.CL,5147.762207,7130.000000
2023-07-27,TERPEL.CL,5151.372070,7135.000000
2023-07-28,TERPEL.CL,5281.329590,7315.000000
2023-07-31,TERPEL.CL,5281.329590,7315.000000
2023-08-01,TERPEL.CL,5281.329590,7315.000000
2023-08-02,TERPEL.CL,5238.097168,7255.120117
2023-08-03,TERPEL.CL,5205.520508,7210.000000
2023-08-04,TERPEL.CL,5205.520508,7210.000000
2023-08-07,TERPEL.CL,5205.520508,7210.000000
2023-08-08,TERPEL.CL,5191.789062,7190.979980
2023-08-09,TERPEL.CL,5126.102539,7100.000000
2023-08-10,TERPEL.CL,5142.874512,7123.229980
2023-08-11,TERPEL.CL,5216.351074,7225.000000
2023-08-14,TERPEL.CL,5216.351074,7225.000000
2023-08-15,TERPEL.CL,5126.102539,7100.000000
2023-08-16,TERPEL.CL,5126.102539,7100.000000
2023-08-17,TERPEL.CL,5057.513672,7005.000000
2023-08-18,TERPEL.CL,5124.282715,7097.479980
2023-08-21,TERPEL.CL,5124.282715,7097.479980
2023-08-22,TERPEL.CL,5090.003418,7050.000000
2023-08-23,TERPEL.CL,5090.003418,7050.000000
2023-08-24,TERPEL.CL,5090.003418,7050.000000
2023-08-25,TERPEL.CL,5126.102539,7100.000000
2023-08-28,TERPEL.CL,5126.102539,7100.000000
2023-08-29,TERPEL.CL,5104.089355,7069.509766
2023-08-30,TERPEL.CL,5017.804688,6950.000000
2023-08-31,TERPEL.CL,5053.903809,7000.000000
2023-09-01,TERPEL.CL,4981.705566,6900.000000
2023-09-04,TERPEL.CL,4989.142090,6910.299805
2023-09-05,TERPEL.CL,4981.705566,6900.000000
2023-09-06,TERPEL.CL,4905.896484,6795.000000
2023-09-07,TERPEL.CL,5053.903809,7000.000000
2023-09-08,TERPEL.CL,5053.903809,7000.000000
2023-09-11,TERPEL.CL,5024.215820,6958.879883
2023-09-12,TERPEL.CL,5053.903809,7000.000000
2023-09-13,TERPEL.CL,4857.855469,6728.459961
2023-09-14,TERPEL.CL,5053.903809,7000.000000
2023-09-15,TERPEL.CL,4599.052734,6370.000000
2023-09-18,TERPEL.CL,4851.747559,6720.000000
2023-09-19,TERPEL.CL,4768.719238,6605.000000
2023-09-20,TERPEL.CL,4808.428223,6660.000000
2023-09-21,TERPEL.CL,4808.428223,6660.000000
2023-09-22,TERPEL.CL,4795.887695,6642.629883
2023-09-25,TERPEL.CL,4837.307617,6700.000000
2023-09-26,TERPEL.CL,4837.307617,6700.000000
2023-09-27,TERPEL.CL,4837.307617,6700.000000
2023-09-28,TERPEL.CL,5053.903809,7000.000000
2023-09-29,TERPEL.CL,4923.946289,6820.000000
2023-10-02,TERPEL.CL,5053.903809,7000.000000
2023-10-03,TERPEL.CL,4981.705566,6900.000000
2023-10-04,TERPEL.CL,4996.145020,6920.000000
2023-10-05,TERPEL.CL,5007.544922,6935.790039
2023-10-06,TERPEL.CL,4844.528320,6710.000000
2023-10-09,TERPEL.CL,4837.307617,6700.000000
2023-10-10,TERPEL.CL,4856.281738,6726.279785
2023-10-11,TERPEL.CL,4837.307617,6700.000000
2023-10-12,TERPEL.CL,4885.926758,6767.339844
2023-10-13,TERPEL.CL,4837.307617,6700.000000
2023-10-16,TERPEL.CL,4837.307617,6700.000000
2023-10-17,TERPEL.CL,5017.804688,6950.000000
2023-10-18,TERPEL.CL,4981.705566,6900.000000
2023-10-19,TERPEL.CL,4909.506348,6800.000000
2023-10-20,TERPEL.CL,4837.307617,6700.000000
2023-10-23,TERPEL.CL,4855.357910,6725.000000
2023-10-24,TERPEL.CL,4844.528320,6710.000000
2023-10-25,TERPEL.CL,4765.109375,6600.000000
2023-10-26,TERPEL.CL,4772.329102,6610.000000
2023-10-27,TERPEL.CL,4765.109375,6600.000000
2023-10-30,TERPEL.CL,4765.109375,6600.000000
2023-10-31,TERPEL.CL,4945.605957,6850.000000
2023-11-01,TERPEL.CL,4945.605957,6850.000000
2023-11-02,TERPEL.CL,4765.109375,6600.000000
2023-11-03,TERPEL.CL,4779.549316,6620.000000
2023-11-06,TERPEL.CL,4779.549316,6620.000000
2023-11-07,TERPEL.CL,4765.109375,6600.000000
2023-11-08,TERPEL.CL,4765.109375,6600.000000
2023-11-09,TERPEL.CL,4743.449707,6570.000000
2023-11-10,TERPEL.CL,4743.449707,6570.000000
2023-11-13,TERPEL.CL,4743.449707,6570.000000
2023-11-14,TERPEL.CL,4873.407715,6750.000000
2023-11-15,TERPEL.CL,4931.166016,6830.000000
2023-11-16,TERPEL.CL,5017.804688,6950.000000
2023-11-17,TERPEL.CL,4960.045898,6870.000000
2023-11-20,TERPEL.CL,4960.045898,6870.000000
2023-11-21,TERPEL.CL,5010.584961,6940.000000
2023-11-22,TERPEL.CL,5053.903809,7000.000000
2023-11-23,TERPEL.CL,5053.903809,7000.000000
2023-11-24,TERPEL.CL,5053.903809,7000.000000
2023-11-27,TERPEL.CL,5053.903809,7000.000000
2023-11-28,TERPEL.CL,5154.981934,7140.000000
2023-11-29,TERPEL.CL,5154.981934,7140.000000
2023-11-30,TERPEL.CL,5154.981934,7140.000000
2023-12-01,TERPEL.CL,5154.981934,7140.000000
2023-12-04,TERPEL.CL,5075.563477,7030.000000
2023-12-05,TERPEL.CL,5075.563477,7030.000000
2023-12-06,TERPEL.CL,5075.563477,7030.000000
2023-12-07,TERPEL.CL,4996.145020,6920.000000
2023-12-08,TERPEL.CL,4996.145020,6920.000000
2023-12-11,TERPEL.CL,5169.421875,7160.000000
2023-12-12,TERPEL.CL,5169.421875,7160.000000
2023-12-13,TERPEL.CL,5046.684082,6990.000000
2023-12-14,TERPEL.CL,5046.684082,6990.000000
2023-12-15,TERPEL.CL,5061.124023,7010.000000
2023-12-18,TERPEL.CL,5191.081055,7190.000000
2023-12-19,TERPEL.CL,5205.520508,7210.000000
2023-12-20,TERPEL.CL,5400.457520,7480.000000
2023-12-21,TERPEL.CL,5414.897461,7500.000000
2023-12-22,TERPEL.CL,5414.897461,7500.000000
2023-12-25,TERPEL.CL,5414.897461,7500.000000
2023-12-26,TERPEL.CL,5595.394043,7750.000000
2023-12-27,TERPEL.CL,5595.394043,7750.000000
2023-12-28,TERPEL.CL,5595.394043,7750.000000
2023-12-29,TERPEL.CL,5595.394043,7750.000000
2024-01-01,TERPEL.CL,5595.394043,7750.000000
2024-01-02,TERPEL.CL,5595.394043,7750.000000
2024-01-03,TERPEL.CL,5494.315430,7610.000000
2024-01-04,TERPEL.CL,5638.712891,7810.000000
2024-01-05,TERPEL.CL,5783.110352,8010.000000
2024-01-08,TERPEL.CL,5783.110352,8010.000000
2024-01-09,TERPEL.CL,5804.769531,8040.000000
2024-01-10,TERPEL.CL,5905.847656,8180.000000
2024-01-11,TERPEL.CL,6043.024902,8370.000000
2024-01-12,TERPEL.CL,6050.245117,8380.000000
2024-01-15,TERPEL.CL,6050.245117,8380.000000
2024-01-16,TERPEL.CL,5941.946777,8230.000000
2024-01-17,TERPEL.CL,5920.287598,8200.000000
2024-01-18,TERPEL.CL,5920.287598,8200.000000
2024-01-19,TERPEL.CL,5920.287598,8200.000000
2024-01-22,TERPEL.CL,5920.287598,8200.000000
2024-01-23,TERPEL.CL,5775.890137,8000.000000
2024-01-24,TERPEL.CL,5775.890137,8000.000000
2024-01-25,TERPEL.CL,5775.890137,8000.000000
2024-01-26,TERPEL.CL,5775.890137,8000.000000
2024-01-29,TERPEL.CL,5732.571289,7940.000000
2024-01-30,TERPEL.CL,5732.571289,7940.000000
2024-01-31,TERPEL.CL,5732.571289,7940.000000
2024-02-01,TERPEL.CL,5696.471680,7890.000000
2024-02-02,TERPEL.CL,5696.471680,7890.000000
2024-02-05,TERPEL.CL,5645.932617,7820.000000
2024-02-06,TERPEL.CL,5645.932617,7820.000000
2024-02-07,TERPEL.CL,5660.372070,7840.000000
2024-02-08,TERPEL.CL,5631.492676,7800.000000
2024-02-09,TERPEL.CL,5631.492676,7800.000000
2024-02-12,TERPEL.CL,5631.492676,7800.000000
2024-02-13,TERPEL.CL,5631.492676,7800.000000
2024-02-14,TERPEL.CL,5703.691406,7900.000000
2024-02-15,TERPEL.CL,5667.592285,7850.000000
2024-02-16,TERPEL.CL,5667.592285,7850.000000
2024-02-19,TERPEL.CL,5667.592285,7850.000000
2024-02-20,TERPEL.CL,5537.634766,7670.000000
2024-02-21,TERPEL.CL,5595.394043,7750.000000
2024-02-22,TERPEL.CL,5595.394043,7750.000000
2024-02-23,TERPEL.CL,5775.890137,8000.000000
2024-02-26,TERPEL.CL,5884.188477,8150.000000
2024-02-27,TERPEL.CL,5905.847656,8180.000000
2024-02-28,TERPEL.CL,5848.088867,8100.000000
2024-02-29,TERPEL.CL,5790.329590,8020.000000
2024-03-01,TERPEL.CL,5862.528320,8120.000000
2024-03-04,TERPEL.CL,5913.067383,8190.000000
2024-03-05,TERPEL.CL,5920.287598,8200.000000
2024-03-06,TERPEL.CL,5848.088867,8100.000000
2024-03-07,TERPEL.CL,5891.408203,8160.000000
2024-03-08,TERPEL.CL,5920.287598,8200.000000
2024-03-11,TERPEL.CL,5920.287598,8200.000000
2024-03-12,TERPEL.CL,6093.563965,8440.000000
2024-03-13,TERPEL.CL,6108.003906,8460.000000
2024-03-14,TERPEL.CL,6064.684570,8400.000000
2024-03-15,TERPEL.CL,5941.946777,8230.000000
2024-03-18,TERPEL.CL,5963.606934,8260.000000
2024-03-19,TERPEL.CL,6028.585449,8350.000000
2024-03-20,TERPEL.CL,6100.784180,8450.000000
2024-03-21,TERPEL.CL,6021.365723,8340.000000
2024-03-22,TERPEL.CL,5775.890137,8000.000000
2024-03-25,TERPEL.CL,5775.890137,8000.000000
2024-03-26,TERPEL.CL,6285.281738,7850.000000
2024-03-27,TERPEL.CL,6325.315430,7900.000000
2024-03-28,TERPEL.CL,6325.315430,7900.000000
2024-03-29,TERPEL.CL,6325.315430,7900.000000
2024-04-01,TERPEL.CL,6325.315430,7900.000000
2024-04-02,TERPEL.CL,6341.328613,7920.000000
2024-04-03,TERPEL.CL,6597.543945,8240.000000
2024-04-04,TERPEL.CL,6445.416504,8050.000000
2024-04-05,TERPEL.CL,6405.382812,8000.000000
2024-04-08,TERPEL.CL,6397.375977,7990.000000
2024-04-09,TERPEL.CL,6525.483887,8150.000000
2024-04-10,TERPEL.CL,6413.389160,8010.000000
2024-04-11,TERPEL.CL,6557.510254,8190.000000
2024-04-12,TERPEL.CL,6485.450195,8100.000000
2024-04-15,TERPEL.CL,6485.450195,8100.000000
2024-04-16,TERPEL.CL,6501.463379,8120.000000
2024-04-17,TERPEL.CL,6485.450195,8100.000000
2024-04-18,TERPEL.CL,6477.443359,8090.000000
2024-04-19,TERPEL.CL,6549.503418,8180.000000
2024-04-22,TERPEL.CL,6549.503418,8180.000000
2024-04-23,TERPEL.CL,6485.450195,8100.000000
2024-04-24,TERPEL.CL,6485.450195,8100.000000
2024-04-25,TERPEL.CL,6485.450195,8100.000000
2024-04-26,TERPEL.CL,6485.450195,8100.000000
2024-04-29,TERPEL.CL,6525.483887,8150.000000
2024-04-30,TERPEL.CL,6485.450195,8100.000000
2024-05-02,TERPEL.CL,6597.543945,8240.000000
2024-05-03,TERPEL.CL,6557.510254,8190.000000
2024-05-06,TERPEL.CL,6677.611328,8340.000000
2024-05-07,TERPEL.CL,6565.517578,8200.000000
2024-05-08,TERPEL.CL,6581.530762,8220.000000
2024-05-09,TERPEL.CL,6653.591309,8310.000000
2024-05-10,TERPEL.CL,6685.618164,8350.000000
2024-05-14,TERPEL.CL,6805.718750,8500.000000
2024-05-15,TERPEL.CL,7005.887207,8750.000000
2024-05-16,TERPEL.CL,7510.311523,9380.000000
2024-05-17,TERPEL.CL,8150.849121,10180.000000
2024-05-20,TERPEL.CL,7974.701660,9960.000000
2024-05-21,TERPEL.CL,7806.560059,9750.000000
2024-05-22,TERPEL.CL,7582.372070,9470.000000
2024-05-23,TERPEL.CL,7582.372070,9470.000000
2024-05-24,TERPEL.CL,7686.458984,9600.000000
2024-05-27,TERPEL.CL,7846.593750,9800.000000
2024-05-28,TERPEL.CL,7686.458984,9600.000000
2024-05-29,TERPEL.CL,7606.391602,9500.000000
2024-05-30,TERPEL.CL,7606.391602,9500.000000
2024-05-31,TERPEL.CL,7446.257324,9300.000000
2023-05-01,USDCOP=X,4694.939941,4694.939941
2023-05-02,USDCOP=X,4706.500000,4706.500000
2023-05-03,USDCOP=X,4708.729980,4708.729980
2023-05-04,USDCOP=X,4650.000000,4650.000000
2023-05-05,USDCOP=X,4603.950195,4603.950195
2023-05-08,USDCOP=X,4525.299805,4525.299805
2023-05-09,USDCOP=X,4504.750000,4504.750000
2023-05-10,USDCOP=X,4559.250000,4559.250000
2023-05-11,USDCOP=X,4548.000000,4548.000000
2023-05-12,USDCOP=X,4594.500000,4594.500000
2023-05-15,USDCOP=X,4557.029785,4557.029785
2023-05-16,USDCOP=X,4513.250000,4513.250000
2023-05-17,USDCOP=X,4535.149902,4535.149902
2023-05-18,USDCOP=X,4515.569824,4515.569824
2023-05-19,USDCOP=X,4525.250000,4525.250000
2023-05-22,USDCOP=X,4540.250000,4540.250000
2023-05-23,USDCOP=X,4526.689941,4526.689941
2023-05-24,USDCOP=X,4479.750000,4479.750000
2023-05-25,USDCOP=X,4443.250000,4443.250000
2023-05-26,USDCOP=X,4490.250000,4490.250000
2023-05-29,USDCOP=X,4468.490234,4468.490234
2023-05-30,USDCOP=X,4436.279785,4436.279785
2023-05-31,USDCOP=X,4391.250000,4391.250000
2023-06-01,USDCOP=X,4443.250000,4443.250000
2023-06-02,USDCOP=X,4389.250000,4389.250000
2023-06-05,USDCOP=X,4349.250000,4349.250000
2023-06-06,USDCOP=X,4294.250000,4294.250000
2023-06-07,USDCOP=X,4218.750000,4218.750000
2023-06-08,USDCOP=X,4216.250000,4216.250000
2023-06-09,USDCOP=X,4187.250000,4187.250000
2023-06-12,USDCOP=X,4178.250000,4178.250000
2023-06-13,USDCOP=X,4173.250000,4173.250000
2023-06-14,USDCOP=X,4180.250000,4180.250000
2023-06-15,USDCOP=X,4175.750000,4175.750000
2023-06-16,USDCOP=X,4146.250000,4146.250000
2023-06-19,USDCOP=X,4096.666992,4096.666992
2023-06-20,USDCOP=X,4166.250000,4166.250000
2023-06-21,USDCOP=X,4148.100098,4148.100098
2023-06-22,USDCOP=X,4152.500000,4152.500000
2023-06-23,USDCOP=X,4115.250000,4115.250000
2023-06-26,USDCOP=X,4187.250000,4187.250000
2023-06-27,USDCOP=X,4162.180176,4162.180176
2023-06-28,USDCOP=X,4164.750000,4164.750000
2023-06-29,USDCOP=X,4149.700195,4149.700195
2023-06-30,USDCOP=X,4167.850098,4167.850098
2023-07-03,USDCOP=X,4173.250000,4173.250000
2023-07-04,USDCOP=X,4171.250000,4171.250000
2023-07-05,USDCOP=X,4156.229980,4156.229980
2023-07-06,USDCOP=X,4127.930176,4127.930176
2023-07-07,USDCOP=X,4178.250000,4178.250000
2023-07-10,USDCOP=X,4173.609863,4173.609863
2023-07-11,USDCOP=X,4158.250000,4158.250000
2023-07-12,USDCOP=X,4186.750000,4186.750000
2023-07-13,USDCOP=X,4137.640137,4137.640137
2023-07-14,USDCOP=X,4097.250000,4097.250000
2023-07-17,USDCOP=X,4057.250000,4057.250000
2023-07-18,USDCOP=X,4013.250000,4013.250000
2023-07-19,USDCOP=X,4003.530029,4003.530029
2023-07-20,USDCOP=X,3974.250000,3974.250000
2023-07-21,USDCOP=X,3977.250000,3977.250000
2023-07-24,USDCOP=X,3971.560059,3971.560059
2023-07-25,USDCOP=X,3948.629883,3948.629883
2023-07-26,USDCOP=X,3973.000000,3973.000000
2023-07-27,USDCOP=X,3947.439941,3947.439941
2023-07-28,USDCOP=X,3954.250000,3954.250000
2023-07-31,USDCOP=X,3926.290039,3926.290039
2023-08-01,USDCOP=X,3906.020020,3906.020020
2023-08-02,USDCOP=X,3968.780029,3968.780029
2023-08-03,USDCOP=X,4041.530029,4041.530029
2023-08-04,USDCOP=X,4115.560059,4115.560059
2023-08-07,USDCOP=X,4088.770020,4088.770020
2023-08-08,USDCOP=X,4027.100098,4027.100098
2023-08-09,USDCOP=X,4049.469971,4049.469971
2023-08-10,USDCOP=X,4051.719971,4051.719971
2023-08-11,USDCOP=X,3987.020020,3987.020020
2023-08-14,USDCOP=X,3963.110107,3963.110107
2023-08-15,USDCOP=X,4038.250000,4038.250000
2023-08-16,USDCOP=X,4094.699951,4094.699951
2023-08-17,USDCOP=X,4122.500000,4122.500000
2023-08-18,USDCOP=X,4096.000000,4096.000000
2023-08-21,USDCOP=X,4116.890137,4116.890137
2023-08-22,USDCOP=X,4061.310059,4061.310059
2023-08-23,USDCOP=X,4111.250000,4111.250000
2023-08-24,USDCOP=X,4092.199951,4092.199951
2023-08-25,USDCOP=X,4080.250000,4080.250000
2023-08-28,USDCOP=X,4120.350098,4120.350098
2023-08-29,USDCOP=X,4121.930176,4121.930176
2023-08-30,USDCOP=X,4108.399902,4108.399902
2023-08-31,USDCOP=X,4096.779785,4096.779785
2023-09-01,USDCOP=X,4086.800049,4086.800049
2023-09-04,USDCOP=X,4061.449951,4061.449951
2023-09-05,USDCOP=X,4054.330078,4054.330078
2023-09-06,USDCOP=X,4084.750000,4084.750000
2023-09-07,USDCOP=X,4064.449951,4064.449951
2023-09-08,USDCOP=X,4027.030029,4027.030029
2023-09-11,USDCOP=X,4015.080078,4015.080078
2023-09-12,USDCOP=X,3985.750000,3985.750000
2023-09-13,USDCOP=X,3982.580078,3982.580078
2023-09-14,USDCOP=X,3959.750000,3959.750000
2023-09-15,USDCOP=X,3917.500000,3917.500000
2023-09-18,USDCOP=X,3928.250000,3928.250000
2023-09-19,USDCOP=X,3895.449951,3895.449951
2023-09-20,USDCOP=X,3921.750000,3921.750000
2023-09-21,USDCOP=X,3906.250000,3906.250000
2023-09-22,USDCOP=X,3941.750000,3941.750000
2023-09-25,USDCOP=X,3984.290039,3984.290039
2023-09-26,USDCOP=X,4018.830078,4018.830078
2023-09-27,USDCOP=X,4066.250000,4066.250000
2023-09-28,USDCOP=X,4102.549805,4102.549805
2023-09-29,USDCOP=X,4071.250000,4071.250000
2023-10-02,USDCOP=X,4075.919922,4075.919922
2023-10-03,USDCOP=X,4160.250000,4160.250000
2023-10-04,USDCOP=X,4215.750000,4215.750000
2023-10-05,USDCOP=X,4285.250000,4285.250000
2023-10-06,USDCOP=X,4347.250000,4347.250000
2023-10-09,USDCOP=X,4324.750000,4324.750000
2023-10-10,USDCOP=X,4315.250000,4315.250000
2023-10-11,USDCOP=X,4229.040039,4229.040039
2023-10-12,USDCOP=X,4215.250000,4215.250000
2023-10-13,USDCOP=X,4266.250000,4266.250000
2023-10-16,USDCOP=X,4235.250000,4235.250000
2023-10-17,USDCOP=X,4239.250000,4239.250000
2023-10-18,USDCOP=X,4196.729980,4196.729980
2023-10-19,USDCOP=X,4248.250000,4248.250000
2023-10-20,USDCOP=X,4257.750000,4257.750000
2023-10-23,USDCOP=X,4234.250000,4234.250000
2023-10-24,USDCOP=X,4211.799805,4211.799805
2023-10-25,USDCOP=X,4213.759766,4213.759766
2023-10-26,USDCOP=X,4185.250000,4185.250000
2023-10-27,USDCOP=X,4137.000000,4137.000000
2023-10-30,USDCOP=X,4082.329102,4082.329102
2023-10-31,USDCOP=X,4060.000000,4060.000000
2023-11-01,USDCOP=X,4112.750000,4112.750000
2023-11-02,USDCOP=X,4100.750000,4100.750000
2023-11-03,USDCOP=X,4046.919922,4046.919922
2023-11-06,USDCOP=X,3942.896973,3942.896973
2023-11-07,USDCOP=X,3977.250000,3977.250000
2023-11-08,USDCOP=X,4010.580078,4010.580078
2023-11-09,USDCOP=X,4088.500000,4088.500000
2023-11-10,USDCOP=X,4052.250000,4052.250000
2023-11-13,USDCOP=X,3981.988770,3981.988770
2023-11-14,USDCOP=X,4023.250000,4023.250000
2023-11-15,USDCOP=X,3960.250000,3960.250000
2023-11-16,USDCOP=X,4029.000000,4029.000000
2023-11-17,USDCOP=X,4085.699951,4085.699951
2023-11-20,USDCOP=X,4021.154785,4021.154785
2023-11-21,USDCOP=X,4046.679932,4046.679932
2023-11-22,USDCOP=X,4071.280029,4071.280029
2023-11-23,USDCOP=X,4066.060059,4066.060059
2023-11-24,USDCOP=X,4064.760010,4064.760010
2023-11-27,USDCOP=X,4008.766602,4008.766602
2023-11-28,USDCOP=X,4008.750000,4008.750000
2023-11-29,USDCOP=X,3953.429932,3953.429932
2023-11-30,USDCOP=X,3988.850098,3988.850098
2023-12-01,USDCOP=X,4014.580078,4014.580078
2023-12-04,USDCOP=X,3973.131592,3973.131592
2023-12-05,USDCOP=X,4018.750000,4018.750000
2023-12-06,USDCOP=X,4010.500000,4010.500000
2023-12-07,USDCOP=X,4000.100098,4000.100098
2023-12-08,USDCOP=X,3997.729980,3997.729980
2023-12-11,USDCOP=X,3948.164062,3948.164062
2023-12-12,USDCOP=X,3966.250000,3966.250000
2023-12-13,USDCOP=X,3987.139893,3987.139893
2023-12-14,USDCOP=X,3968.250000,3968.250000
2023-12-15,USDCOP=X,3964.500000,3964.500000
2023-12-18,USDCOP=X,3946.102051,3946.102051
2023-12-19,USDCOP=X,3932.750000,3932.750000
2023-12-20,USDCOP=X,3941.250000,3941.250000
2023-12-21,USDCOP=X,3939.879883,3939.879883
2023-12-22,USDCOP=X,3944.750000,3944.750000
2023-12-25,USDCOP=X,3904.773193,3904.773193
2023-12-26,USDCOP=X,3951.080078,3951.080078
2023-12-27,USDCOP=X,3858.000000,3858.000000
2023-12-28,USDCOP=X,3832.750000,3832.750000
2023-12-29,USDCOP=X,3879.750000,3879.750000
2024-01-01,USDCOP=X,3836.099609,3836.099609
2024-01-02,USDCOP=X,3883.090088,3883.090088
2024-01-03,USDCOP=X,3887.479980,3887.479980
2024-01-04,USDCOP=X,3896.750000,3896.750000
2024-01-05,USDCOP=X,3927.129883,3927.129883
2024-01-08,USDCOP=X,3874.189209,3874.189209
2024-01-09,USDCOP=X,3882.750000,3882.750000
2024-01-10,USDCOP=X,3938.250000,3938.250000
2024-01-11,USDCOP=X,3934.750000,3934.750000
2024-01-12,USDCOP=X,3916.729980,3916.729980
2024-01-15,USDCOP=X,3867.402344,3867.402344
2024-01-16,USDCOP=X,3909.479980,3909.479980
2024-01-17,USDCOP=X,3948.600098,3948.600098
2024-01-18,USDCOP=X,3956.429932,3956.429932
2024-01-19,USDCOP=X,3919.389893,3919.389893
2024-01-22,USDCOP=X,3869.931641,3869.931641
2024-01-23,USDCOP=X,3900.600098,3900.600098
2024-01-24,USDCOP=X,3955.959961,3955.959961
2024-01-25,USDCOP=X,3913.979980,3913.979980
2024-01-26,USDCOP=X,3937.500000,3937.500000
2024-01-29,USDCOP=X,3893.138184,3893.138184
2024-01-30,USDCOP=X,3926.729980,3926.729980
2024-01-31,USDCOP=X,3919.260010,3919.260010
2024-02-01,USDCOP=X,3915.280029,3915.280029
2024-02-02,USDCOP=X,3884.600098,3884.600098
2024-02-05,USDCOP=X,3877.012695,3877.012695
2024-02-06,USDCOP=X,3962.610107,3962.610107
2024-02-07,USDCOP=X,3950.090088,3950.090088
2024-02-08,USDCOP=X,3953.459961,3953.459961
2024-02-09,USDCOP=X,3945.000000,3945.000000
2024-02-12,USDCOP=X,3892.500977,3892.500977
2024-02-13,USDCOP=X,3911.919922,3911.919922
2024-02-14,USDCOP=X,3923.320068,3923.320068
2024-02-15,USDCOP=X,3913.209961,3913.209961
2024-02-16,USDCOP=X,3907.379883,3907.379883
2024-02-19,USDCOP=X,3863.140869,3863.140869
2024-02-20,USDCOP=X,3916.350098,3916.350098
2024-02-21,USDCOP=X,3916.889893,3916.889893
2024-02-22,USDCOP=X,3923.449951,3923.449951
2024-02-23,USDCOP=X,3926.879883,3926.879883
2024-02-26,USDCOP=X,3879.020020,3879.020020
2024-02-27,USDCOP=X,3959.709961,3959.709961
2024-02-28,USDCOP=X,3929.959961,3929.959961
2024-02-29,USDCOP=X,3923.189941,3923.189941
2024-03-01,USDCOP=X,3926.129883,3926.129883
2024-03-04,USDCOP=X,3867.059814,3867.059814
2024-03-05,USDCOP=X,3943.610107,3943.610107
2024-03-06,USDCOP=X,3942.979980,3942.979980
2024-03-07,USDCOP=X,3921.929932,3921.929932
2024-03-08,USDCOP=X,3914.010010,3914.010010
2024-03-11,USDCOP=X,3865.880859,3865.880859
2024-03-12,USDCOP=X,3907.250000,3907.250000
2024-03-13,USDCOP=X,3901.120117,3901.120117
2024-03-14,USDCOP=X,3901.250000,3901.250000
2024-03-15,USDCOP=X,3895.199951,3895.199951
2024-03-18,USDCOP=X,3848.223389,3848.223389
2024-03-19,USDCOP=X,3887.879883,3887.879883
2024-03-20,USDCOP=X,3873.929932,3873.929932
2024-03-21,USDCOP=X,3878.860107,3878.860107
2024-03-22,USDCOP=X,3887.850098,3887.850098
2024-03-25,USDCOP=X,3838.925049,3838.925049
2024-03-26,USDCOP=X,3946.120117,3946.120117
2024-03-27,USDCOP=X,3855.500000,3855.500000
2024-03-28,USDCOP=X,3846.379883,3846.379883
2024-03-29,USDCOP=X,3857.250000,3857.250000
2024-04-01,USDCOP=X,3859.449951,3859.449951
2024-04-02,USDCOP=X,3861.060059,3861.060059
2024-04-03,USDCOP=X,3830.250000,3830.250000
2024-04-04,USDCOP=X,3811.610107,3811.610107
2024-04-05,USDCOP=X,3768.250000,3768.250000
2024-04-08,USDCOP=X,3773.340088,3773.340088
2024-04-09,USDCOP=X,3771.350098,3771.350098
2024-04-10,USDCOP=X,3765.250000,3765.250000
2024-04-11,USDCOP=X,3802.250000,3802.250000
2024-04-12,USDCOP=X,3822.250000,3822.250000
2024-04-15,USDCOP=X,3813.100098,3813.100098
2024-04-16,USDCOP=X,3884.250000,3884.250000
2024-04-17,USDCOP=X,3921.500000,3921.500000
2024-04-18,USDCOP=X,3890.399902,3890.399902
2024-04-19,USDCOP=X,3926.649902,3926.649902
2024-04-22,USDCOP=X,3912.620117,3912.620117
2024-04-23,USDCOP=X,3909.850098,3909.850098
2024-04-24,USDCOP=X,3903.199951,3903.199951
2024-04-25,USDCOP=X,3937.500000,3937.500000
2024-04-26,USDCOP=X,3956.010010,3956.010010
2024-04-29,USDCOP=X,3963.489990,3963.489990
2024-04-30,USDCOP=X,3907.260010,3907.260010
2024-05-01,USDCOP=X,3907.750000,3907.750000
2024-05-02,USDCOP=X,3912.250000,3912.250000
2024-05-03,USDCOP=X,3895.750000,3895.750000
2024-05-06,USDCOP=X,3886.290039,3886.290039
2024-05-07,USDCOP=X,3892.750000,3892.750000
2024-05-08,USDCOP=X,3887.250000,3887.250000
2024-05-09,USDCOP=X,3896.250000,3896.250000
2024-05-10,USDCOP=X,3888.760010,3888.760010
2024-05-13,USDCOP=X,3889.110107,3889.110107
2024-05-14,USDCOP=X,3886.949951,3886.949951
2024-05-15,USDCOP=X,3851.750000,3851.750000
2024-05-16,USDCOP=X,3822.310059,3822.310059
2024-05-17,USDCOP=X,3826.379883,3826.379883
2024-05-20,USDCOP=X,3805.419922,3805.419922
2024-05-21,USDCOP=X,3824.919922,3824.919922
2024-05-22,USDCOP=X,3821.060059,3821.060059
2024-05-23,USDCOP=X,3827.899902,3827.899902
2024-05-24,USDCOP=X,3864.399902,3864.399902
2024-05-27,USDCOP=X,3862.989990,3862.989990
2024-05-28,USDCOP=X,3868.239990,3868.239990
2024-05-29,USDCOP=X,3858.389893,3858.389893
2024-05-30,USDCOP=X,3867.500000,3867.500000
2024-05-31,USDCOP=X,3864.750000,3864.750000
2023-05-01,VGK,56.593746,63.480000
2023-05-02,VGK,55.934021,62.740002
2023-05-03,VGK,56.112328,62.939999
2023-05-04,VGK,55.827038,62.619999
2023-05-05,VGK,56.665070,63.560001
2023-05-08,VGK,56.673981,63.570000
2023-05-09,VGK,56.228214,63.070000
2023-05-10,VGK,56.156906,62.990002
2023-05-11,VGK,55.916191,62.720001
2023-05-12,VGK,55.764629,62.549999
2023-05-15,VGK,56.183647,63.020000
2023-05-16,VGK,55.595242,62.360001
2023-05-17,VGK,55.835953,62.630001
2023-05-18,VGK,55.728973,62.509998
2023-05-19,VGK,56.139072,62.970001
2023-05-22,VGK,56.067749,62.889999
2023-05-23,VGK,55.247547,61.970001
2023-05-24,VGK,54.382771,61.000000
2023-05-25,VGK,54.240135,60.840000
2023-05-26,VGK,54.837440,61.509998
2023-05-30,VGK,54.266876,60.869999
2023-05-31,VGK,53.687386,60.220001
2023-06-01,VGK,54.320370,60.930000
2023-06-02,VGK,54.962265,61.650002
2023-06-05,VGK,54.570000,61.209999
2023-06-06,VGK,54.775043,61.439999
2023-06-07,VGK,54.534328,61.169998
2023-06-08,VGK,55.167316,61.880001
2023-06-09,VGK,54.837440,61.509998
2023-06-12,VGK,55.078167,61.779999
2023-06-13,VGK,55.506088,62.259998
2023-06-14,VGK,55.702225,62.480000
2023-06-15,VGK,56.460022,63.330002
2023-06-16,VGK,56.415440,63.279999
2023-06-20,VGK,55.616135,61.299999
2023-06-21,VGK,55.507259,61.180000
2023-06-22,VGK,55.289505,60.939999
2023-06-23,VGK,54.618122,60.200001
2023-06-26,VGK,54.690708,60.279999
2023-06-27,VGK,55.244148,60.889999
2023-06-28,VGK,55.198780,60.840000
2023-06-29,VGK,55.117130,60.750000
2023-06-30,VGK,55.979042,61.700001
2023-07-03,VGK,55.815735,61.520000
2023-07-05,VGK,55.089912,60.720001
2023-07-06,VGK,54.110043,59.639999
2023-07-07,VGK,54.463882,60.029999
2023-07-10,VGK,54.790504,60.389999
2023-07-11,VGK,55.380241,61.040001
2023-07-12,VGK,56.695793,62.490002
2023-07-13,VGK,57.584923,63.470001
2023-07-14,VGK,57.312744,63.169998
2023-07-17,VGK,57.231079,63.080002
2023-07-18,VGK,57.566769,63.450001
2023-07-19,VGK,57.557705,63.439999
2023-07-20,VGK,57.339958,63.200001
2023-07-21,VGK,57.539558,63.419998
2023-07-24,VGK,57.249229,63.099998
2023-07-25,VGK,57.358105,63.220001
2023-07-26,VGK,57.466976,63.340000
2023-07-27,VGK,57.131290,62.970001
2023-07-28,VGK,57.621208,63.509998
2023-07-31,VGK,57.603073,63.490002
2023-08-01,VGK,56.967968,62.790001
2023-08-02,VGK,55.933678,61.650002
2023-08-03,VGK,55.779442,61.480000
2023-08-04,VGK,55.879246,61.590000
2023-08-07,VGK,56.414536,62.180000
2023-08-08,VGK,56.115131,61.849998
2023-08-09,VGK,56.242153,61.990002
2023-08-10,VGK,56.459904,62.230000
2023-08-11,VGK,55.979042,61.700001
2023-08-14,VGK,55.870171,61.580002
2023-08-15,VGK,55.153419,60.790001
2023-08-16,VGK,54.817726,60.419998
2023-08-17,VGK,54.345943,59.900002
2023-08-18,VGK,54.255215,59.799999
2023-08-21,VGK,54.563686,60.139999
2023-08-22,VGK,54.364082,59.919998
2023-08-23,VGK,54.817726,60.419998
2023-08-24,VGK,54.055618,59.580002
2023-08-25,VGK,54.445747,60.009998
2023-08-28,VGK,55.017330,60.639999
2023-08-29,VGK,55.797585,61.500000
2023-08-30,VGK,55.770370,61.470001
2023-08-31,VGK,55.271362,60.919998
2023-09-01,VGK,55.080837,60.709999
2023-09-05,VGK,54.418526,59.980000
2023-09-06,VGK,54.218922,59.759998
2023-09-07,VGK,53.983032,59.500000
2023-09-08,VGK,54.064682,59.590000
2023-09-11,VGK,54.627197,60.209999
2023-09-12,VGK,54.273361,59.820000
2023-09-13,VGK,54.046551,59.570000
2023-09-14,VGK,54.690708,60.279999
2023-09-15,VGK,54.609047,60.189999
2023-09-18,VGK,54.227245,59.509998
2023-09-19,VGK,54.263695,59.549999
2023-09-20,VGK,54.363930,59.660000
2023-09-21,VGK,53.580273,58.799999
2023-09-22,VGK,53.461815,58.669998
2023-09-25,VGK,53.097328,58.270000
2023-09-26,VGK,52.432129,57.540001
2023-09-27,VGK,52.204327,57.290001
2023-09-28,VGK,52.714611,57.849998
2023-09-29,VGK,52.787514,57.930000
2023-10-02,VGK,51.885391,56.939999
2023-10-03,VGK,51.329544,56.330002
2023-10-04,VGK,51.584686,56.610001
2023-10-05,VGK,51.885391,56.939999
2023-10-06,VGK,52.559704,57.680000
2023-10-09,VGK,52.395676,57.500000
2023-10-10,VGK,53.215786,58.400002
2023-10-11,VGK,53.571156,58.790001
2023-10-12,VGK,52.960644,58.119999
2023-10-13,VGK,52.477692,57.590000
2023-10-16,VGK,52.960644,58.119999
2023-10-17,VGK,52.905968,58.060001
2023-10-18,VGK,51.930946,56.990002
2023-10-19,VGK,51.502674,56.520000
2023-10-20,VGK,51.010609,55.980000
2023-10-23,VGK,51.119953,56.099998
2023-10-24,VGK,51.311321,56.310001
2023-10-25,VGK,50.855701,55.810001
2023-10-26,VGK,50.637001,55.570000
2023-10-27,VGK,50.281628,55.180000
2023-10-30,VGK,51.065285,56.040001
2023-10-31,VGK,51.156403,56.139999
2023-11-01,VGK,51.502674,56.520000
2023-11-02,VGK,52.632587,57.759998
2023-11-03,VGK,53.069992,58.240002
2023-11-06,VGK,52.896851,58.049999
2023-11-07,VGK,52.659935,57.790001
2023-11-08,VGK,52.915081,58.070000
2023-11-09,VGK,52.905968,58.060001
2023-11-10,VGK,53.151997,58.330002
2023-11-13,VGK,53.288685,58.480000
2023-11-14,VGK,54.865105,60.209999
2023-11-15,VGK,54.855995,60.200001
2023-11-16,VGK,54.737530,60.070000
2023-11-17,VGK,55.493855,60.900002
2023-11-20,VGK,55.749004,61.180000
2023-11-21,VGK,55.512081,60.919998
2023-11-22,VGK,55.603207,61.020000
2023-11-24,VGK,56.195503,61.669998
2023-11-27,VGK,56.022369,61.480000
2023-11-28,VGK,56.022369,61.480000
2023-11-29,VGK,56.277515,61.759998
2023-11-30,VGK,56.149937,61.619999
2023-12-01,VGK,56.687572,62.209999
2023-12-04,VGK,56.377747,61.869999
2023-12-05,VGK,56.323082,61.810001
2023-12-06,VGK,56.332188,61.820000
2023-12-07,VGK,56.532661,62.040001
2023-12-08,VGK,56.842472,62.380001
2023-12-11,VGK,56.924488,62.470001
2023-12-12,VGK,57.024727,62.580002
2023-12-13,VGK,57.826603,63.459999
2023-12-14,VGK,58.491806,64.190002
2023-12-15,VGK,57.844822,63.480000
2023-12-18,VGK,58.016464,63.209999
2023-12-19,VGK,58.622242,63.869999
2023-12-20,VGK,57.933849,63.119999
2023-12-21,VGK,58.796627,64.059998
2023-12-22,VGK,58.833336,64.099998
2023-12-26,VGK,59.200462,64.500000
2023-12-27,VGK,59.530899,64.860001
2023-12-28,VGK,59.127041,64.419998
2023-12-29,VGK,59.182121,64.480003
2024-01-02,VGK,58.438663,63.669998
2024-01-03,VGK,57.943039,63.130001
2024-01-04,VGK,58.273457,63.490002
2024-01-05,VGK,58.163315,63.369999
2024-01-08,VGK,58.824154,64.089996
2024-01-09,VGK,58.236744,63.450001
2024-01-10,VGK,58.484562,63.720001
2024-01-11,VGK,58.227562,63.439999
2024-01-12,VGK,58.392776,63.619999
2024-01-16,VGK,57.282200,62.410000
2024-01-17,VGK,56.832451,61.919998
2024-01-18,VGK,57.337265,62.470001
2024-01-19,VGK,57.355618,62.490002
2024-01-22,VGK,57.456589,62.599998
2024-01-23,VGK,57.318913,62.450001
2024-01-24,VGK,57.887966,63.070000
2024-01-25,VGK,58.154137,63.360001
2024-01-26,VGK,58.677311,63.930000
2024-01-29,VGK,58.870056,64.139999
2024-01-30,VGK,58.897583,64.169998
2024-01-31,VGK,58.457027,63.689999
2024-02-01,VGK,59.035267,64.320000
2024-02-02,VGK,58.466198,63.700001
2024-02-05,VGK,58.126606,63.330002
2024-02-06,VGK,58.594704,63.840000
2024-02-07,VGK,58.401958,63.630001
2024-02-08,VGK,58.401958,63.630001
2024-02-09,VGK,58.603874,63.849998
2024-02-12,VGK,58.649773,63.900002
2024-02-13,VGK,57.511650,62.660000
2024-02-14,VGK,58.319347,63.540001
2024-02-15,VGK,58.961834,64.239998
2024-02-16,VGK,59.053608,64.339996
2024-02-20,VGK,59.356506,64.669998
2024-02-21,VGK,59.429935,64.750000
2024-02-22,VGK,60.026531,65.400002
2024-02-23,VGK,60.099945,65.480003
2024-02-26,VGK,60.035709,65.410004
2024-02-27,VGK,60.136665,65.519997
2024-02-28,VGK,59.833778,65.190002
2024-02-29,VGK,59.861309,65.220001
2024-03-01,VGK,60.366119,65.769997
2024-03-04,VGK,60.283524,65.680000
2024-03-05,VGK,60.035709,65.410004
2024-03-06,VGK,60.678192,66.110001
2024-03-07,VGK,61.623573,67.139999
2024-03-08,VGK,61.348206,66.839996
2024-03-11,VGK,61.357380,66.849998
2024-03-12,VGK,61.953979,67.500000
2024-03-13,VGK,62.064125,67.620003
2024-03-14,VGK,61.605198,67.120003
2024-03-15,VGK,61.549828,66.690002
2024-03-18,VGK,61.189888,66.300003
2024-03-19,VGK,61.291420,66.410004
2024-03-20,VGK,62.029747,67.209999
2024-03-21,VGK,61.872845,67.040001
2024-03-22,VGK,61.725182,66.879997
2024-03-25,VGK,61.789791,66.949997
2024-03-26,VGK,61.882084,67.050003
2024-03-27,VGK,62.260494,67.459999
2024-03-28,VGK,62.149727,67.339996
2024-04-01,VGK,62.038982,67.220001
2024-04-02,VGK,61.503685,66.639999
2024-04-03,VGK,61.937458,67.110001
2024-04-04,VGK,61.457531,66.589996
2024-04-05,VGK,61.614441,66.760002
2024-04-08,VGK,61.928223,67.099998
2024-04-09,VGK,61.799019,66.959999
2024-04-10,VGK,61.069908,66.169998
2024-04-11,VGK,61.106819,66.209999
2024-04-12,VGK,60.054691,65.070000
2024-04-15,VGK,59.962399,64.970001
2024-04-16,VGK,59.482475,64.449997
2024-04-17,VGK,59.685524,64.669998
2024-04-18,VGK,59.547081,64.519997
2024-04-19,VGK,59.694752,64.680000
2024-04-22,VGK,60.359264,65.400002
2024-04-23,VGK,61.208351,66.320000
2024-04-24,VGK,60.922249,66.010002
2024-04-25,VGK,60.811489,65.889999
2024-04-26,VGK,61.272961,66.389999
2024-04-29,VGK,61.466774,66.599998
2024-04-30,VGK,60.562305,65.620003
2024-05-01,VGK,60.488476,65.540001
2024-05-02,VGK,61.088371,66.190002
2024-05-03,VGK,61.642124,66.790001
2024-05-06,VGK,62.140507,67.330002
2024-05-07,VGK,62.546581,67.769997
2024-05-08,VGK,62.777313,68.019997
2024-05-09,VGK,63.331085,68.620003
2024-05-10,VGK,63.617176,68.930000
2024-05-13,VGK,63.654106,68.970001
2024-05-14,VGK,64.189400,69.550003
2024-05-15,VGK,64.890831,70.309998
2024-05-16,VGK,64.512413,69.900002
2024-05-17,VGK,64.687775,70.089996
2024-05-20,VGK,64.660088,70.059998
2024-05-21,VGK,64.650856,70.050003
2024-05-22,VGK,64.143257,69.500000
2024-05-23,VGK,63.847919,69.180000
2024-05-24,VGK,64.346298,69.720001
2024-05-28,VGK,64.226303,69.589996
2024-05-29,VGK,63.275700,68.559998
2024-05-30,VGK,63.875584,69.209999
2024-05-31,VGK,64.466263,69.849998
2023-05-01,VGSH,51.120361,58.259998
2023-05-02,VGSH,51.278286,58.439999
2023-05-03,VGSH,51.409912,58.590000
2023-05-04,VGSH,51.497654,58.689999
2023-05-05,VGSH,51.357269,58.529999
2023-05-08,VGSH,51.278286,58.439999
2023-05-09,VGSH,51.278286,58.439999
2023-05-10,VGSH,51.401134,58.580002
2023-05-11,VGSH,51.427456,58.610001
2023-05-12,VGSH,51.348484,58.520000
2023-05-15,VGSH,51.348484,58.520000
2023-05-16,VGSH,51.287064,58.450001
2023-05-17,VGSH,51.225639,58.380001
2023-05-18,VGSH,51.129116,58.270000
2023-05-19,VGSH,51.102787,58.240002
2023-05-22,VGSH,51.085255,58.220001
2023-05-23,VGSH,51.085255,58.220001
2023-05-24,VGSH,51.006279,58.130001
2023-05-25,VGSH,50.900986,58.009998
2023-05-26,VGSH,50.865887,57.970001
2023-05-30,VGSH,50.988731,58.110001
2023-05-31,VGSH,51.032600,58.160000
2023-06-01,VGSH,51.122345,58.110001
2023-06-02,VGSH,50.972771,57.939999
2023-06-05,VGSH,50.999172,57.970001
2023-06-06,VGSH,50.963970,57.930000
2023-06-07,VGSH,50.920002,57.880001
2023-06-08,VGSH,50.990383,57.959999
2023-06-09,VGSH,50.920002,57.880001
2023-06-12,VGSH,50.955200,57.919998
2023-06-13,VGSH,50.867222,57.820000
2023-06-14,VGSH,50.840836,57.790001
2023-06-15,VGSH,50.937592,57.900002
2023-06-16,VGSH,50.867222,57.820000
2023-06-20,VGSH,50.902405,57.860001
2023-06-21,VGSH,50.884800,57.840000
2023-06-22,VGSH,50.849602,57.799999
2023-06-23,VGSH,50.884800,57.840000
2023-06-26,VGSH,50.920002,57.880001
2023-06-27,VGSH,50.840836,57.790001
2023-06-28,VGSH,50.902405,57.860001
2023-06-29,VGSH,50.779240,57.720001
2023-06-30,VGSH,50.788025,57.730000
2023-07-03,VGSH,50.734230,57.509998
2023-07-05,VGSH,50.734230,57.509998
2023-07-06,VGSH,50.698944,57.470001
2023-07-07,VGSH,50.734230,57.509998
2023-07-10,VGSH,50.822437,57.610001
2023-07-11,VGSH,50.804787,57.590000
2023-07-12,VGSH,50.954762,57.759998
2023-07-13,VGSH,51.087090,57.910000
2023-07-14,VGSH,50.981247,57.790001
2023-07-17,VGSH,50.998875,57.810001
2023-07-18,VGSH,50.990040,57.799999
2023-07-19,VGSH,50.998875,57.810001
2023-07-20,VGSH,50.945942,57.750000
2023-07-21,VGSH,50.954762,57.759998
2023-07-24,VGSH,50.893002,57.689999
2023-07-25,VGSH,50.893002,57.689999
2023-07-26,VGSH,50.954762,57.759998
2023-07-27,VGSH,50.875366,57.669998
2023-07-28,VGSH,50.919483,57.720001
2023-07-31,VGSH,50.937122,57.740002
2023-08-01,VGSH,50.911461,57.540001
2023-08-02,VGSH,50.929153,57.560001
2023-08-03,VGSH,50.946854,57.580002
2023-08-04,VGSH,51.044174,57.689999
2023-08-07,VGSH,51.070728,57.720001
2023-08-08,VGSH,51.088425,57.740002
2023-08-09,VGSH,51.070728,57.720001
2023-08-10,VGSH,51.044174,57.689999
2023-08-11,VGSH,50.999943,57.639999
2023-08-14,VGSH,50.946854,57.580002
2023-08-15,VGSH,50.973400,57.610001
2023-08-16,VGSH,50.946854,57.580002
2023-08-17,VGSH,50.999943,57.639999
2023-08-18,VGSH,51.017635,57.660000
2023-08-21,VGSH,50.973400,57.610001
2023-08-22,VGSH,50.938007,57.570000
2023-08-23,VGSH,51.017635,57.660000
2023-08-24,VGSH,50.999943,57.639999
2023-08-25,VGSH,50.955696,57.590000
2023-08-28,VGSH,50.991077,57.630001
2023-08-29,VGSH,51.097263,57.750000
2023-08-30,VGSH,51.106113,57.759998
2023-08-31,VGSH,51.176903,57.840000
2023-09-01,VGSH,51.144947,57.630001
2023-09-05,VGSH,51.073948,57.549999
2023-09-06,VGSH,51.020710,57.490002
2023-09-07,VGSH,51.109455,57.590000
2023-09-08,VGSH,51.091702,57.570000
2023-09-11,VGSH,51.082836,57.560001
2023-09-12,VGSH,51.073948,57.549999
2023-09-13,VGSH,51.109455,57.590000
2023-09-14,VGSH,51.100582,57.580002
2023-09-15,VGSH,51.091702,57.570000
2023-09-18,VGSH,51.073948,57.549999
2023-09-19,VGSH,51.047337,57.520000
2023-09-20,VGSH,51.011837,57.480000
2023-09-21,VGSH,51.029591,57.500000
2023-09-22,VGSH,51.073948,57.549999
2023-09-25,VGSH,51.056206,57.529999
2023-09-26,VGSH,51.065090,57.540001
2023-09-27,VGSH,51.020710,57.490002
2023-09-28,VGSH,51.109455,57.590000
2023-09-29,VGSH,51.118340,57.599998
2023-10-02,VGSH,51.081833,57.380001
2023-10-03,VGSH,51.046211,57.340000
2023-10-04,VGSH,51.144157,57.450001
2023-10-05,VGSH,51.197559,57.509998
2023-10-06,VGSH,51.153030,57.459999
2023-10-09,VGSH,51.304390,57.630001
2023-10-10,VGSH,51.268780,57.590000
2023-10-11,VGSH,51.250977,57.570000
2023-10-12,VGSH,51.197559,57.509998
2023-10-13,VGSH,51.224285,57.540001
2023-10-16,VGSH,51.179768,57.490002
2023-10-17,VGSH,51.081833,57.380001
2023-10-18,VGSH,51.090736,57.389999
2023-10-19,VGSH,51.170860,57.480000
2023-10-20,VGSH,51.242073,57.560001
2023-10-23,VGSH,51.259876,57.580002
2023-10-24,VGSH,51.250977,57.570000
2023-10-25,VGSH,51.197559,57.509998
2023-10-26,VGSH,51.304390,57.630001
2023-10-27,VGSH,51.331100,57.660000
2023-10-30,VGSH,51.304390,57.630001
2023-10-31,VGSH,51.295475,57.619999
2023-11-01,VGSH,51.407124,57.560001
2023-11-02,VGSH,51.398190,57.549999
2023-11-03,VGSH,51.541096,57.709999
2023-11-06,VGSH,51.451775,57.610001
2023-11-07,VGSH,51.505356,57.669998
2023-11-08,VGSH,51.469635,57.630001
2023-11-09,VGSH,51.407124,57.560001
2023-11-10,VGSH,51.407124,57.560001
2023-11-13,VGSH,51.433914,57.590000
2023-11-14,VGSH,51.630394,57.810001
2023-11-15,VGSH,51.541096,57.709999
2023-11-16,VGSH,51.639332,57.820000
2023-11-17,VGSH,51.603611,57.779999
2023-11-20,VGSH,51.594688,57.770000
2023-11-21,VGSH,51.639332,57.820000
2023-11-22,VGSH,51.639332,57.820000
2023-11-24,VGSH,51.612556,57.790001
2023-11-27,VGSH,51.675064,57.860001
2023-11-28,VGSH,51.773296,57.970001
2023-11-29,VGSH,51.862614,58.070000
2023-11-30,VGSH,51.835808,58.040001
2023-12-01,VGSH,51.984562,58.020000
2023-12-04,VGSH,51.912865,57.939999
2023-12-05,VGSH,51.966621,58.000000
2023-12-06,VGSH,51.966621,58.000000
2023-12-07,VGSH,52.011425,58.049999
2023-12-08,VGSH,51.894962,57.919998
2023-12-11,VGSH,51.894962,57.919998
2023-12-12,VGSH,51.894962,57.919998
2023-12-13,VGSH,52.172703,58.230000
2023-12-14,VGSH,52.262299,58.330002
2023-12-15,VGSH,52.199581,58.259998
2023-12-18,VGSH,52.199581,58.259998
2023-12-19,VGSH,52.226463,58.290001
2023-12-20,VGSH,52.298141,58.369999
2023-12-21,VGSH,52.333981,58.410000
2023-12-22,VGSH,52.356453,58.240002
2023-12-26,VGSH,52.347466,58.230000
2023-12-27,VGSH,52.410393,58.299999
2023-12-28,VGSH,52.401405,58.290001
2023-12-29,VGSH,52.437351,58.330002
2024-01-02,VGSH,52.365440,58.250000
2024-01-03,VGSH,52.383427,58.270000
2024-01-04,VGSH,52.347466,58.230000
2024-01-05,VGSH,52.329472,58.209999
2024-01-08,VGSH,52.365440,58.250000
2024-01-09,VGSH,52.383427,58.270000
2024-01-10,VGSH,52.383427,58.270000
2024-01-11,VGSH,52.509281,58.410000
2024-01-12,VGSH,52.608177,58.520000
2024-01-16,VGSH,52.545246,58.450001
2024-01-17,VGSH,52.437351,58.330002
2024-01-18,VGSH,52.455341,58.349998
2024-01-19,VGSH,52.410393,58.299999
2024-01-22,VGSH,52.428379,58.320000
2024-01-23,VGSH,52.428379,58.320000
2024-01-24,VGSH,52.419384,58.310001
2024-01-25,VGSH,52.509281,58.410000
2024-01-26,VGSH,52.473320,58.369999
2024-01-29,VGSH,52.527260,58.430000
2024-01-30,VGSH,52.491295,58.389999
2024-01-31,VGSH,52.626156,58.540001
2024-02-01,VGSH,52.669437,58.389999
2024-02-02,VGSH,52.498058,58.200001
2024-02-05,VGSH,52.416874,58.110001
2024-02-06,VGSH,52.480026,58.180000
2024-02-07,VGSH,52.461971,58.160000
2024-02-08,VGSH,52.461971,58.160000
2024-02-09,VGSH,52.434917,58.130001
2024-02-12,VGSH,52.443928,58.139999
2024-02-13,VGSH,52.281582,57.959999
2024-02-14,VGSH,52.353729,58.040001
2024-02-15,VGSH,52.398842,58.090000
2024-02-16,VGSH,52.326672,58.009998
2024-02-20,VGSH,52.380798,58.070000
2024-02-21,VGSH,52.335693,58.020000
2024-02-22,VGSH,52.317650,58.000000
2024-02-23,VGSH,52.326672,58.009998
2024-02-26,VGSH,52.299618,57.980000
2024-02-27,VGSH,52.317650,58.000000
2024-02-28,VGSH,52.371777,58.060001
2024-02-29,VGSH,52.389828,58.080002
2024-03-01,VGSH,52.483040,57.990002
2024-03-04,VGSH,52.437786,57.939999
2024-03-05,VGSH,52.492085,58.000000
2024-03-06,VGSH,52.492085,58.000000
2024-03-07,VGSH,52.555439,58.070000
2024-03-08,VGSH,52.582592,58.099998
2024-03-11,VGSH,52.546391,58.060001
2024-03-12,VGSH,52.483040,57.990002
2024-03-13,VGSH,52.464928,57.970001
2024-03-14,VGSH,52.428738,57.930000
2024-03-15,VGSH,52.392540,57.889999
2024-03-18,VGSH,52.383480,57.880001
2024-03-19,VGSH,52.446831,57.950001
2024-03-20,VGSH,52.519245,58.029999
2024-03-21,VGSH,52.519245,58.029999
2024-03-22,VGSH,52.564499,58.080002
2024-03-25,VGSH,52.546391,58.060001
2024-03-26,VGSH,52.546391,58.060001
2024-03-27,VGSH,52.600697,58.119999
2024-03-28,VGSH,52.555439,58.070000
2024-04-01,VGSH,52.475517,57.779999
2024-04-02,VGSH,52.502769,57.810001
2024-04-03,VGSH,52.530010,57.840000
2024-04-04,VGSH,52.584515,57.900002
2024-04-05,VGSH,52.493687,57.799999
2024-04-08,VGSH,52.466431,57.770000
2024-04-09,VGSH,52.511848,57.820000
2024-04-10,VGSH,52.293884,57.580002
2024-04-11,VGSH,52.330215,57.619999
2024-04-12,VGSH,52.393780,57.689999
2024-04-15,VGSH,52.357456,57.650002
2024-04-16,VGSH,52.339298,57.630001
2024-04-17,VGSH,52.384693,57.680000
2024-04-18,VGSH,52.339298,57.630001
2024-04-19,VGSH,52.366528,57.660000
2024-04-22,VGSH,52.384693,57.680000
2024-04-23,VGSH,52.430107,57.730000
2024-04-24,VGSH,52.402866,57.700001
2024-04-25,VGSH,52.384693,57.680000
2024-04-26,VGSH,52.393780,57.689999
2024-04-29,VGSH,52.411953,57.709999
2024-04-30,VGSH,52.357456,57.650002
2024-05-01,VGSH,52.445850,57.549999
2024-05-02,VGSH,52.536980,57.650002
2024-05-03,VGSH,52.618999,57.740002
2024-05-06,VGSH,52.609882,57.730000
2024-05-07,VGSH,52.618999,57.740002
2024-05-08,VGSH,52.609882,57.730000
2024-05-09,VGSH,52.646336,57.770000
2024-05-10,VGSH,52.618999,57.740002
2024-05-13,VGSH,52.618999,57.740002
2024-05-14,VGSH,52.655457,57.779999
2024-05-15,VGSH,52.755699,57.889999
2024-05-16,VGSH,52.728363,57.860001
2024-05-17,VGSH,52.701015,57.830002
2024-05-20,VGSH,52.701015,57.830002
2024-05-21,VGSH,52.719242,57.849998
2024-05-22,VGSH,52.682793,57.810001
2024-05-23,VGSH,52.646336,57.770000
2024-05-24,VGSH,52.655457,57.779999
2024-05-28,VGSH,52.618999,57.740002
2024-05-29,VGSH,52.609882,57.730000
2024-05-30,VGSH,52.664574,57.790001
2024-05-31,VGSH,52.737473,57.869999
2023-05-01,XLB,37.641064,40.255001
2023-05-02,XLB,37.276394,39.865002
2023-05-03,XLB,36.864960,39.424999
2023-05-04,XLB,36.626511,39.169998
2023-05-05,XLB,37.243668,39.830002
2023-05-08,XLB,37.122101,39.700001
2023-05-09,XLB,36.785480,39.340000
2023-05-10,XLB,36.808853,39.365002
2023-05-11,XLB,36.448856,38.980000
2023-05-12,XLB,36.514309,39.049999
2023-05-15,XLB,36.822880,39.380001
2023-05-16,XLB,36.215084,38.730000
2023-05-17,XLB,36.453537,38.985001
2023-05-18,XLB,36.668591,39.215000
2023-05-19,XLB,36.762096,39.314999
2023-05-22,XLB,36.570412,39.110001
2023-05-23,XLB,36.004692,38.505001
2023-05-24,XLB,35.593273,38.064999
2023-05-25,XLB,35.467041,37.930000
2023-05-26,XLB,35.644703,38.119999
2023-05-30,XLB,35.453003,37.915001
2023-05-31,XLB,35.074299,37.509998
2023-06-01,XLB,35.541851,38.009998
2023-06-02,XLB,36.734043,39.285000
2023-06-05,XLB,36.705997,39.255001
2023-06-06,XLB,36.939766,39.505001
2023-06-07,XLB,37.379242,39.974998
2023-06-08,XLB,37.243668,39.830002
2023-06-09,XLB,36.935089,39.500000
2023-06-12,XLB,37.103394,39.680000
2023-06-13,XLB,37.963650,40.599998
2023-06-14,XLB,37.804699,40.430000
2023-06-15,XLB,38.127300,40.775002
2023-06-16,XLB,38.220802,40.875000
2023-06-20,XLB,37.703529,40.125000
2023-06-21,XLB,37.825680,40.255001
2023-06-22,XLB,37.736416,40.160000
2023-06-23,XLB,37.431023,39.834999
2023-06-26,XLB,37.820980,40.250000
2023-06-27,XLB,38.356583,40.820000
2023-06-28,XLB,38.093475,40.540001
2023-06-29,XLB,38.572701,41.049999
2023-06-30,XLB,38.934471,41.435001
2023-07-03,XLB,39.080112,41.590000
2023-07-05,XLB,38.116970,40.564999
2023-07-06,XLB,37.839771,40.270000
2023-07-07,XLB,38.168648,40.619999
2023-07-10,XLB,38.159252,40.610001
2023-07-11,XLB,38.535110,41.009998
2023-07-12,XLB,39.042538,41.549999
2023-07-13,XLB,39.347916,41.875000
2023-07-14,XLB,39.117695,41.630001
2023-07-17,XLB,39.155285,41.669998
2023-07-18,XLB,39.460663,41.994999
2023-07-19,XLB,39.249256,41.770000
2023-07-20,XLB,39.343216,41.869999
2023-07-21,XLB,39.347916,41.875000
2023-07-24,XLB,39.470062,42.005001
2023-07-25,XLB,40.179508,42.759998
2023-07-26,XLB,40.043259,42.615002
2023-07-27,XLB,39.784851,42.340000
2023-07-28,XLB,40.062042,42.634998
2023-07-31,XLB,40.273476,42.860001
2023-08-01,XLB,40.094933,42.669998
2023-08-02,XLB,39.596924,42.139999
2023-08-03,XLB,39.352623,41.880001
2023-08-04,XLB,39.263344,41.785000
2023-08-07,XLB,39.521748,42.060001
2023-08-08,XLB,39.103615,41.615002
2023-08-09,XLB,38.943863,41.445000
2023-08-10,XLB,38.972057,41.474998
2023-08-11,XLB,38.863995,41.360001
2023-08-14,XLB,38.948555,41.450001
2023-08-15,XLB,38.314301,40.775002
2023-08-16,XLB,38.055893,40.500000
2023-08-17,XLB,37.980721,40.419998
2023-08-18,XLB,37.976028,40.415001
2023-08-21,XLB,37.980721,40.419998
2023-08-22,XLB,37.947834,40.384998
2023-08-23,XLB,38.008915,40.450001
2023-08-24,XLB,37.849163,40.279999
2023-08-25,XLB,37.961926,40.400002
2023-08-28,XLB,38.239128,40.695000
2023-08-29,XLB,38.873390,41.369999
2023-08-30,XLB,38.962658,41.465000
2023-08-31,XLB,38.943863,41.445000
2023-09-01,XLB,39.380798,41.910000
2023-09-05,XLB,38.652573,41.134998
2023-09-06,XLB,38.568001,41.044998
2023-09-07,XLB,38.394165,40.860001
2023-09-08,XLB,38.431755,40.900002
2023-09-11,XLB,38.596191,41.075001
2023-09-12,XLB,38.506927,40.980000
2023-09-13,XLB,38.281403,40.740002
2023-09-14,XLB,38.821705,41.314999
2023-09-15,XLB,38.389473,40.855000
2023-09-18,XLB,38.229908,40.490002
2023-09-19,XLB,38.196861,40.455002
2023-09-20,XLB,37.795582,40.029999
2023-09-21,XLB,37.035511,39.224998
2023-09-22,XLB,36.997749,39.185001
2023-09-25,XLB,37.290443,39.494999
2023-09-26,XLB,36.752254,38.924999
2023-09-27,XLB,36.747536,38.919998
2023-09-28,XLB,37.144100,39.340000
2023-09-29,XLB,37.082722,39.275002
2023-10-02,XLB,36.591751,38.755001
2023-10-03,XLB,36.492603,38.650002
2023-10-04,XLB,36.922215,39.105000
2023-10-05,XLB,36.473728,38.630001
2023-10-06,XLB,36.818352,38.994999
2023-10-09,XLB,36.865566,39.044998
2023-10-10,XLB,37.257397,39.459999
2023-10-11,XLB,37.347092,39.555000
2023-10-12,XLB,36.790031,38.965000
2023-10-13,XLB,36.653118,38.820000
2023-10-16,XLB,37.011913,39.200001
2023-10-17,XLB,37.375423,39.584999
2023-10-18,XLB,36.407631,38.560001
2023-10-19,XLB,35.982750,38.110001
2023-10-20,XLB,35.548428,37.650002
2023-10-23,XLB,35.151871,37.230000
2023-10-24,XLB,35.567310,37.669998
2023-10-25,XLB,35.151871,37.230000
2023-10-26,XLB,35.397366,37.490002
2023-10-27,XLB,35.383194,37.474998
2023-10-30,XLB,35.746704,37.860001
2023-10-31,XLB,35.907215,38.029999
2023-11-01,XLB,35.926098,38.049999
2023-11-02,XLB,36.620075,38.785000
2023-11-03,XLB,37.196022,39.395000
2023-11-06,XLB,37.011913,39.200001
2023-11-07,XLB,36.294331,38.439999
2023-11-08,XLB,36.407631,38.560001
2023-11-09,XLB,36.096062,38.230000
2023-11-10,XLB,36.520931,38.680000
2023-11-13,XLB,36.469009,38.625000
2023-11-14,XLB,37.545368,39.764999
2023-11-15,XLB,37.710602,39.939999
2023-11-16,XLB,37.823906,40.060001
2023-11-17,XLB,37.894714,40.134998
2023-11-20,XLB,37.960819,40.205002
2023-11-21,XLB,38.107159,40.360001
2023-11-22,XLB,38.130768,40.384998
2023-11-24,XLB,38.295998,40.560001
2023-11-27,XLB,38.248779,40.509998
2023-11-28,XLB,38.324322,40.590000
2023-11-29,XLB,38.522602,40.799999
2023-11-30,XLB,38.905003,41.205002
2023-12-01,XLB,39.348755,41.674999
2023-12-04,XLB,38.890831,41.189999
2023-12-05,XLB,38.357368,40.625000
2023-12-06,XLB,38.277115,40.540001
2023-12-07,XLB,38.536766,40.814999
2023-12-08,XLB,38.678387,40.965000
2023-12-11,XLB,38.952202,41.255001
2023-12-12,XLB,39.178806,41.494999
2023-12-13,XLB,39.655624,42.000000
2023-12-14,XLB,40.311817,42.695000
2023-12-15,XLB,40.207958,42.584999
2023-12-18,XLB,40.270241,42.355000
2023-12-19,XLB,40.641041,42.744999
2023-12-20,XLB,40.018280,42.090000
2023-12-21,XLB,40.441380,42.535000
2023-12-22,XLB,40.693333,42.799999
2023-12-26,XLB,40.883492,43.000000
2023-12-27,XLB,40.983318,43.105000
2023-12-28,XLB,40.826439,42.939999
2023-12-29,XLB,40.664810,42.770000
2024-01-02,XLB,40.593506,42.695000
2024-01-03,XLB,40.156143,42.235001
2024-01-04,XLB,40.027790,42.099998
2024-01-05,XLB,40.094345,42.169998
2024-01-08,XLB,40.265488,42.349998
2024-01-09,XLB,39.804356,41.865002
2024-01-10,XLB,39.752064,41.810001
2024-01-11,XLB,39.633217,41.685001
2024-01-12,XLB,39.671246,41.724998
2024-01-16,XLB,39.214874,41.244999
2024-01-17,XLB,38.929642,40.945000
2024-01-18,XLB,39.053242,41.075001
2024-01-19,XLB,39.091278,41.115002
2024-01-22,XLB,39.205364,41.235001
2024-01-23,XLB,39.333717,41.369999
2024-01-24,XLB,38.801296,40.810001
2024-01-25,XLB,39.210121,41.240002
2024-01-26,XLB,39.224384,41.255001
2024-01-29,XLB,39.419292,41.459999
2024-01-30,XLB,39.599945,41.650002
2024-01-31,XLB,39.081764,41.105000
2024-02-01,XLB,39.733044,41.790001
2024-02-02,XLB,39.500114,41.544998
2024-02-05,XLB,38.497036,40.490002
2024-02-06,XLB,39.176842,41.205002
2024-02-07,XLB,39.490601,41.535000
2024-02-08,XLB,39.438313,41.480000
2024-02-09,XLB,39.523880,41.570000
2024-02-12,XLB,39.837639,41.900002
2024-02-13,XLB,39.276676,41.310001
2024-02-14,XLB,39.528641,41.575001
2024-02-15,XLB,40.274994,42.360001
2024-02-16,XLB,40.488926,42.584999
2024-02-20,XLB,40.403347,42.494999
2024-02-21,XLB,40.626785,42.730000
2024-02-22,XLB,41.035614,43.160000
2024-02-23,XLB,41.278072,43.415001
2024-02-26,XLB,41.030861,43.154999
2024-02-27,XLB,41.182983,43.314999
2024-02-28,XLB,41.311340,43.450001
2024-02-29,XLB,41.625095,43.779999
2024-03-01,XLB,41.815247,43.980000
2024-03-04,XLB,42.119503,44.299999
2024-03-05,XLB,41.896069,44.064999
2024-03-06,XLB,42.205070,44.389999
2024-03-07,XLB,42.723248,44.935001
2024-03-08,XLB,42.476048,44.674999
2024-03-11,XLB,42.956184,45.180000
2024-03-12,XLB,42.951435,45.174999
2024-03-13,XLB,43.374535,45.619999
2024-03-14,XLB,43.146347,45.380001
2024-03-15,XLB,43.165356,45.400002
2024-03-18,XLB,43.244087,45.320000
2024-03-19,XLB,43.248856,45.325001
2024-03-20,XLB,43.683014,45.779999
2024-03-21,XLB,43.864311,45.970001
2024-03-22,XLB,43.592369,45.685001
2024-03-25,XLB,43.606678,45.700001
2024-03-26,XLB,43.573288,45.665001
2024-03-27,XLB,44.198280,46.320000
2024-03-28,XLB,44.317547,46.445000
2024-04-01,XLB,44.212585,46.334999
2024-04-02,XLB,44.050377,46.165001
2024-04-03,XLB,44.312782,46.439999
2024-04-04,XLB,43.864311,45.970001
2024-04-05,XLB,44.260300,46.384998
2024-04-08,XLB,44.293694,46.419998
2024-04-09,XLB,44.398659,46.529999
2024-04-10,XLB,43.706863,45.805000
2024-04-11,XLB,43.673473,45.770000
2024-04-12,XLB,42.900574,44.959999
2024-04-15,XLB,42.695423,44.744999
2024-04-16,XLB,42.366230,44.400002
2024-04-17,XLB,42.461639,44.500000
2024-04-18,XLB,42.475960,44.514999
2024-04-19,XLB,42.442562,44.480000
2024-04-22,XLB,42.485497,44.525002
2024-04-23,XLB,42.118134,44.139999
2024-04-24,XLB,42.146759,44.169998
2024-04-25,XLB,42.447323,44.485001
2024-04-26,XLB,42.709736,44.759998
2024-04-29,XLB,43.067558,45.134998
2024-04-30,XLB,42.285118,44.314999
2024-05-01,XLB,42.504578,44.544998
2024-05-02,XLB,42.285118,44.314999
2024-05-03,XLB,42.714504,44.764999
2024-05-06,XLB,42.972141,45.035000
2024-05-07,XLB,43.482632,45.570000
2024-05-08,XLB,43.282253,45.360001
2024-05-09,XLB,43.764118,45.865002
2024-05-10,XLB,43.816593,45.919998
2024-05-13,XLB,43.787975,45.889999
2024-05-14,XLB,43.830917,45.935001
2024-05-15,XLB,43.907253,46.014999
2024-05-16,XLB,43.592369,45.685001
2024-05-17,XLB,43.964504,46.075001
2024-05-20,XLB,44.026516,46.139999
2024-05-21,XLB,44.026516,46.139999
2024-05-22,XLB,43.597134,45.689999
2024-05-23,XLB,43.210682,45.285000
2024-05-24,XLB,43.587597,45.680000
2024-05-28,XLB,43.420609,45.505001
2024-05-29,XLB,42.800385,44.855000
2024-05-30,XLB,43.148666,45.220001
2024-05-31,XLB,43.668701,45.764999
2023-05-01,XLF,31.295942,33.080002
2023-05-02,XLF,30.586395,32.330002
2023-05-03,XLF,30.236349,31.959999
2023-05-04,XLF,29.848459,31.549999
2023-05-05,XLF,30.586395,32.330002
2023-05-08,XLF,30.633694,32.380001
2023-05-09,XLF,30.520166,32.259998
2023-05-10,XLF,30.349880,32.080002
2023-05-11,XLF,30.302570,32.029999
2023-05-12,XLF,30.179583,31.900000
2023-05-15,XLF,30.425560,32.160000
2023-05-16,XLF,30.141741,31.860001
2023-05-17,XLF,30.747221,32.500000
2023-05-18,XLF,30.974281,32.740002
2023-05-19,XLF,30.841827,32.599998
2023-05-22,XLF,30.898596,32.660000
2023-05-23,XLF,30.539093,32.279999
2023-05-24,XLF,30.141741,31.860001
2023-05-25,XLF,30.132277,31.850000
2023-05-26,XLF,30.378254,32.110001
2023-05-30,XLF,30.368797,32.099998
2023-05-31,XLF,30.047132,31.760000
2023-06-01,XLF,30.368797,32.099998
2023-06-02,XLF,31.031040,32.799999
2023-06-05,XLF,30.870218,32.630001
2023-06-06,XLF,31.258099,33.040001
2023-06-07,XLF,31.381084,33.169998
2023-06-08,XLF,31.352707,33.139999
2023-06-09,XLF,31.362173,33.150002
2023-06-12,XLF,31.352707,33.139999
2023-06-13,XLF,31.541924,33.340000
2023-06-14,XLF,31.418926,33.209999
2023-06-15,XLF,31.835205,33.650002
2023-06-16,XLF,31.768980,33.580002
2023-06-20,XLF,31.531403,33.180000
2023-06-21,XLF,31.493385,33.139999
2023-06-22,XLF,31.246305,32.880001
2023-06-23,XLF,31.113260,32.740002
2023-06-26,XLF,31.046740,32.669998
2023-06-27,XLF,31.293823,32.930000
2023-06-28,XLF,31.217796,32.849998
2023-06-29,XLF,31.759476,33.419998
2023-06-30,XLF,32.035069,33.709999
2023-07-03,XLF,32.215626,33.900002
2023-07-05,XLF,32.149113,33.830002
2023-07-06,XLF,31.873516,33.540001
2023-07-07,XLF,31.921026,33.590000
2023-07-10,XLF,32.063583,33.740002
2023-07-11,XLF,32.443703,34.139999
2023-07-12,XLF,32.652767,34.360001
2023-07-13,XLF,32.766811,34.480000
2023-07-14,XLF,32.548244,34.250000
2023-07-17,XLF,32.861843,34.580002
2023-07-18,XLF,33.232456,34.970001
2023-07-19,XLF,33.375004,35.119999
2023-07-20,XLF,33.622093,35.380001
2023-07-21,XLF,33.508053,35.259998
2023-07-24,XLF,33.831154,35.599998
2023-07-25,XLF,33.612583,35.369999
2023-07-26,XLF,33.812160,35.580002
2023-07-27,XLF,33.384518,35.130001
2023-07-28,XLF,33.451031,35.200001
2023-07-31,XLF,33.574574,35.330002
2023-08-01,XLF,33.574574,35.330002
2023-08-02,XLF,33.289478,35.029999
2023-08-03,XLF,33.308487,35.049999
2023-08-04,XLF,33.175446,34.910000
2023-08-07,XLF,33.641098,35.400002
2023-08-08,XLF,33.336998,35.080002
2023-08-09,XLF,33.089912,34.820000
2023-08-10,XLF,33.118423,34.849998
2023-08-11,XLF,33.184940,34.919998
2023-08-14,XLF,33.118423,34.849998
2023-08-15,XLF,32.510216,34.209999
2023-08-16,XLF,32.462715,34.160000
2023-08-17,XLF,32.301151,33.990002
2023-08-18,XLF,32.291653,33.980000
2023-08-21,XLF,32.253635,33.939999
2023-08-22,XLF,31.949526,33.619999
2023-08-23,XLF,32.263142,33.950001
2023-08-24,XLF,32.149113,33.830002
2023-08-25,XLF,32.301151,33.990002
2023-08-28,XLF,32.481712,34.180000
2023-08-29,XLF,32.776314,34.490002
2023-08-30,XLF,32.795311,34.509998
2023-08-31,XLF,32.671776,34.380001
2023-09-01,XLF,32.966377,34.689999
2023-09-05,XLF,32.633766,34.340000
2023-09-06,XLF,32.614754,34.320000
2023-09-07,XLF,32.529228,34.230000
2023-09-08,XLF,32.595757,34.299999
2023-09-11,XLF,32.747799,34.459999
2023-09-12,XLF,32.966377,34.689999
2023-09-13,XLF,32.966377,34.689999
2023-09-14,XLF,33.270466,35.009998
2023-09-15,XLF,33.099415,34.830002
2023-09-18,XLF,33.190102,34.770000
2023-09-19,XLF,33.151920,34.730000
2023-09-20,XLF,32.922832,34.490002
2023-09-21,XLF,32.378719,33.919998
2023-09-22,XLF,32.130539,33.660000
2023-09-25,XLF,32.206898,33.740002
2023-09-26,XLF,31.777351,33.290001
2023-09-27,XLF,31.729622,33.240002
2023-09-28,XLF,31.958717,33.480000
2023-09-29,XLF,31.662796,33.169998
2023-10-02,XLF,31.395525,32.889999
2023-10-03,XLF,30.899153,32.369999
2023-10-04,XLF,31.128246,32.610001
2023-10-05,XLF,31.271433,32.759998
2023-10-06,XLF,31.538708,33.040001
2023-10-09,XLF,31.557802,33.060001
2023-10-10,XLF,31.786894,33.299999
2023-10-11,XLF,31.834621,33.349998
2023-10-12,XLF,31.634163,33.139999
2023-10-13,XLF,31.700985,33.209999
2023-10-16,XLF,32.035080,33.560001
2023-10-17,XLF,32.187813,33.720001
2023-10-18,XLF,31.634163,33.139999
2023-10-19,XLF,31.214159,32.700001
2023-10-20,XLF,30.736877,32.200001
2023-10-23,XLF,30.545967,32.000000
2023-10-24,XLF,30.755974,32.220001
2023-10-25,XLF,30.641420,32.099998
2023-10-26,XLF,30.574602,32.029999
2023-10-27,XLF,30.020956,31.450001
2023-10-30,XLF,30.555510,32.009998
2023-10-31,XLF,30.889606,32.360001
2023-11-01,XLF,31.090067,32.570000
2023-11-02,XLF,31.825075,33.340000
2023-11-03,XLF,32.245087,33.779999
2023-11-06,XLF,32.149628,33.680000
2023-11-07,XLF,32.101898,33.630001
2023-11-08,XLF,32.140079,33.669998
2023-11-09,XLF,32.006447,33.529999
2023-11-10,XLF,32.369186,33.910000
2023-11-13,XLF,32.321453,33.860001
2023-11-14,XLF,32.932365,34.500000
2023-11-15,XLF,33.113731,34.689999
2023-11-16,XLF,33.247368,34.830002
2023-11-17,XLF,33.419193,35.009998
2023-11-20,XLF,33.552837,35.150002
2023-11-21,XLF,33.533749,35.130001
2023-11-22,XLF,33.667385,35.270000
2023-11-24,XLF,33.772381,35.380001
2023-11-27,XLF,33.657841,35.259998
2023-11-28,XLF,33.648285,35.250000
2023-11-29,XLF,33.886932,35.500000
2023-11-30,XLF,34.268757,35.900002
2023-12-01,XLF,34.526485,36.169998
2023-12-04,XLF,34.488304,36.130001
2023-12-05,XLF,34.316486,35.950001
2023-12-06,XLF,34.144665,35.770000
2023-12-07,XLF,34.306938,35.939999
2023-12-08,XLF,34.488304,36.130001
2023-12-11,XLF,34.698303,36.349998
2023-12-12,XLF,34.946495,36.610001
2023-12-13,XLF,35.509689,37.200001
2023-12-14,XLF,35.862877,37.570000
2023-12-15,XLF,35.652863,37.349998
2023-12-18,XLF,35.771820,37.290001
2023-12-19,XLF,36.040424,37.570000
2023-12-20,XLF,35.397701,36.900002
2023-12-21,XLF,35.743038,37.259998
2023-12-22,XLF,35.819786,37.340000
2023-12-26,XLF,35.963676,37.490002
2023-12-27,XLF,36.078793,37.610001
2023-12-28,XLF,36.184319,37.720001
2023-12-29,XLF,36.069202,37.599998
2024-01-02,XLF,36.222687,37.759998
2024-01-03,XLF,35.915710,37.439999
2024-01-04,XLF,36.059605,37.590000
2024-01-05,XLF,36.213093,37.750000
2024-01-08,XLF,36.443325,37.990002
2024-01-09,XLF,36.213093,37.750000
2024-01-10,XLF,36.270653,37.810001
2024-01-11,XLF,36.136353,37.669998
2024-01-12,XLF,36.069202,37.599998
2024-01-16,XLF,35.819786,37.340000
2024-01-17,XLF,35.752632,37.270000
2024-01-18,XLF,35.810192,37.330002
2024-01-19,XLF,36.385769,37.930000
2024-01-22,XLF,36.558437,38.110001
2024-01-23,XLF,36.615993,38.169998
2024-01-24,XLF,36.759888,38.320000
2024-01-25,XLF,36.942150,38.509998
2024-01-26,XLF,37.076450,38.650002
2024-01-29,XLF,37.172379,38.750000
2024-01-30,XLF,37.642433,39.240002
2024-01-31,XLF,37.181973,38.759998
2024-02-01,XLF,37.239529,38.820000
2024-02-02,XLF,37.393013,38.980000
2024-02-05,XLF,37.172379,38.750000
2024-02-06,XLF,37.249123,38.830002
2024-02-07,XLF,37.527309,39.119999
2024-02-08,XLF,37.383427,38.970001
2024-02-09,XLF,37.488945,39.080002
2024-02-12,XLF,37.661617,39.259998
2024-02-13,XLF,37.153191,38.730000
2024-02-14,XLF,37.508129,39.099998
2024-02-15,XLF,38.150860,39.770000
2024-02-16,XLF,38.016552,39.630001
2024-02-20,XLF,37.911037,39.520000
2024-02-21,XLF,38.026142,39.639999
2024-02-22,XLF,38.467415,40.099998
2024-02-23,XLF,38.659271,40.299999
2024-02-26,XLF,38.467415,40.099998
2024-02-27,XLF,38.572937,40.209999
2024-02-28,XLF,38.716831,40.360001
2024-02-29,XLF,38.697651,40.340000
2024-03-01,XLF,38.649689,40.290001
2024-03-04,XLF,38.745613,40.389999
2024-03-05,XLF,38.755203,40.400002
2024-03-06,XLF,38.956657,40.610001
2024-03-07,XLF,38.899097,40.549999
2024-03-08,XLF,38.966251,40.619999
2024-03-11,XLF,39.033394,40.689999
2024-03-12,XLF,39.196487,40.860001
2024-03-13,XLF,39.484257,41.160000
2024-03-14,XLF,39.167702,40.830002
2024-03-15,XLF,39.129326,40.790001
2024-03-18,XLF,39.353680,40.869999
2024-03-19,XLF,39.546261,41.070000
2024-03-20,XLF,40.018085,41.560001
2024-03-21,XLF,40.345463,41.900002
2024-03-22,XLF,39.883274,41.419998
2024-03-25,XLF,39.729206,41.259998
2024-03-26,XLF,39.864021,41.400002
2024-03-27,XLF,40.335838,41.889999
2024-03-28,XLF,40.557301,42.119999
2024-04-01,XLF,40.335838,41.889999
2024-04-02,XLF,40.123993,41.669998
2024-04-03,XLF,40.104748,41.650002
2024-04-04,XLF,39.652180,41.180000
2024-04-05,XLF,40.027706,41.570000
2024-04-08,XLF,40.201035,41.750000
2024-04-09,XLF,39.969940,41.509998
2024-04-10,XLF,39.372940,40.889999
2024-04-11,XLF,39.093693,40.599998
2024-04-12,XLF,38.573734,40.060001
2024-04-15,XLF,38.381153,39.860001
2024-04-16,XLF,38.121174,39.590000
2024-04-17,XLF,38.217457,39.689999
2024-04-18,XLF,38.352268,39.830002
2024-04-19,XLF,38.881859,40.380001
2024-04-22,XLF,39.353680,40.869999
2024-04-23,XLF,39.604031,41.130001
2024-04-24,XLF,39.594410,41.119999
2024-04-25,XLF,39.363312,40.880001
2024-04-26,XLF,39.305531,40.820000
2024-04-29,XLF,39.247757,40.759998
2024-04-30,XLF,38.862606,40.360001
2024-05-01,XLF,38.862606,40.360001
2024-05-02,XLF,38.958889,40.459999
2024-05-03,XLF,39.045555,40.549999
2024-05-06,XLF,39.546261,41.070000
2024-05-07,XLF,39.681068,41.209999
2024-05-08,XLF,39.825504,41.360001
2024-05-09,XLF,40.123993,41.669998
2024-05-10,XLF,40.278069,41.830002
2024-05-13,XLF,40.114372,41.660000
2024-05-14,XLF,40.316582,41.869999
2024-05-15,XLF,40.615086,42.180000
2024-05-16,XLF,40.615086,42.180000
2024-05-17,XLF,40.913586,42.490002
2024-05-20,XLF,40.355099,41.910000
2024-05-21,XLF,40.615086,42.180000
2024-05-22,XLF,40.383984,41.939999
2024-05-23,XLF,39.825504,41.360001
2024-05-24,XLF,40.066227,41.610001
2024-05-28,XLF,39.623299,41.150002
2024-05-29,XLF,39.305531,40.820000
2024-05-30,XLF,39.517380,41.040001
2024-05-31,XLF,40.095116,41.639999
2023-05-01,XLK,73.738670,75.459999
2023-05-02,XLK,73.049736,74.754997
2023-05-03,XLK,72.434120,74.125000
2023-05-04,XLK,72.087227,73.769997
2023-05-05,XLK,73.895020,75.620003
2023-05-08,XLK,73.855934,75.580002
2023-05-09,XLK,73.289162,75.000000
2023-05-10,XLK,74.183281,75.915001
2023-05-11,XLK,73.851044,75.574997
2023-05-12,XLK,73.753326,75.474998
2023-05-15,XLK,74.364067,76.099998
2023-05-16,XLK,74.442253,76.180000
2023-05-17,XLK,75.434090,77.195000
2023-05-18,XLK,76.978058,78.775002
2023-05-19,XLK,76.943871,78.739998
2023-05-22,XLK,77.090424,78.889999
2023-05-23,XLK,75.952003,77.724998
2023-05-24,XLK,75.395004,77.154999
2023-05-25,XLK,78.287491,80.114998
2023-05-26,XLK,80.510590,82.389999
2023-05-30,XLK,80.940559,82.830002
2023-05-31,XLK,80.266289,82.139999
2023-06-01,XLK,81.082253,82.974998
2023-06-02,XLK,81.546402,83.449997
2023-06-05,XLK,81.077362,82.970001
2023-06-06,XLK,81.057823,82.949997
2023-06-07,XLK,79.846115,81.709999
2023-06-08,XLK,80.710922,82.595001
2023-06-09,XLK,81.111572,83.004997
2023-06-12,XLK,82.875404,84.809998
2023-06-13,XLK,83.378647,85.324997
2023-06-14,XLK,84.238564,86.205002
2023-06-15,XLK,85.323250,87.315002
2023-06-16,XLK,84.619667,86.595001
2023-06-20,XLK,84.047813,85.830002
2023-06-21,XLK,82.804169,84.559998
2023-06-22,XLK,83.479851,85.250000
2023-06-23,XLK,82.574059,84.324997
2023-06-26,XLK,81.981621,83.720001
2023-06-27,XLK,83.597366,85.370003
2023-06-28,XLK,83.646309,85.419998
2023-06-29,XLK,83.793205,85.570000
2023-06-30,XLK,85.124969,86.930000
2023-07-03,XLK,84.943817,86.745003
2023-07-05,XLK,84.419922,86.209999
2023-07-06,XLK,84.194695,85.980003
2023-07-07,XLK,83.827469,85.605003
2023-07-10,XLK,84.047813,85.830002
2023-07-11,XLK,84.228958,86.014999
2023-07-12,XLK,85.183716,86.989998
2023-07-13,XLK,86.295143,88.125000
2023-07-14,XLK,86.167847,87.995003
2023-07-17,XLK,87.269485,89.120003
2023-07-18,XLK,88.258522,90.129997
2023-07-19,XLK,88.038193,89.904999
2023-07-20,XLK,86.280464,88.110001
2023-07-21,XLK,86.236397,88.065002
2023-07-24,XLK,86.388191,88.220001
2023-07-25,XLK,87.377197,89.230003
2023-07-26,XLK,86.202133,88.029999
2023-07-27,XLK,85.952431,87.775002
2023-07-28,XLK,87.122589,88.970001
2023-07-31,XLK,87.323357,89.175003
2023-08-01,XLK,87.470230,89.324997
2023-08-02,XLK,85.306129,87.114998
2023-08-03,XLK,84.958488,86.760002
2023-08-04,XLK,83.803001,85.580002
2023-08-07,XLK,84.038002,85.820000
2023-08-08,XLK,83.391708,85.160004
2023-08-09,XLK,82.314545,84.059998
2023-08-10,XLK,82.324348,84.070000
2023-08-11,XLK,81.717216,83.449997
2023-08-14,XLK,83.019608,84.779999
2023-08-15,XLK,82.201950,83.945000
2023-08-16,XLK,81.418549,83.144997
2023-08-17,XLK,80.644951,82.355003
2023-08-18,XLK,80.767365,82.480003
2023-08-21,XLK,82.309677,84.055000
2023-08-22,XLK,82.216637,83.959999
2023-08-23,XLK,83.700165,85.474998
2023-08-24,XLK,81.771080,83.504997
2023-08-25,XLK,82.603439,84.355003
2023-08-28,XLK,83.279091,85.044998
2023-08-29,XLK,84.948700,86.750000
2023-08-30,XLK,85.590103,87.404999
2023-08-31,XLK,86.006271,87.830002
2023-09-01,XLK,86.270668,88.099998
2023-09-05,XLK,86.579117,88.415001
2023-09-06,XLK,85.663559,87.480003
2023-09-07,XLK,84.424805,86.214996
2023-09-08,XLK,84.601082,86.394997
2023-09-11,XLK,85.041740,86.845001
2023-09-12,XLK,83.499435,85.269997
2023-09-13,XLK,83.709953,85.485001
2023-09-14,XLK,84.317093,86.105003
2023-09-15,XLK,82.696442,84.449997
2023-09-18,XLK,83.093895,84.675003
2023-09-19,XLK,83.049736,84.629997
2023-09-20,XLK,81.744568,83.300003
2023-09-21,XLK,80.498291,82.029999
2023-09-22,XLK,80.670029,82.205002
2023-09-25,XLK,80.930069,82.470001
2023-09-26,XLK,79.472794,80.985001
2023-09-27,XLK,79.595459,81.110001
2023-09-28,XLK,80.159721,81.684998
2023-09-29,XLK,80.434502,81.964996
2023-10-02,XLK,81.298050,82.845001
2023-10-03,XLK,79.919296,81.440002
2023-10-04,XLK,80.915344,82.455002
2023-10-05,XLK,81.023300,82.565002
2023-10-06,XLK,82.539444,84.110001
2023-10-09,XLK,82.966331,84.544998
2023-10-10,XLK,83.093895,84.675003
2023-10-11,XLK,83.864250,85.459999
2023-10-12,XLK,83.942757,85.540001
2023-10-13,XLK,82.740616,84.315002
2023-10-16,XLK,83.535500,85.125000
2023-10-17,XLK,83.147888,84.730003
2023-10-18,XLK,82.294121,83.860001
2023-10-19,XLK,81.823082,83.379997
2023-10-20,XLK,80.439415,81.970001
2023-10-23,XLK,80.532646,82.065002
2023-10-24,XLK,81.087082,82.629997
2023-10-25,XLK,80.130287,81.654999
2023-10-26,XLK,78.599426,80.095001
2023-10-27,XLK,79.055740,80.559998
2023-10-30,XLK,79.904579,81.425003
2023-10-31,XLK,80.473740,82.004997
2023-11-01,XLK,82.029144,83.589996
2023-11-02,XLK,83.417732,85.004997
2023-11-03,XLK,84.276398,85.879997
2023-11-06,XLK,84.830856,86.445000
2023-11-07,XLK,85.758194,87.389999
2023-11-08,XLK,86.243958,87.885002
2023-11-09,XLK,85.841614,87.474998
2023-11-10,XLK,88.083954,89.760002
2023-11-13,XLK,87.568748,89.235001
2023-11-14,XLK,89.320412,91.019997
2023-11-15,XLK,89.433273,91.135002
2023-11-16,XLK,89.879791,91.589996
2023-11-17,XLK,89.693329,91.400002
2023-11-20,XLK,90.993591,92.724998
2023-11-21,XLK,90.257591,91.974998
2023-11-22,XLK,90.659935,92.385002
2023-11-24,XLK,90.483292,92.205002
2023-11-27,XLK,90.478386,92.199997
2023-11-28,XLK,90.650131,92.375000
2023-11-29,XLK,90.718811,92.445000
2023-11-30,XLK,90.851288,92.580002
2023-12-01,XLK,91.057365,92.790001
2023-12-04,XLK,89.948479,91.660004
2023-12-05,XLK,90.488190,92.209999
2023-12-06,XLK,89.722755,91.430000
2023-12-07,XLK,90.812050,92.540001
2023-12-08,XLK,91.587288,93.330002
2023-12-11,XLK,92.387054,94.144997
2023-12-12,XLK,93.000397,94.769997
2023-12-13,XLK,93.819809,95.605003
2023-12-14,XLK,93.589188,95.370003
2023-12-15,XLK,94.060242,95.849998
2023-12-18,XLK,94.341515,95.925003
2023-12-19,XLK,94.700478,96.290001
2023-12-20,XLK,93.269501,94.834999
2023-12-21,XLK,94.316925,95.900002
2023-12-22,XLK,94.439857,96.025002
2023-12-26,XLK,94.833267,96.425003
2023-12-27,XLK,94.828354,96.419998
2023-12-28,XLK,94.941437,96.535004
2023-12-29,XLK,94.651314,96.239998
2024-01-02,XLK,92.172920,93.720001
2024-01-03,XLK,91.233673,92.764999
2024-01-04,XLK,90.564903,92.084999
2024-01-05,XLK,90.540329,92.059998
2024-01-08,XLK,92.812187,94.370003
2024-01-09,XLK,92.959694,94.519997
2024-01-10,XLK,93.751411,95.324997
2024-01-11,XLK,94.228401,95.809998
2024-01-12,XLK,94.533295,96.120003
2024-01-16,XLK,94.769341,96.360001
2024-01-17,XLK,94.302170,95.885002
2024-01-18,XLK,96.215073,97.830002
2024-01-19,XLK,98.432838,100.084999
2024-01-22,XLK,98.865578,100.525002
2024-01-23,XLK,99.263885,100.930000
2024-01-24,XLK,99.947418,101.625000
2024-01-25,XLK,100.365410,102.050003
2024-01-26,XLK,99.209793,100.875000
2024-01-29,XLK,100.119530,101.800003
2024-01-30,XLK,99.293404,100.959999
2024-01-31,XLK,97.208382,98.839996
2024-02-01,XLK,98.432838,100.084999
2024-02-02,XLK,99.450760,101.120003
2024-02-05,XLK,99.676964,101.349998
2024-02-06,XLK,99.219635,100.885002
2024-02-07,XLK,100.532600,102.220001
2024-02-08,XLK,100.847313,102.540001
2024-02-09,XLK,102.204521,103.919998
2024-02-12,XLK,101.427567,103.129997
2024-02-13,XLK,99.706459,101.379997
2024-02-14,XLK,100.748970,102.440002
2024-02-15,XLK,100.537521,102.224998
2024-02-16,XLK,99.613037,101.285004
2024-02-20,XLK,98.600037,100.254997
2024-02-21,XLK,97.980431,99.625000
2024-02-22,XLK,101.186623,102.885002
2024-02-23,XLK,100.950569,102.644997
2024-02-26,XLK,101.048927,102.745003
2024-02-27,XLK,101.137444,102.834999
2024-02-28,XLK,100.660461,102.349998
2024-02-29,XLK,101.781624,103.489998
2024-03-01,XLK,103.640427,105.379997
2024-03-04,XLK,103.640427,105.379997
2024-03-05,XLK,101.093201,102.790001
2024-03-06,XLK,101.894737,103.605003
2024-03-07,XLK,103.502754,105.239998
2024-03-08,XLK,101.963577,103.675003
2024-03-11,XLK,101.683296,103.389999
2024-03-12,XLK,103.768288,105.510002
2024-03-13,XLK,102.647110,104.370003
2024-03-14,XLK,102.666771,104.389999
2024-03-15,XLK,101.117775,102.815002
2024-03-18,XLK,101.614769,103.150002
2024-03-19,XLK,102.141808,103.684998
2024-03-20,XLK,103.284538,104.845001
2024-03-21,XLK,103.358429,104.919998
2024-03-22,XLK,103.392906,104.955002
2024-03-25,XLK,102.708260,104.260002
2024-03-26,XLK,102.284645,103.830002
2024-03-27,XLK,102.806763,104.360001
2024-03-28,XLK,102.585114,104.135002
2024-04-01,XLK,102.870789,104.425003
2024-04-02,XLK,101.880745,103.419998
2024-04-03,XLK,102.151665,103.695000
2024-04-04,XLK,100.536057,102.055000
2024-04-05,XLK,101.688667,103.224998
2024-04-08,XLK,101.570435,103.105003
2024-04-09,XLK,102.082695,103.625000
2024-04-10,XLK,100.831612,102.355003
2024-04-11,XLK,102.846161,104.400002
2024-04-12,XLK,101.181305,102.709999
2024-04-15,XLK,99.260345,100.760002
2024-04-16,XLK,99.378555,100.879997
2024-04-17,XLK,97.945221,99.425003
2024-04-18,XLK,96.827095,98.290001
2024-04-19,XLK,94.832230,96.264999
2024-04-22,XLK,95.679443,97.125000
2024-04-23,XLK,97.098022,98.565002
2024-04-24,XLK,97.541313,99.014999
2024-04-25,XLK,97.329514,98.800003
2024-04-26,XLK,98.427910,99.915001
2024-04-29,XLK,98.851517,100.345001
2024-04-30,XLK,96.674416,98.135002
2024-05-01,XLK,95.684357,97.129997
2024-05-02,XLK,97.063530,98.529999
2024-05-03,XLK,99.767677,101.275002
2024-05-06,XLK,100.939957,102.464996
2024-05-07,XLK,100.609955,102.129997
2024-05-08,XLK,100.895638,102.419998
2024-05-09,XLK,100.866074,102.389999
2024-05-10,XLK,101.240425,102.769997
2024-05-13,XLK,101.718216,103.254997
2024-05-14,XLK,102.619576,104.169998
2024-05-15,XLK,104.929688,106.514999
2024-05-16,XLK,104.565178,106.144997
2024-05-17,XLK,104.333687,105.910004
2024-05-20,XLK,105.560158,107.154999
2024-05-21,XLK,105.732567,107.330002
2024-05-22,XLK,105.969002,107.570000
2024-05-23,XLK,105.107025,106.695000
2024-05-24,XLK,105.993614,107.595001
2024-05-28,XLK,106.441849,108.050003
2024-05-29,XLK,105.767036,107.364998
2024-05-30,XLK,103.353500,104.915001
2024-05-31,XLK,103.516052,105.080002
2023-05-01,XLV,126.633507,134.220001
2023-05-02,XLV,126.086273,133.639999
2023-05-03,XLV,125.916496,133.460007
2023-05-04,XLV,124.916389,132.399994
2023-05-05,XLV,126.039116,133.589996
2023-05-08,XLV,125.765518,133.300003
2023-05-09,XLV,124.925850,132.410004
2023-05-10,XLV,125.274910,132.779999
2023-05-11,XLV,124.888077,132.369995
2023-05-12,XLV,124.718246,132.190002
2023-05-15,XLV,124.501259,131.960007
2023-05-16,XLV,123.463425,130.860001
2023-05-17,XLV,123.614372,131.020004
2023-05-18,XLV,123.312469,130.699997
2023-05-19,XLV,123.887985,131.309998
2023-05-22,XLV,124.010635,131.440002
2023-05-23,XLV,122.652046,130.000000
2023-05-24,XLV,121.812317,129.110001
2023-05-25,XLV,120.566956,127.790001
2023-05-26,XLV,120.321632,127.529999
2023-05-30,XLV,119.576317,126.739998
2023-05-31,XLV,120.604698,127.830002
2023-06-01,XLV,121.397224,128.669998
2023-06-02,XLV,122.953964,130.320007
2023-06-05,XLV,123.397377,130.789993
2023-06-06,XLV,122.368973,129.699997
2023-06-07,XLV,121.887825,129.190002
2023-06-08,XLV,122.670906,130.020004
2023-06-09,XLV,123.048286,130.419998
2023-06-12,XLV,123.491730,130.889999
2023-06-13,XLV,124.114433,131.550003
2023-06-14,XLV,122.840721,130.199997
2023-06-15,XLV,124.746544,132.220001
2023-06-16,XLV,124.737137,132.210007
2023-06-20,XLV,124.596893,131.520004
2023-06-21,XLV,124.615852,131.539993
2023-06-22,XLV,125.468491,132.440002
2023-06-23,XLV,125.051643,132.000000
2023-06-26,XLV,124.341125,131.250000
2023-06-27,XLV,124.056908,130.949997
2023-06-28,XLV,123.659042,130.529999
2023-06-29,XLV,124.464310,131.380005
2023-06-30,XLV,125.743210,132.729996
2023-07-03,XLV,124.710587,131.639999
2023-07-05,XLV,124.644279,131.570007
2023-07-06,XLV,123.649559,130.520004
2023-07-07,XLV,122.209564,129.000000
2023-07-10,XLV,123.175896,130.020004
2023-07-11,XLV,123.204285,130.050003
2023-07-12,XLV,122.872704,129.699997
2023-07-13,XLV,122.920082,129.750000
2023-07-14,XLV,124.767441,131.699997
2023-07-17,XLV,124.199013,131.100006
2023-07-18,XLV,125.117973,132.070007
2023-07-19,XLV,125.695854,132.679993
2023-07-20,XLV,127.780060,134.880005
2023-07-21,XLV,129.068466,136.240005
2023-07-24,XLV,128.784241,135.940002
2023-07-25,XLV,128.727448,135.880005
2023-07-26,XLV,128.642136,135.789993
2023-07-27,XLV,127.694778,134.789993
2023-07-28,XLV,128.073730,135.190002
2023-07-31,XLV,127.088478,134.149994
2023-08-01,XLV,126.425316,133.449997
2023-08-02,XLV,126.510582,133.539993
2023-08-03,XLV,125.875847,132.869995
2023-08-04,XLV,125.430595,132.399994
2023-08-07,XLV,126.880051,133.929993
2023-08-08,XLV,127.855858,134.960007
2023-08-09,XLV,127.817940,134.919998
2023-08-10,XLV,127.732674,134.830002
2023-08-11,XLV,128.528473,135.669998
2023-08-14,XLV,128.916855,136.080002
2023-08-15,XLV,128.443176,135.580002
2023-08-16,XLV,127.467430,134.550003
2023-08-17,XLV,126.453728,133.479996
2023-08-18,XLV,126.501106,133.529999
2023-08-21,XLV,126.633720,133.669998
2023-08-22,XLV,126.188484,133.199997
2023-08-23,XLV,126.567413,133.600006
2023-08-24,XLV,125.468491,132.440002
2023-08-25,XLV,126.387444,133.410004
2023-08-28,XLV,126.681107,133.720001
2023-08-29,XLV,127.817940,134.919998
2023-08-30,XLV,127.723221,134.820007
2023-08-31,XLV,126.197960,133.210007
2023-09-01,XLV,126.539024,133.570007
2023-09-05,XLV,125.231659,132.190002
2023-09-06,XLV,124.549545,131.470001
2023-09-07,XLV,125.108498,132.059998
2023-09-08,XLV,125.108498,132.059998
2023-09-11,XLV,125.970596,132.970001
2023-09-12,XLV,125.809547,132.800003
2023-09-13,XLV,125.828484,132.820007
2023-09-14,XLV,126.226349,133.240005
2023-09-15,XLV,125.231659,132.190002
2023-09-18,XLV,125.041389,131.449997
2023-09-19,XLV,125.146034,131.559998
2023-09-20,XLV,125.155533,131.570007
2023-09-21,XLV,124.061607,130.419998
2023-09-22,XLV,123.804771,130.149994
2023-09-25,XLV,124.480156,130.860001
2023-09-26,XLV,123.424263,129.750000
2023-09-27,XLV,122.805962,129.100006
2023-09-28,XLV,123.395744,129.720001
2023-09-29,XLV,122.463531,128.740005
2023-10-02,XLV,122.292290,128.559998
2023-10-03,XLV,121.207878,127.419998
2023-10-04,XLV,121.721542,127.959999
2023-10-05,XLV,122.387421,128.660004
2023-10-06,XLV,123.671585,130.009995
2023-10-09,XLV,124.099670,130.460007
2023-10-10,XLV,124.689423,131.080002
2023-10-11,XLV,124.137718,130.500000
2023-10-12,XLV,123.072319,129.380005
2023-10-13,XLV,123.842827,130.190002
2023-10-16,XLV,124.775055,131.169998
2023-10-17,XLV,124.603836,130.990005
2023-10-18,XLV,123.519424,129.850006
2023-10-19,XLV,122.301819,128.570007
2023-10-20,XLV,121.816673,128.059998
2023-10-23,XLV,121.055672,127.260002
2023-10-24,XLV,121.426659,127.650002
2023-10-25,XLV,120.342232,126.510002
2023-10-26,XLV,119.153168,125.260002
2023-10-27,XLV,117.136536,123.139999
2023-10-30,XLV,117.792892,123.830002
2023-10-31,XLV,118.468277,124.540001
2023-11-01,XLV,118.715591,124.800003
2023-11-02,XLV,120.599068,126.779999
2023-11-03,XLV,121.198364,127.410004
2023-11-06,XLV,122.006920,128.259995
2023-11-07,XLV,122.092529,128.350006
2023-11-08,XLV,121.921303,128.169998
2023-11-09,XLV,119.400497,125.519997
2023-11-10,XLV,120.113945,126.269997
2023-11-13,XLV,120.808350,127.000000
2023-11-14,XLV,121.626411,127.860001
2023-11-15,XLV,121.721542,127.959999
2023-11-16,XLV,122.244736,128.509995
2023-11-17,XLV,121.997406,128.250000
2023-11-20,XLV,122.739380,129.029999
2023-11-21,XLV,123.481339,129.809998
2023-11-22,XLV,124.071121,130.429993
2023-11-24,XLV,124.737022,131.130005
2023-11-27,XLV,123.956970,130.309998
2023-11-28,XLV,123.319649,129.639999
2023-11-29,XLV,123.357681,129.679993
2023-11-30,XLV,124.908203,131.309998
2023-12-01,XLV,125.402870,131.830002
2023-12-04,XLV,125.640694,132.080002
2023-12-05,XLV,125.478966,131.910004
2023-12-06,XLV,125.574066,132.009995
2023-12-07,XLV,125.421890,131.850006
2023-12-08,XLV,125.631195,132.070007
2023-12-11,XLV,126.458755,132.940002
2023-12-12,XLV,127.000969,133.509995
2023-12-13,XLV,129.341049,135.970001
2023-12-14,XLV,128.713211,135.309998
2023-12-15,XLV,127.619301,134.160004
2023-12-18,XLV,127.827560,133.779999
2023-12-19,XLV,128.687546,134.679993
2023-12-20,XLV,126.824265,132.729996
2023-12-21,XLV,128.372192,134.350006
2023-12-22,XLV,129.012390,135.020004
2023-12-26,XLV,129.299057,135.320007
2023-12-27,XLV,129.843719,135.889999
2023-12-28,XLV,130.178116,136.240005
2023-12-29,XLV,130.311890,136.380005
2024-01-02,XLV,132.605087,138.779999
2024-01-03,XLV,132.385345,138.550003
2024-01-04,XLV,133.044632,139.240005
2024-01-05,XLV,132.929977,139.119995
2024-01-08,XLV,134.105270,140.350006
2024-01-09,XLV,134.086136,140.330002
2024-01-10,XLV,134.697678,140.970001
2024-01-11,XLV,134.602112,140.869995
2024-01-12,XLV,134.267654,140.520004
2024-01-16,XLV,133.465027,139.679993
2024-01-17,XLV,133.197495,139.399994
2024-01-18,XLV,133.178406,139.380005
2024-01-19,XLV,133.254837,139.460007
2024-01-22,XLV,133.837723,140.070007
2024-01-23,XLV,133.742126,139.970001
2024-01-24,XLV,132.519104,138.690002
2024-01-25,XLV,132.318451,138.479996
2024-01-26,XLV,133.073303,139.270004
2024-01-29,XLV,134.009689,140.250000
2024-01-30,XLV,134.315475,140.570007
2024-01-31,XLV,134.133911,140.380005
2024-02-01,XLV,135.872925,142.199997
2024-02-02,XLV,135.672287,141.990005
2024-02-05,XLV,136.092682,142.429993
2024-02-06,XLV,137.573700,143.979996
2024-02-07,XLV,137.946396,144.369995
2024-02-08,XLV,137.707474,144.119995
2024-02-09,XLV,137.602402,144.009995
2024-02-12,XLV,137.783936,144.199997
2024-02-13,XLV,136.503571,142.860001
2024-02-14,XLV,137.688416,144.100006
2024-02-15,XLV,138.691666,145.149994
2024-02-16,XLV,139.140762,145.619995
2024-02-20,XLV,138.672577,145.130005
2024-02-21,XLV,138.978317,145.449997
2024-02-22,XLV,140.612228,147.160004
2024-02-23,XLV,141.281067,147.860001
2024-02-26,XLV,140.554916,147.100006
2024-02-27,XLV,140.210907,146.740005
2024-02-28,XLV,139.513397,146.009995
2024-02-29,XLV,138.376343,144.820007
2024-03-01,XLV,139.828705,146.339996
2024-03-04,XLV,139.618515,146.119995
2024-03-05,XLV,138.577011,145.029999
2024-03-06,XLV,139.522980,146.020004
2024-03-07,XLV,140.172699,146.699997
2024-03-08,XLV,139.914734,146.429993
2024-03-11,XLV,139.838272,146.350006
2024-03-12,XLV,140.488022,147.029999
2024-03-13,XLV,139.943375,146.460007
2024-03-14,XLV,139.446518,145.940002
2024-03-15,XLV,138.892319,145.360001
2024-03-18,XLV,138.876022,144.820007
2024-03-19,XLV,139.796600,145.779999
2024-03-20,XLV,139.480148,145.449997
2024-03-21,XLV,139.662369,145.639999
2024-03-22,XLV,139.470596,145.440002
2024-03-25,XLV,139.278778,145.240005
2024-03-26,XLV,139.787033,145.770004
2024-03-27,XLV,141.647400,147.710007
2024-03-28,XLV,141.666580,147.729996
2024-04-01,XLV,140.458298,146.470001
2024-04-02,XLV,138.271881,144.190002
2024-04-03,XLV,138.118439,144.029999
2024-04-04,XLV,136.123840,141.949997
2024-04-05,XLV,137.341721,143.220001
2024-04-08,XLV,136.900589,142.759995
2024-04-09,XLV,137.389664,143.270004
2024-04-10,XLV,135.778580,141.589996
2024-04-11,XLV,135.222397,141.009995
2024-04-12,XLV,133.208603,138.910004
2024-04-15,XLV,132.940094,138.630005
2024-04-16,XLV,132.988037,138.679993
2024-04-17,XLV,132.757889,138.440002
2024-04-18,XLV,132.748276,138.429993
2024-04-19,XLV,133.246948,138.949997
2024-04-22,XLV,133.755219,139.479996
2024-04-23,XLV,135.500488,141.300003
2024-04-24,XLV,135.078552,140.860001
2024-04-25,XLV,134.177124,139.919998
2024-04-26,XLV,134.215530,139.960007
2024-04-29,XLV,134.666199,140.429993
2024-04-30,XLV,134.570312,140.330002
2024-05-01,XLV,134.810043,140.580002
2024-05-02,XLV,134.714157,140.479996
2024-05-03,XLV,135.049789,140.830002
2024-05-06,XLV,135.596420,141.399994
2024-05-07,XLV,136.718399,142.570007
2024-05-08,XLV,136.248505,142.080002
2024-05-09,XLV,137.418396,143.300003
2024-05-10,XLV,137.696518,143.589996
2024-05-13,XLV,137.562271,143.449997
2024-05-14,XLV,138.147217,144.059998
2024-05-15,XLV,140.199402,146.199997
2024-05-16,XLV,140.036362,146.029999
2024-05-17,XLV,140.304855,146.309998
2024-05-20,XLV,140.007584,146.000000
2024-05-21,XLV,140.247345,146.250000
2024-05-22,XLV,140.496658,146.509995
2024-05-23,XLV,138.962357,144.910004
2024-05-24,XLV,138.492462,144.419998
2024-05-28,XLV,136.814255,142.669998
2024-05-29,XLV,135.749832,141.559998
2024-05-30,XLV,135.816956,141.630005
2024-05-31,XLV,137.801987,143.699997
2023-05-01,XYZ,60.220001,60.220001
2023-05-02,XYZ,57.759998,57.759998
2023-05-03,XYZ,59.320000,59.320000
2023-05-04,XYZ,60.430000,60.430000
2023-05-05,XYZ,59.250000,59.250000
2023-05-08,XYZ,58.799999,58.799999
2023-05-09,XYZ,59.320000,59.320000
2023-05-10,XYZ,57.529999,57.529999
2023-05-11,XYZ,57.310001,57.310001
2023-05-12,XYZ,55.560001,55.560001
2023-05-15,XYZ,56.869999,56.869999
2023-05-16,XYZ,55.540001,55.540001
2023-05-17,XYZ,57.759998,57.759998
2023-05-18,XYZ,59.520000,59.520000
2023-05-19,XYZ,58.650002,58.650002
2023-05-22,XYZ,60.619999,60.619999
2023-05-23,XYZ,61.560001,61.560001
2023-05-24,XYZ,61.860001,61.860001
2023-05-25,XYZ,59.299999,59.299999
2023-05-26,XYZ,59.000000,59.000000
2023-05-30,XYZ,58.840000,58.840000
2023-05-31,XYZ,60.389999,60.389999
2023-06-01,XYZ,61.500000,61.500000
2023-06-02,XYZ,63.459999,63.459999
2023-06-05,XYZ,63.540001,63.540001
2023-06-06,XYZ,65.980003,65.980003
2023-06-07,XYZ,66.239998,66.239998
2023-06-08,XYZ,65.089996,65.089996
2023-06-09,XYZ,64.940002,64.940002
2023-06-12,XYZ,64.199997,64.199997
2023-06-13,XYZ,65.519997,65.519997
2023-06-14,XYZ,63.689999,63.689999
2023-06-15,XYZ,66.190002,66.190002
2023-06-16,XYZ,66.510002,66.510002
2023-06-20,XYZ,66.800003,66.800003
2023-06-21,XYZ,65.459999,65.459999
2023-06-22,XYZ,64.110001,64.110001
2023-06-23,XYZ,62.860001,62.860001
2023-06-26,XYZ,61.750000,61.750000
2023-06-27,XYZ,63.930000,63.930000
2023-06-28,XYZ,64.769997,64.769997
2023-06-29,XYZ,64.389999,64.389999
2023-06-30,XYZ,66.570000,66.570000
2023-07-03,XYZ,66.199997,66.199997
2023-07-05,XYZ,68.970001,68.970001
2023-07-06,XYZ,64.610001,64.610001
2023-07-07,XYZ,67.269997,67.269997
2023-07-10,XYZ,69.059998,69.059998
2023-07-11,XYZ,71.099998,71.099998
2023-07-12,XYZ,71.220001,71.220001
2023-07-13,XYZ,76.199997,76.199997
2023-07-14,XYZ,75.459999,75.459999
2023-07-17,XYZ,78.059998,78.059998
2023-07-18,XYZ,79.029999,79.029999
2023-07-19,XYZ,78.190002,78.190002
2023-07-20,XYZ,76.169998,76.169998
2023-07-21,XYZ,76.120003,76.120003
2023-07-24,XYZ,77.139999,77.139999
2023-07-25,XYZ,76.870003,76.870003
2023-07-26,XYZ,77.410004,77.410004
2023-07-27,XYZ,75.769997,75.769997
2023-07-28,XYZ,78.360001,78.360001
2023-07-31,XYZ,80.529999,80.529999
2023-08-01,XYZ,78.760002,78.760002
2023-08-02,XYZ,74.489998,74.489998
2023-08-03,XYZ,73.550003,73.550003
2023-08-04,XYZ,63.520000,63.520000
2023-08-07,XYZ,64.010002,64.010002
2023-08-08,XYZ,62.380001,62.380001
2023-08-09,XYZ,62.709999,62.709999
2023-08-10,XYZ,62.240002,62.240002
2023-08-11,XYZ,60.570000,60.570000
2023-08-14,XYZ,60.150002,60.150002
2023-08-15,XYZ,58.360001,58.360001
2023-08-16,XYZ,57.490002,57.490002
2023-08-17,XYZ,56.099998,56.099998
2023-08-18,XYZ,56.880001,56.880001
2023-08-21,XYZ,57.560001,57.560001
2023-08-22,XYZ,56.070000,56.070000
2023-08-23,XYZ,57.220001,57.220001
2023-08-24,XYZ,55.630001,55.630001
2023-08-25,XYZ,55.860001,55.860001
2023-08-28,XYZ,55.869999,55.869999
2023-08-29,XYZ,57.759998,57.759998
2023-08-30,XYZ,57.720001,57.720001
2023-08-31,XYZ,57.650002,57.650002
2023-09-01,XYZ,58.169998,58.169998
2023-09-05,XYZ,58.740002,58.740002
2023-09-06,XYZ,57.639999,57.639999
2023-09-07,XYZ,56.040001,56.040001
2023-09-08,XYZ,53.080002,53.080002
2023-09-11,XYZ,53.939999,53.939999
2023-09-12,XYZ,54.330002,54.330002
2023-09-13,XYZ,54.150002,54.150002
2023-09-14,XYZ,53.849998,53.849998
2023-09-15,XYZ,52.830002,52.830002
2023-09-18,XYZ,51.250000,51.250000
2023-09-19,XYZ,49.799999,49.799999
2023-09-20,XYZ,47.570000,47.570000
2023-09-21,XYZ,45.619999,45.619999
2023-09-22,XYZ,44.709999,44.709999
2023-09-25,XYZ,45.590000,45.590000
2023-09-26,XYZ,44.810001,44.810001
2023-09-27,XYZ,44.139999,44.139999
2023-09-28,XYZ,44.349998,44.349998
2023-09-29,XYZ,44.259998,44.259998
2023-10-02,XYZ,43.189999,43.189999
2023-10-03,XYZ,41.900002,41.900002
2023-10-04,XYZ,41.900002,41.900002
2023-10-05,XYZ,42.639999,42.639999
2023-10-06,XYZ,43.830002,43.830002
2023-10-09,XYZ,43.709999,43.709999
2023-10-10,XYZ,46.000000,46.000000
2023-10-11,XYZ,46.689999,46.689999
2023-10-12,XYZ,45.450001,45.450001
2023-10-13,XYZ,43.169998,43.169998
2023-10-16,XYZ,44.759998,44.759998
2023-10-17,XYZ,45.900002,45.900002
2023-10-18,XYZ,44.580002,44.580002
2023-10-19,XYZ,44.169998,44.169998
2023-10-20,XYZ,43.980000,43.980000
2023-10-23,XYZ,43.900002,43.900002
2023-10-24,XYZ,45.349998,45.349998
2023-10-25,XYZ,41.720001,41.720001
2023-10-26,XYZ,41.680000,41.680000
2023-10-27,XYZ,40.020000,40.020000
2023-10-30,XYZ,39.220001,39.220001
2023-10-31,XYZ,40.250000,40.250000
2023-11-01,XYZ,40.959999,40.959999
2023-11-02,XYZ,43.980000,43.980000
2023-11-03,XYZ,48.680000,48.680000
2023-11-06,XYZ,49.520000,49.520000
2023-11-07,XYZ,51.049999,51.049999
2023-11-08,XYZ,52.270000,52.270000
2023-11-09,XYZ,51.049999,51.049999
2023-11-10,XYZ,51.500000,51.500000
2023-11-13,XYZ,52.020000,52.020000
2023-11-14,XYZ,55.099998,55.099998
2023-11-15,XYZ,56.299999,56.299999
2023-11-16,XYZ,56.279999,56.279999
2023-11-17,XYZ,58.189999,58.189999
2023-11-20,XYZ,59.270000,59.270000
2023-11-21,XYZ,58.669998,58.669998
2023-11-22,XYZ,59.020000,59.020000
2023-11-24,XYZ,59.650002,59.650002
2023-11-27,XYZ,60.310001,60.310001
2023-11-28,XYZ,63.340000,63.340000
2023-11-29,XYZ,63.730000,63.730000
2023-11-30,XYZ,63.430000,63.430000
2023-12-01,XYZ,65.040001,65.040001
2023-12-04,XYZ,65.000000,65.000000
2023-12-05,XYZ,64.889999,64.889999
2023-12-06,XYZ,68.000000,68.000000
2023-12-07,XYZ,68.470001,68.470001
2023-12-08,XYZ,69.169998,69.169998
2023-12-11,XYZ,68.559998,68.559998
2023-12-12,XYZ,69.570000,69.570000
2023-12-13,XYZ,70.059998,70.059998
2023-12-14,XYZ,74.760002,74.760002
2023-12-15,XYZ,74.209999,74.209999
2023-12-18,XYZ,73.879997,73.879997
2023-12-19,XYZ,77.309998,77.309998
2023-12-20,XYZ,76.110001,76.110001
2023-12-21,XYZ,76.900002,76.900002
2023-12-22,XYZ,77.139999,77.139999
2023-12-26,XYZ,78.180000,78.180000
2023-12-27,XYZ,79.599998,79.599998
2023-12-28,XYZ,79.510002,79.510002
2023-12-29,XYZ,77.349998,77.349998
2024-01-02,XYZ,72.220001,72.220001
2024-01-03,XYZ,68.629997,68.629997
2024-01-04,XYZ,68.150002,68.150002
2024-01-05,XYZ,66.959999,66.959999
2024-01-08,XYZ,69.309998,69.309998
2024-01-09,XYZ,69.529999,69.529999
2024-01-10,XYZ,67.900002,67.900002
2024-01-11,XYZ,67.870003,67.870003
2024-01-12,XYZ,66.480003,66.480003
2024-01-16,XYZ,65.160004,65.160004
2024-01-17,XYZ,63.900002,63.900002
2024-01-18,XYZ,64.470001,64.470001
2024-01-19,XYZ,65.849998,65.849998
2024-01-22,XYZ,66.690002,66.690002
2024-01-23,XYZ,66.199997,66.199997
2024-01-24,XYZ,62.570000,62.570000
2024-01-25,XYZ,62.709999,62.709999
2024-01-26,XYZ,64.970001,64.970001
2024-01-29,XYZ,68.980003,68.980003
2024-01-30,XYZ,68.220001,68.220001
2024-01-31,XYZ,65.010002,65.010002
2024-02-01,XYZ,66.669998,66.669998
2024-02-02,XYZ,67.879997,67.879997
2024-02-05,XYZ,65.849998,65.849998
2024-02-06,XYZ,67.000000,67.000000
2024-02-07,XYZ,68.309998,68.309998
2024-02-08,XYZ,68.830002,68.830002
2024-02-09,XYZ,66.879997,66.879997
2024-02-12,XYZ,68.839996,68.839996
2024-02-13,XYZ,64.980003,64.980003
2024-02-14,XYZ,67.410004,67.410004
2024-02-15,XYZ,69.480003,69.480003
2024-02-16,XYZ,65.639999,65.639999
2024-02-20,XYZ,65.730003,65.730003
2024-02-21,XYZ,64.470001,64.470001
2024-02-22,XYZ,67.959999,67.959999
2024-02-23,XYZ,78.919998,78.919998
2024-02-26,XYZ,74.660004,74.660004
2024-02-27,XYZ,77.709999,77.709999
2024-02-28,XYZ,78.419998,78.419998
2024-02-29,XYZ,79.470001,79.470001
2024-03-01,XYZ,79.250000,79.250000
2024-03-04,XYZ,77.000000,77.000000
2024-03-05,XYZ,74.430000,74.430000
2024-03-06,XYZ,75.529999,75.529999
2024-03-07,XYZ,77.220001,77.220001
2024-03-08,XYZ,80.739998,80.739998
2024-03-11,XYZ,81.529999,81.529999
2024-03-12,XYZ,81.709999,81.709999
2024-03-13,XYZ,85.720001,85.720001
2024-03-14,XYZ,81.239998,81.239998
2024-03-15,XYZ,80.169998,80.169998
2024-03-18,XYZ,80.860001,80.860001
2024-03-19,XYZ,79.320000,79.320000
2024-03-20,XYZ,81.459999,81.459999
2024-03-21,XYZ,84.050003,84.050003
2024-03-22,XYZ,80.769997,80.769997
2024-03-25,XYZ,82.620003,82.620003
2024-03-26,XYZ,83.800003,83.800003
2024-03-27,XYZ,83.180000,83.180000
2024-03-28,XYZ,84.580002,84.580002
2024-04-01,XYZ,81.459999,81.459999
2024-04-02,XYZ,79.209999,79.209999
2024-04-03,XYZ,79.650002,79.650002
2024-04-04,XYZ,74.730003,74.730003
2024-04-05,XYZ,77.169998,77.169998
2024-04-08,XYZ,78.349998,78.349998
2024-04-09,XYZ,79.980003,79.980003
2024-04-10,XYZ,78.510002,78.510002
2024-04-11,XYZ,80.059998,80.059998
2024-04-12,XYZ,76.989998,76.989998
2024-04-15,XYZ,73.500000,73.500000
2024-04-16,XYZ,73.139999,73.139999
2024-04-17,XYZ,73.510002,73.510002
2024-04-18,XYZ,72.059998,72.059998
2024-04-19,XYZ,70.419998,70.419998
2024-04-22,XYZ,71.599998,71.599998
2024-04-23,XYZ,75.209999,75.209999
2024-04-24,XYZ,74.029999,74.029999
2024-04-25,XYZ,72.790001,72.790001
2024-04-26,XYZ,74.480003,74.480003
2024-04-29,XYZ,75.309998,75.309998
2024-04-30,XYZ,73.000000,73.000000
2024-05-01,XYZ,66.839996,66.839996
2024-05-02,XYZ,70.300003,70.300003
2024-05-03,XYZ,69.470001,69.470001
2024-05-06,XYZ,73.529999,73.529999
2024-05-07,XYZ,71.599998,71.599998
2024-05-08,XYZ,71.139999,71.139999
2024-05-09,XYZ,73.199997,73.199997
2024-05-10,XYZ,71.309998,71.309998
2024-05-13,XYZ,69.739998,69.739998
2024-05-14,XYZ,71.199997,71.199997
2024-05-15,XYZ,71.519997,71.519997
2024-05-16,XYZ,71.750000,71.750000
2024-05-17,XYZ,72.260002,72.260002
2024-05-20,XYZ,73.540001,73.540001
2024-05-21,XYZ,71.510002,71.510002
2024-05-22,XYZ,67.339996,67.339996
2024-05-23,XYZ,66.620003,66.620003
2024-05-24,XYZ,66.339996,66.339996
2024-05-28,XYZ,66.080002,66.080002
2024-05-29,XYZ,65.559998,65.559998
2024-05-30,XYZ,65.019997,65.019997
2024-05-31,XYZ,64.080002,64.080002
